{
  "type": "FeatureCollection",
  "name": "siret3_route",
  "crs": {
    "type": "name",
    "properties": {
      "name": "EPSG:32635"
    }
  },
  "features": [
    {
      "type": "Feature",
      "properties": {
        "kind": "route",
        "closed": true,
        "length_m": 4293.173,
        "crs_measured": "EPSG:32635",
        "start_tolerance_m": 5.0,
        "start_x": 629504.7,
        "start_y": 5220250.75,
        "role": "farmer"
      },
      "geometry": {
        "type": "LineString",
        "coordinates": [
          [
            629504.7,
            5220250.75
          ],
          [
            629505.3175383668,
            5220249.933943396
          ],
          [
            629505.9350767336,
            5220249.117886793
          ],
          [
            629506.5526151005,
            5220248.30183019
          ],
          [
            629507.1701534672,
            5220247.485773587
          ],
          [
            629508.0972205639,
            5220247.885864927
          ],
          [
            629509.0242876603,
            5220248.285956268
          ],
          [
            629509.951354757,
            5220248.686047608
          ],
          [
            629510.8784218535,
            5220249.086138949
          ],
          [
            629511.8054889499,
            5220249.48623029
          ],
          [
            629512.7325560466,
            5220249.886321629
          ],
          [
            629513.6596231431,
            5220250.28641297
          ],
          [
            629514.5866902395,
            5220250.686504311
          ],
          [
            629515.5137573362,
            5220251.086595652
          ],
          [
            629516.4408244329,
            5220251.4866869915
          ],
          [
            629517.3678915296,
            5220251.886778332
          ],
          [
            629518.294958626,
            5220252.286869672
          ],
          [
            629519.2220257226,
            5220252.686961013
          ],
          [
            629520.1490928192,
            5220253.087052354
          ],
          [
            629521.0761599157,
            5220253.4871436935
          ],
          [
            629522.0032270122,
            5220253.887235034
          ],
          [
            629522.9302941089,
            5220254.287326375
          ],
          [
            629523.8573612053,
            5220254.687417715
          ],
          [
            629524.7844283018,
            5220255.087509056
          ],
          [
            629525.7114953985,
            5220255.487600396
          ],
          [
            629526.6385624949,
            5220255.887691736
          ],
          [
            629527.5656295916,
            5220256.287783077
          ],
          [
            629528.4847472261,
            5220256.684443695
          ],
          [
            629529.4038648603,
            5220257.081104311
          ],
          [
            629530.322982495,
            5220257.477764928
          ],
          [
            629531.2464184338,
            5220257.864419434
          ],
          [
            629532.1666156444,
            5220258.258578524
          ],
          [
            629533.0868128549,
            5220258.652737614
          ],
          [
            629534.0070100654,
            5220259.046896703
          ],
          [
            629534.927207276,
            5220259.441055792
          ],
          [
            629535.8474044865,
            5220259.835214881
          ],
          [
            629536.767601697,
            5220260.229373971
          ],
          [
            629537.6877989075,
            5220260.623533061
          ],
          [
            629538.6079961181,
            5220261.01769215
          ],
          [
            629539.5281933286,
            5220261.411851239
          ],
          [
            629540.4483905392,
            5220261.806010328
          ],
          [
            629541.3685877497,
            5220262.200169418
          ],
          [
            629542.2887849602,
            5220262.594328508
          ],
          [
            629543.2089821708,
            5220262.988487597
          ],
          [
            629544.1291793813,
            5220263.382646686
          ],
          [
            629545.0493765918,
            5220263.776805775
          ],
          [
            629545.9695738023,
            5220264.170964865
          ],
          [
            629546.8897710128,
            5220264.565123955
          ],
          [
            629547.8099682234,
            5220264.959283044
          ],
          [
            629548.730165434,
            5220265.353442133
          ],
          [
            629549.6503626445,
            5220265.747601223
          ],
          [
            629550.570559855,
            5220266.141760312
          ],
          [
            629551.4907570655,
            5220266.535919402
          ],
          [
            629552.4109542761,
            5220266.930078491
          ],
          [
            629553.3311514866,
            5220267.32423758
          ],
          [
            629554.2513486971,
            5220267.71839667
          ],
          [
            629555.1715459076,
            5220268.112555759
          ],
          [
            629556.0917431182,
            5220268.506714849
          ],
          [
            629557.0119403288,
            5220268.900873938
          ],
          [
            629557.9321375393,
            5220269.295033027
          ],
          [
            629558.8523347498,
            5220269.689192117
          ],
          [
            629559.7725319603,
            5220270.083351206
          ],
          [
            629560.6927291709,
            5220270.477510296
          ],
          [
            629561.6129263814,
            5220270.871669385
          ],
          [
            629562.5331235919,
            5220271.265828474
          ],
          [
            629563.4861916846,
            5220271.579909405
          ],
          [
            629564.4392597774,
            5220271.893990335
          ],
          [
            629565.3923278701,
            5220272.208071266
          ],
          [
            629566.3453959626,
            5220272.522152197
          ],
          [
            629567.2984640555,
            5220272.836233127
          ],
          [
            629568.2515321481,
            5220273.150314058
          ],
          [
            629569.2046002407,
            5220273.4643949885
          ],
          [
            629570.1576683336,
            5220273.778475919
          ],
          [
            629571.1107364262,
            5220274.09255685
          ],
          [
            629572.0638045189,
            5220274.40663778
          ],
          [
            629573.0168726115,
            5220274.720718711
          ],
          [
            629573.9699407041,
            5220275.034799641
          ],
          [
            629574.9230087969,
            5220275.348880572
          ],
          [
            629575.8760768895,
            5220275.662961503
          ],
          [
            629576.8291449822,
            5220275.977042433
          ],
          [
            629577.7822130749,
            5220276.291123363
          ],
          [
            629578.7352811676,
            5220276.605204294
          ],
          [
            629579.6883492603,
            5220276.919285225
          ],
          [
            629580.6527997118,
            5220277.193771934
          ],
          [
            629581.6172501633,
            5220277.468258643
          ],
          [
            629582.5817006149,
            5220277.742745351
          ],
          [
            629583.5461510665,
            5220278.01723206
          ],
          [
            629584.5106015181,
            5220278.29171877
          ],
          [
            629585.4750519696,
            5220278.566205478
          ],
          [
            629586.4395024212,
            5220278.840692187
          ],
          [
            629587.4039528727,
            5220279.115178896
          ],
          [
            629588.3684033244,
            5220279.3896656055
          ],
          [
            629589.3328537759,
            5220279.664152314
          ],
          [
            629590.2973042275,
            5220279.938639023
          ],
          [
            629591.261754679,
            5220280.213125732
          ],
          [
            629592.2262051306,
            5220280.487612441
          ],
          [
            629593.1906555821,
            5220280.76209915
          ],
          [
            629594.1551060337,
            5220281.036585858
          ],
          [
            629595.1195564853,
            5220281.3110725675
          ],
          [
            629596.0840069369,
            5220281.585559277
          ],
          [
            629597.0484573884,
            5220281.860045985
          ],
          [
            629598.01290784,
            5220282.134532694
          ],
          [
            629598.9773582915,
            5220282.409019403
          ],
          [
            629599.9418087432,
            5220282.683506113
          ],
          [
            629600.9062591947,
            5220282.957992821
          ],
          [
            629601.8707096463,
            5220283.232479529
          ],
          [
            629602.8351600978,
            5220283.506966239
          ],
          [
            629603.7996105494,
            5220283.781452948
          ],
          [
            629604.7640610009,
            5220284.055939657
          ],
          [
            629605.7285114524,
            5220284.330426365
          ],
          [
            629606.6929619041,
            5220284.6049130745
          ],
          [
            629607.6574123556,
            5220284.879399784
          ],
          [
            629608.6218628072,
            5220285.153886492
          ],
          [
            629609.5863132587,
            5220285.428373201
          ],
          [
            629610.5507637103,
            5220285.70285991
          ],
          [
            629611.5152141618,
            5220285.977346619
          ],
          [
            629612.4796646135,
            5220286.251833328
          ],
          [
            629613.444115065,
            5220286.5263200365
          ],
          [
            629614.4085655166,
            5220286.800806746
          ],
          [
            629615.3829278531,
            5220287.040814365
          ],
          [
            629616.3572901897,
            5220287.280821985
          ],
          [
            629617.3316525263,
            5220287.520829604
          ],
          [
            629618.3060148628,
            5220287.760837223
          ],
          [
            629619.2803771994,
            5220288.000844843
          ],
          [
            629620.254739536,
            5220288.240852462
          ],
          [
            629621.2291018725,
            5220288.4808600815
          ],
          [
            629622.2034642091,
            5220288.720867701
          ],
          [
            629623.1778265457,
            5220288.96087532
          ],
          [
            629624.1521888822,
            5220289.20088294
          ],
          [
            629625.1265512188,
            5220289.440890559
          ],
          [
            629626.1009135554,
            5220289.680898178
          ],
          [
            629627.1068450495,
            5220289.771945003
          ],
          [
            629628.1127765437,
            5220289.8629918285
          ],
          [
            629629.1187080379,
            5220289.9540386535
          ],
          [
            629630.1246395321,
            5220290.045085479
          ],
          [
            629631.1305710262,
            5220290.136132304
          ],
          [
            629632.1365025204,
            5220290.227179129
          ],
          [
            629633.1424340146,
            5220290.318225954
          ],
          [
            629634.1483655088,
            5220290.409272779
          ],
          [
            629635.1542970029,
            5220290.500319604
          ],
          [
            629636.1602284971,
            5220290.591366429
          ],
          [
            629637.1661599913,
            5220290.682413254
          ],
          [
            629638.1720914855,
            5220290.773460079
          ],
          [
            629639.1780229798,
            5220290.864506903
          ],
          [
            629640.1839544739,
            5220290.955553728
          ],
          [
            629641.1898859681,
            5220291.046600553
          ],
          [
            629642.1958174623,
            5220291.137647378
          ],
          [
            629643.2017489565,
            5220291.228694203
          ],
          [
            629644.2076804506,
            5220291.319741028
          ],
          [
            629645.2136119448,
            5220291.410787853
          ],
          [
            629646.219543439,
            5220291.501834678
          ],
          [
            629647.2254749332,
            5220291.5928815035
          ],
          [
            629648.2314064273,
            5220291.683928329
          ],
          [
            629649.2373379215,
            5220291.774975154
          ],
          [
            629650.2432694157,
            5220291.866021979
          ],
          [
            629651.2492009099,
            5220291.957068804
          ],
          [
            629651.7776674202,
            5220291.107744752
          ],
          [
            629652.3061339308,
            5220290.2584207
          ],
          [
            629652.8346004412,
            5220289.409096649
          ],
          [
            629653.3630669515,
            5220288.559772598
          ],
          [
            629653.8915334621,
            5220287.710448545
          ],
          [
            629654.4199999726,
            5220286.861124494
          ],
          [
            629654.9484664829,
            5220286.011800443
          ],
          [
            629655.4769329935,
            5220285.162476391
          ],
          [
            629656.005399504,
            5220284.313152339
          ],
          [
            629656.5338660143,
            5220283.463828288
          ],
          [
            629657.0623325248,
            5220282.614504236
          ],
          [
            629657.5907990353,
            5220281.7651801845
          ],
          [
            629658.1943303096,
            5220280.966809621
          ],
          [
            629658.8240244742,
            5220280.189637208
          ],
          [
            629659.4537186385,
            5220279.4124647975
          ],
          [
            629660.0834128032,
            5220278.635292385
          ],
          [
            629660.7131069675,
            5220277.858119974
          ],
          [
            629661.3428011322,
            5220277.080947562
          ],
          [
            629661.9724952965,
            5220276.30377515
          ],
          [
            629662.6021894611,
            5220275.526602739
          ],
          [
            629663.2318836255,
            5220274.749430327
          ],
          [
            629663.8615777901,
            5220273.972257915
          ],
          [
            629664.4912719544,
            5220273.195085503
          ],
          [
            629665.1209661191,
            5220272.417913091
          ],
          [
            629665.7506602834,
            5220271.64074068
          ],
          [
            629666.3803544481,
            5220270.863568268
          ],
          [
            629667.0100486124,
            5220270.086395856
          ],
          [
            629667.639742777,
            5220269.309223444
          ],
          [
            629668.2694369412,
            5220268.532051032
          ],
          [
            629668.899131106,
            5220267.754878621
          ],
          [
            629669.5288252702,
            5220266.977706209
          ],
          [
            629670.1585194345,
            5220266.200533798
          ],
          [
            629670.7882135992,
            5220265.423361385
          ],
          [
            629671.4179077634,
            5220264.646188974
          ],
          [
            629672.0476019281,
            5220263.869016562
          ],
          [
            629672.6772960924,
            5220263.091844151
          ],
          [
            629673.3069902571,
            5220262.314671738
          ],
          [
            629673.9366844214,
            5220261.537499327
          ],
          [
            629674.5663785861,
            5220260.7603269145
          ],
          [
            629675.1960727504,
            5220259.983154504
          ],
          [
            629675.8257669151,
            5220259.205982091
          ],
          [
            629676.4554610793,
            5220258.42880968
          ],
          [
            629677.085155244,
            5220257.651637267
          ],
          [
            629677.7148494083,
            5220256.874464856
          ],
          [
            629678.344543573,
            5220256.097292445
          ],
          [
            629678.9742377372,
            5220255.320120033
          ],
          [
            629679.603931902,
            5220254.542947621
          ],
          [
            629680.2336260661,
            5220253.765775209
          ],
          [
            629680.8633568903,
            5220252.988557552
          ],
          [
            629681.4930877142,
            5220252.211339895
          ],
          [
            629682.1228185379,
            5220251.434122238
          ],
          [
            629682.752549362,
            5220250.656904581
          ],
          [
            629683.382280186,
            5220249.879686924
          ],
          [
            629684.0120110101,
            5220249.102469266
          ],
          [
            629684.6417418341,
            5220248.325251609
          ],
          [
            629685.2714726581,
            5220247.548033952
          ],
          [
            629685.9012034822,
            5220246.7708162945
          ],
          [
            629686.5309343059,
            5220245.993598638
          ],
          [
            629687.1606651299,
            5220245.216380981
          ],
          [
            629687.790395954,
            5220244.4391633235
          ],
          [
            629688.4201267781,
            5220243.661945666
          ],
          [
            629689.0498576021,
            5220242.884728009
          ],
          [
            629689.6795884258,
            5220242.1075103525
          ],
          [
            629690.3093192498,
            5220241.330292695
          ],
          [
            629690.9390500739,
            5220240.553075038
          ],
          [
            629691.568780898,
            5220239.775857381
          ],
          [
            629692.198511722,
            5220238.998639723
          ],
          [
            629692.8282425461,
            5220238.221422066
          ],
          [
            629693.45797337,
            5220237.444204409
          ],
          [
            629694.0877041938,
            5220236.666986752
          ],
          [
            629694.7174350178,
            5220235.889769095
          ],
          [
            629695.3471658418,
            5220235.112551438
          ],
          [
            629695.9768966659,
            5220234.33533378
          ],
          [
            629696.60662749,
            5220233.558116123
          ],
          [
            629697.2363583136,
            5220232.780898467
          ],
          [
            629697.8660891376,
            5220232.003680809
          ],
          [
            629698.4958199618,
            5220231.226463152
          ],
          [
            629699.1255507858,
            5220230.449245495
          ],
          [
            629699.7552816098,
            5220229.6720278375
          ],
          [
            629700.3850124339,
            5220228.89481018
          ],
          [
            629701.0147432579,
            5220228.117592523
          ],
          [
            629701.6444740816,
            5220227.3403748665
          ],
          [
            629702.2742049056,
            5220226.563157209
          ],
          [
            629702.9039357296,
            5220225.785939552
          ],
          [
            629703.5336665538,
            5220225.008721895
          ],
          [
            629704.1633973778,
            5220224.231504237
          ],
          [
            629704.7931282014,
            5220223.454286581
          ],
          [
            629705.4228590254,
            5220222.677068924
          ],
          [
            629706.0525898496,
            5220221.899851266
          ],
          [
            629706.6823206736,
            5220221.122633609
          ],
          [
            629707.3120514976,
            5220220.345415952
          ],
          [
            629707.9417823217,
            5220219.568198294
          ],
          [
            629708.5715131457,
            5220218.790980637
          ],
          [
            629709.2012439694,
            5220218.013762981
          ],
          [
            629709.8309747934,
            5220217.236545323
          ],
          [
            629710.4607056174,
            5220216.459327666
          ],
          [
            629711.1595169941,
            5220215.596850365
          ],
          [
            629711.8583283712,
            5220214.734373065
          ],
          [
            629712.5826990734,
            5220213.892604887
          ],
          [
            629713.2900302253,
            5220213.037030626
          ],
          [
            629713.9973613772,
            5220212.181456367
          ],
          [
            629714.6969448868,
            5220211.319417375
          ],
          [
            629715.4081498601,
            5220210.467075481
          ],
          [
            629716.1193548329,
            5220209.614733587
          ],
          [
            629716.6613309222,
            5220208.7452339195
          ],
          [
            629717.2033070114,
            5220207.875734252
          ],
          [
            629717.7452831006,
            5220207.006234584
          ],
          [
            629718.2872591899,
            5220206.136734917
          ],
          [
            629718.8292352791,
            5220205.267235248
          ],
          [
            629719.3712113684,
            5220204.397735581
          ],
          [
            629719.9131874576,
            5220203.528235913
          ],
          [
            629720.4551635468,
            5220202.658736246
          ],
          [
            629720.9971396361,
            5220201.789236578
          ],
          [
            629721.5391157254,
            5220200.919736911
          ],
          [
            629722.0810918147,
            5220200.050237243
          ],
          [
            629722.6230679039,
            5220199.1807375755
          ],
          [
            629723.1650439932,
            5220198.311237908
          ],
          [
            629723.7070200824,
            5220197.44173824
          ],
          [
            629724.2489961716,
            5220196.572238572
          ],
          [
            629724.7909722609,
            5220195.702738904
          ],
          [
            629725.3329483501,
            5220194.833239237
          ],
          [
            629725.8749244394,
            5220193.963739569
          ],
          [
            629726.4169005286,
            5220193.094239902
          ],
          [
            629726.9588766178,
            5220192.224740234
          ],
          [
            629727.5008527071,
            5220191.355240567
          ],
          [
            629728.0428287963,
            5220190.485740899
          ],
          [
            629728.5848048856,
            5220189.616241232
          ],
          [
            629729.1267809748,
            5220188.746741564
          ],
          [
            629729.668757064,
            5220187.8772418955
          ],
          [
            629730.2107331533,
            5220187.007742228
          ],
          [
            629730.7527092425,
            5220186.13824256
          ],
          [
            629731.2946853318,
            5220185.268742893
          ],
          [
            629731.836661421,
            5220184.399243225
          ],
          [
            629732.3786375104,
            5220183.529743558
          ],
          [
            629732.9206135996,
            5220182.66024389
          ],
          [
            629733.4625896888,
            5220181.790744223
          ],
          [
            629734.0045657781,
            5220180.921244555
          ],
          [
            629734.5465418673,
            5220180.051744888
          ],
          [
            629735.0885179566,
            5220179.182245219
          ],
          [
            629735.6304940458,
            5220178.312745552
          ],
          [
            629736.172470135,
            5220177.443245884
          ],
          [
            629736.7144462243,
            5220176.5737462165
          ],
          [
            629737.2564223135,
            5220175.704246549
          ],
          [
            629738.0125824146,
            5220175.021446834
          ],
          [
            629738.7687425156,
            5220174.338647121
          ],
          [
            629739.5249026165,
            5220173.655847406
          ],
          [
            629740.2810627175,
            5220172.973047691
          ],
          [
            629741.0372228186,
            5220172.290247977
          ],
          [
            629741.7933829196,
            5220171.607448263
          ],
          [
            629742.5495430205,
            5220170.9246485485
          ],
          [
            629743.3057031216,
            5220170.241848834
          ],
          [
            629744.0618632226,
            5220169.55904912
          ],
          [
            629744.8180233237,
            5220168.876249406
          ],
          [
            629745.5741834246,
            5220168.193449691
          ],
          [
            629746.3303435256,
            5220167.510649976
          ],
          [
            629747.0865036267,
            5220166.827850263
          ],
          [
            629747.8426637277,
            5220166.145050548
          ],
          [
            629748.5988238286,
            5220165.462250833
          ],
          [
            629749.3549839297,
            5220164.77945112
          ],
          [
            629750.1111440307,
            5220164.096651405
          ],
          [
            629750.8673041317,
            5220163.4138516905
          ],
          [
            629751.6234642328,
            5220162.731051976
          ],
          [
            629752.3796243337,
            5220162.048252262
          ],
          [
            629753.1357844347,
            5220161.365452548
          ],
          [
            629753.8919445358,
            5220160.682652833
          ],
          [
            629754.6481046368,
            5220159.999853119
          ],
          [
            629755.4042647377,
            5220159.317053405
          ],
          [
            629756.1604248388,
            5220158.63425369
          ],
          [
            629756.9165849398,
            5220157.951453976
          ],
          [
            629757.6727450409,
            5220157.268654262
          ],
          [
            629758.4289051418,
            5220156.585854547
          ],
          [
            629759.1850652428,
            5220155.9030548325
          ],
          [
            629759.9412253438,
            5220155.220255119
          ],
          [
            629760.6973854449,
            5220154.537455404
          ],
          [
            629761.4535455458,
            5220153.85465569
          ],
          [
            629762.2097056468,
            5220153.171855976
          ],
          [
            629762.9658657479,
            5220152.489056261
          ],
          [
            629763.7220258489,
            5220151.806256547
          ],
          [
            629764.4781859498,
            5220151.123456832
          ],
          [
            629765.2343460509,
            5220150.440657118
          ],
          [
            629765.9905061519,
            5220149.757857404
          ],
          [
            629766.7159793822,
            5220149.0692807445
          ],
          [
            629767.4414526123,
            5220148.380704085
          ],
          [
            629768.1669258425,
            5220147.692127427
          ],
          [
            629768.8923990726,
            5220147.003550768
          ],
          [
            629769.6178723029,
            5220146.314974109
          ],
          [
            629770.3433455331,
            5220145.6263974495
          ],
          [
            629771.0688187632,
            5220144.93782079
          ],
          [
            629771.7942919935,
            5220144.249244131
          ],
          [
            629772.5197652236,
            5220143.560667472
          ],
          [
            629773.2452384538,
            5220142.872090814
          ],
          [
            629773.9707116841,
            5220142.1835141545
          ],
          [
            629774.6961849142,
            5220141.494937495
          ],
          [
            629775.4216581444,
            5220140.806360836
          ],
          [
            629776.1471313747,
            5220140.117784177
          ],
          [
            629776.8726046048,
            5220139.429207519
          ],
          [
            629777.598077835,
            5220138.7406308595
          ],
          [
            629778.3235510652,
            5220138.0520542
          ],
          [
            629779.0490242953,
            5220137.363477541
          ],
          [
            629779.6372041013,
            5220136.537740453
          ],
          [
            629780.2253839072,
            5220135.712003366
          ],
          [
            629780.8135637132,
            5220134.886266278
          ],
          [
            629781.4017435191,
            5220134.060529191
          ],
          [
            629781.989923325,
            5220133.234792103
          ],
          [
            629782.5781031309,
            5220132.409055015
          ],
          [
            629783.1662829369,
            5220131.583317928
          ],
          [
            629783.7544627428,
            5220130.75758084
          ],
          [
            629784.3426425487,
            5220129.931843752
          ],
          [
            629784.9308223546,
            5220129.106106665
          ],
          [
            629785.5190021605,
            5220128.280369577
          ],
          [
            629786.1071819665,
            5220127.45463249
          ],
          [
            629786.6953617724,
            5220126.628895402
          ],
          [
            629787.2835415783,
            5220125.803158314
          ],
          [
            629787.8717213842,
            5220124.977421227
          ],
          [
            629788.4599011901,
            5220124.151684139
          ],
          [
            629789.0480809961,
            5220123.325947051
          ],
          [
            629789.636260802,
            5220122.500209964
          ],
          [
            629790.2244406079,
            5220121.674472876
          ],
          [
            629790.8126204138,
            5220120.848735789
          ],
          [
            629791.4008002199,
            5220120.022998701
          ],
          [
            629791.9889800258,
            5220119.197261613
          ],
          [
            629792.5771598316,
            5220118.371524526
          ],
          [
            629793.1653396375,
            5220117.545787438
          ],
          [
            629793.7535194434,
            5220116.72005035
          ],
          [
            629794.3416992495,
            5220115.894313263
          ],
          [
            629794.9298790554,
            5220115.068576175
          ],
          [
            629795.5180588613,
            5220114.242839088
          ],
          [
            629796.1062386672,
            5220113.417102
          ],
          [
            629796.694418473,
            5220112.591364912
          ],
          [
            629797.2825982791,
            5220111.765627825
          ],
          [
            629797.870778085,
            5220110.939890737
          ],
          [
            629798.4589578909,
            5220110.114153649
          ],
          [
            629799.0471376968,
            5220109.288416562
          ],
          [
            629799.6353175028,
            5220108.462679474
          ],
          [
            629800.2234973087,
            5220107.636942387
          ],
          [
            629800.8116771147,
            5220106.811205299
          ],
          [
            629801.4409137106,
            5220106.03232846
          ],
          [
            629802.0701503066,
            5220105.253451622
          ],
          [
            629802.6993869029,
            5220104.474574783
          ],
          [
            629803.3286234988,
            5220103.695697945
          ],
          [
            629803.9578600947,
            5220102.916821106
          ],
          [
            629804.5870966907,
            5220102.137944268
          ],
          [
            629805.216333287,
            5220101.359067429
          ],
          [
            629805.8455698829,
            5220100.580190591
          ],
          [
            629806.4748064788,
            5220099.801313752
          ],
          [
            629807.1040430748,
            5220099.022436914
          ],
          [
            629807.7332796708,
            5220098.243560076
          ],
          [
            629808.362516267,
            5220097.464683237
          ],
          [
            629808.9917528629,
            5220096.685806398
          ],
          [
            629809.6209894589,
            5220095.90692956
          ],
          [
            629810.2502260549,
            5220095.128052722
          ],
          [
            629810.8794626511,
            5220094.3491758825
          ],
          [
            629811.508699247,
            5220093.570299044
          ],
          [
            629812.137935843,
            5220092.791422206
          ],
          [
            629812.767172439,
            5220092.012545368
          ],
          [
            629813.396409035,
            5220091.233668529
          ],
          [
            629814.0256456311,
            5220090.45479169
          ],
          [
            629814.6548822271,
            5220089.675914852
          ],
          [
            629815.2841188231,
            5220088.897038014
          ],
          [
            629815.9133554191,
            5220088.118161175
          ],
          [
            629816.5425920152,
            5220087.339284336
          ],
          [
            629817.1718286112,
            5220086.560407498
          ],
          [
            629817.8010652072,
            5220085.78153066
          ],
          [
            629818.4303018032,
            5220085.002653821
          ],
          [
            629819.0595383992,
            5220084.223776983
          ],
          [
            629819.6887749953,
            5220083.444900144
          ],
          [
            629820.3180115912,
            5220082.666023306
          ],
          [
            629820.9472481873,
            5220081.887146467
          ],
          [
            629821.5764847833,
            5220081.108269629
          ],
          [
            629822.2057213795,
            5220080.32939279
          ],
          [
            629822.8349579753,
            5220079.550515952
          ],
          [
            629823.4641945714,
            5220078.771639113
          ],
          [
            629824.0934311674,
            5220077.992762275
          ],
          [
            629824.7226677636,
            5220077.213885436
          ],
          [
            629825.3519043594,
            5220076.435008598
          ],
          [
            629825.9811409555,
            5220075.656131759
          ],
          [
            629826.6103775518,
            5220074.87725492
          ],
          [
            629827.2396141477,
            5220074.098378082
          ],
          [
            629827.8686470285,
            5220073.319753405
          ],
          [
            629828.4976799097,
            5220072.541128727
          ],
          [
            629829.1129673008,
            5220071.749693828
          ],
          [
            629829.7160251732,
            5220070.950653061
          ],
          [
            629830.319083046,
            5220070.151612294
          ],
          [
            629830.9221409187,
            5220069.3525715275
          ],
          [
            629831.5253320314,
            5220068.5533542195
          ],
          [
            629832.128523144,
            5220067.7541369125
          ],
          [
            629832.7317142568,
            5220066.954919605
          ],
          [
            629833.3349053696,
            5220066.155702297
          ],
          [
            629833.9380964822,
            5220065.356484989
          ],
          [
            629834.5412875949,
            5220064.557267682
          ],
          [
            629835.1444787077,
            5220063.758050374
          ],
          [
            629835.7476698203,
            5220062.958833066
          ],
          [
            629836.3508609331,
            5220062.159615759
          ],
          [
            629836.9540520458,
            5220061.360398451
          ],
          [
            629837.5572431585,
            5220060.561181143
          ],
          [
            629838.1604342713,
            5220059.761963835
          ],
          [
            629838.763625384,
            5220058.962746528
          ],
          [
            629839.3668164966,
            5220058.16352922
          ],
          [
            629839.9700076093,
            5220057.364311912
          ],
          [
            629840.5731987222,
            5220056.565094604
          ],
          [
            629841.1763898347,
            5220055.765877297
          ],
          [
            629841.7795809475,
            5220054.966659989
          ],
          [
            629842.3827720603,
            5220054.167442681
          ],
          [
            629842.9859631729,
            5220053.368225374
          ],
          [
            629843.5891542856,
            5220052.569008066
          ],
          [
            629844.1923453984,
            5220051.769790758
          ],
          [
            629844.7955365112,
            5220050.97057345
          ],
          [
            629845.3987276237,
            5220050.171356143
          ],
          [
            629846.0019187365,
            5220049.3721388355
          ],
          [
            629846.6051098494,
            5220048.572921528
          ],
          [
            629847.2083009622,
            5220047.77370422
          ],
          [
            629847.8114920746,
            5220046.974486913
          ],
          [
            629848.4146831874,
            5220046.175269605
          ],
          [
            629849.0178743002,
            5220045.376052297
          ],
          [
            629849.6210654128,
            5220044.57683499
          ],
          [
            629850.2242565255,
            5220043.777617682
          ],
          [
            629850.8274476384,
            5220042.978400374
          ],
          [
            629851.4306387512,
            5220042.179183066
          ],
          [
            629852.0338298636,
            5220041.379965759
          ],
          [
            629852.6370209765,
            5220040.580748451
          ],
          [
            629853.2402120894,
            5220039.781531143
          ],
          [
            629853.8434032017,
            5220038.982313836
          ],
          [
            629854.4465943145,
            5220038.183096528
          ],
          [
            629855.0497854274,
            5220037.38387922
          ],
          [
            629855.6529765398,
            5220036.584661913
          ],
          [
            629856.2561676527,
            5220035.785444605
          ],
          [
            629856.8592942388,
            5220034.9863127945
          ],
          [
            629857.4624208255,
            5220034.187180982
          ],
          [
            629858.0655474117,
            5220033.388049171
          ],
          [
            629858.6686739979,
            5220032.58891736
          ],
          [
            629859.2591398149,
            5220031.779259285
          ],
          [
            629859.8478037082,
            5220030.969350776
          ],
          [
            629860.4364676019,
            5220030.159442266
          ],
          [
            629861.0251314952,
            5220029.349533756
          ],
          [
            629861.6137953886,
            5220028.539625247
          ],
          [
            629862.2024592824,
            5220027.729716737
          ],
          [
            629862.7911231756,
            5220026.919808228
          ],
          [
            629863.3797870689,
            5220026.109899718
          ],
          [
            629864.0048013917,
            5220025.249978761
          ],
          [
            629864.6298157146,
            5220024.390057804
          ],
          [
            629865.2548300374,
            5220023.530136847
          ],
          [
            629865.87984436,
            5220022.670215891
          ],
          [
            629866.5048586829,
            5220021.810294934
          ],
          [
            629867.1298730056,
            5220020.9503739765
          ],
          [
            629867.7548873284,
            5220020.090453019
          ],
          [
            629868.3644882201,
            5220019.251738508
          ],
          [
            629868.9740891118,
            5220018.413023997
          ],
          [
            629869.5836900035,
            5220017.574309486
          ],
          [
            629870.1932908952,
            5220016.735594975
          ],
          [
            629870.8028917869,
            5220015.896880464
          ],
          [
            629871.4124926786,
            5220015.058165953
          ],
          [
            629872.0220935703,
            5220014.219451441
          ],
          [
            629872.6316944622,
            5220013.38073693
          ],
          [
            629873.2412953539,
            5220012.542022418
          ],
          [
            629873.8508962456,
            5220011.703307907
          ],
          [
            629874.4604971373,
            5220010.864593396
          ],
          [
            629875.070098029,
            5220010.025878885
          ],
          [
            629875.6796989207,
            5220009.187164374
          ],
          [
            629876.2892998124,
            5220008.348449863
          ],
          [
            629876.8989007041,
            5220007.509735351
          ],
          [
            629877.5085015958,
            5220006.67102084
          ],
          [
            629878.0971980344,
            5220005.861067554
          ],
          [
            629878.6858944731,
            5220005.051114267
          ],
          [
            629879.2745909117,
            5220004.24116098
          ],
          [
            629879.8632873503,
            5220003.431207694
          ],
          [
            629880.451983789,
            5220002.621254407
          ],
          [
            629881.0406802276,
            5220001.811301121
          ],
          [
            629881.6293766662,
            5220001.001347834
          ],
          [
            629882.2180731047,
            5220000.191394548
          ],
          [
            629882.8067695434,
            5219999.381441261
          ],
          [
            629883.395465982,
            5219998.571487974
          ],
          [
            629883.9841624206,
            5219997.761534688
          ],
          [
            629884.5728588593,
            5219996.951581401
          ],
          [
            629885.1615552979,
            5219996.1416281145
          ],
          [
            629885.7502517365,
            5219995.331674828
          ],
          [
            629886.3389481752,
            5219994.521721541
          ],
          [
            629886.9276446138,
            5219993.711768255
          ],
          [
            629887.5163410524,
            5219992.901814968
          ],
          [
            629888.1050374911,
            5219992.091861682
          ],
          [
            629888.6937339297,
            5219991.281908395
          ],
          [
            629889.2824303682,
            5219990.471955108
          ],
          [
            629889.8711268068,
            5219989.662001822
          ],
          [
            629890.4598232455,
            5219988.852048535
          ],
          [
            629891.0485196841,
            5219988.042095249
          ],
          [
            629891.6372161227,
            5219987.232141962
          ],
          [
            629892.2259125614,
            5219986.422188675
          ],
          [
            629892.814609,
            5219985.612235389
          ],
          [
            629893.4033054386,
            5219984.802282102
          ],
          [
            629893.9920018773,
            5219983.992328815
          ],
          [
            629894.5806983159,
            5219983.182375529
          ],
          [
            629895.1693947545,
            5219982.372422243
          ],
          [
            629895.758091193,
            5219981.562468956
          ],
          [
            629896.3467876317,
            5219980.752515669
          ],
          [
            629896.9354840703,
            5219979.942562383
          ],
          [
            629897.5241805089,
            5219979.132609096
          ],
          [
            629898.1128769476,
            5219978.322655809
          ],
          [
            629898.7015733862,
            5219977.512702523
          ],
          [
            629899.290193722,
            5219976.702853941
          ],
          [
            629899.8788140584,
            5219975.893005359
          ],
          [
            629900.4554853309,
            5219975.073892163
          ],
          [
            629901.0275224741,
            5219974.252183694
          ],
          [
            629901.5995596177,
            5219973.430475225
          ],
          [
            629902.1715967609,
            5219972.608766755
          ],
          [
            629902.8530855643,
            5219971.873221939
          ],
          [
            629903.5345743679,
            5219971.137677124
          ],
          [
            629904.2160631715,
            5219970.402132307
          ],
          [
            629904.8975519751,
            5219969.6665874915
          ],
          [
            629905.5790407787,
            5219968.931042676
          ],
          [
            629906.2605295823,
            5219968.19549786
          ],
          [
            629906.9420183859,
            5219967.459953045
          ],
          [
            629907.6235071894,
            5219966.724408228
          ],
          [
            629908.304995993,
            5219965.988863412
          ],
          [
            629908.9864847967,
            5219965.253318597
          ],
          [
            629909.6679736003,
            5219964.517773781
          ],
          [
            629910.3494624039,
            5219963.782228965
          ],
          [
            629911.0309512075,
            5219963.04668415
          ],
          [
            629911.7124400111,
            5219962.311139333
          ],
          [
            629912.3939288147,
            5219961.575594517
          ],
          [
            629913.0754176183,
            5219960.840049702
          ],
          [
            629913.7569064219,
            5219960.104504886
          ],
          [
            629914.4383952254,
            5219959.36896007
          ],
          [
            629915.119884029,
            5219958.633415254
          ],
          [
            629915.8013728326,
            5219957.897870438
          ],
          [
            629916.4828616362,
            5219957.1623256225
          ],
          [
            629917.1643504398,
            5219956.426780807
          ],
          [
            629917.8458392434,
            5219955.691235991
          ],
          [
            629918.527328047,
            5219954.955691175
          ],
          [
            629919.2088168506,
            5219954.220146359
          ],
          [
            629919.8903056541,
            5219953.484601543
          ],
          [
            629920.5717944577,
            5219952.749056728
          ],
          [
            629921.2532832614,
            5219952.013511912
          ],
          [
            629921.934772065,
            5219951.277967096
          ],
          [
            629922.6162608686,
            5219950.54242228
          ],
          [
            629923.2977496722,
            5219949.806877464
          ],
          [
            629923.9792384758,
            5219949.071332648
          ],
          [
            629924.6607272794,
            5219948.335787833
          ],
          [
            629925.342216083,
            5219947.600243017
          ],
          [
            629926.0237048866,
            5219946.8646982005
          ],
          [
            629926.7051936901,
            5219946.129153385
          ],
          [
            629927.3866824937,
            5219945.393608569
          ],
          [
            629928.0349445522,
            5219944.631778863
          ],
          [
            629928.6832066106,
            5219943.869949157
          ],
          [
            629929.331468669,
            5219943.108119451
          ],
          [
            629929.9797307275,
            5219942.3462897455
          ],
          [
            629930.6279927859,
            5219941.58446004
          ],
          [
            629931.2762548443,
            5219940.822630334
          ],
          [
            629931.9245169028,
            5219940.060800628
          ],
          [
            629932.5727789612,
            5219939.298970922
          ],
          [
            629933.2210410197,
            5219938.537141216
          ],
          [
            629933.869303078,
            5219937.77531151
          ],
          [
            629934.5175651364,
            5219937.013481804
          ],
          [
            629935.165827195,
            5219936.251652097
          ],
          [
            629935.8140892535,
            5219935.489822391
          ],
          [
            629936.4623513119,
            5219934.7279926855
          ],
          [
            629937.1106133703,
            5219933.96616298
          ],
          [
            629937.7588754288,
            5219933.204333274
          ],
          [
            629938.4071374873,
            5219932.442503568
          ],
          [
            629939.0553995457,
            5219931.680673862
          ],
          [
            629939.7036616041,
            5219930.918844156
          ],
          [
            629940.3519236626,
            5219930.15701445
          ],
          [
            629941.0001857211,
            5219929.395184744
          ],
          [
            629941.6484477795,
            5219928.633355038
          ],
          [
            629942.2967098379,
            5219927.871525332
          ],
          [
            629942.9449718964,
            5219927.109695626
          ],
          [
            629943.5825009026,
            5219926.302798886
          ],
          [
            629944.2200299088,
            5219925.495902146
          ],
          [
            629944.8575589149,
            5219924.689005406
          ],
          [
            629945.4950879212,
            5219923.882108666
          ],
          [
            629946.1326169274,
            5219923.075211925
          ],
          [
            629946.7701459336,
            5219922.268315186
          ],
          [
            629947.4076749398,
            5219921.461418445
          ],
          [
            629948.045203946,
            5219920.654521706
          ],
          [
            629948.6827329522,
            5219919.847624965
          ],
          [
            629949.3202619584,
            5219919.040728225
          ],
          [
            629949.9577909646,
            5219918.233831485
          ],
          [
            629950.5953199709,
            5219917.426934744
          ],
          [
            629951.232848977,
            5219916.620038005
          ],
          [
            629951.8703779832,
            5219915.813141264
          ],
          [
            629952.5079069894,
            5219915.006244524
          ],
          [
            629953.1454359957,
            5219914.199347784
          ],
          [
            629953.7829650019,
            5219913.392451044
          ],
          [
            629954.420494008,
            5219912.585554304
          ],
          [
            629955.0580230142,
            5219911.778657564
          ],
          [
            629955.6955520205,
            5219910.971760823
          ],
          [
            629956.3330810267,
            5219910.164864084
          ],
          [
            629956.9706100329,
            5219909.357967343
          ],
          [
            629957.608139039,
            5219908.551070604
          ],
          [
            629958.2456680452,
            5219907.744173863
          ],
          [
            629958.8831970515,
            5219906.937277122
          ],
          [
            629959.5207260577,
            5219906.130380383
          ],
          [
            629960.1582550639,
            5219905.323483642
          ],
          [
            629960.79578407,
            5219904.516586903
          ],
          [
            629961.4333130763,
            5219903.709690162
          ],
          [
            629962.0708420825,
            5219902.902793422
          ],
          [
            629962.7083710887,
            5219902.095896682
          ],
          [
            629963.345900095,
            5219901.288999942
          ],
          [
            629963.9834291011,
            5219900.482103202
          ],
          [
            629964.6209581073,
            5219899.675206462
          ],
          [
            629965.2584871135,
            5219898.868309721
          ],
          [
            629965.8558413106,
            5219898.066222035
          ],
          [
            629966.4531955075,
            5219897.264134349
          ],
          [
            629967.0505497046,
            5219896.462046663
          ],
          [
            629967.6479039015,
            5219895.659958977
          ],
          [
            629968.2452580985,
            5219894.85787129
          ],
          [
            629968.8711669493,
            5219894.077049661
          ],
          [
            629969.5278726711,
            5219893.322486349
          ],
          [
            629970.1845783929,
            5219892.567923037
          ],
          [
            629970.8412841148,
            5219891.813359724
          ],
          [
            629971.4979898366,
            5219891.058796412
          ],
          [
            629972.1546955584,
            5219890.3042331
          ],
          [
            629972.8114012802,
            5219889.549669788
          ],
          [
            629973.4531401752,
            5219888.782594512
          ],
          [
            629974.0948790701,
            5219888.015519237
          ],
          [
            629974.736617965,
            5219887.248443961
          ],
          [
            629975.3783568599,
            5219886.481368686
          ],
          [
            629976.0200957549,
            5219885.71429341
          ],
          [
            629976.6618346499,
            5219884.947218134
          ],
          [
            629977.3035735447,
            5219884.180142859
          ],
          [
            629977.9453124397,
            5219883.413067583
          ],
          [
            629978.5870513346,
            5219882.645992307
          ],
          [
            629979.2287902295,
            5219881.878917032
          ],
          [
            629979.8705291245,
            5219881.111841756
          ],
          [
            629980.5122680194,
            5219880.344766481
          ],
          [
            629981.1540069144,
            5219879.577691205
          ],
          [
            629981.7957458093,
            5219878.810615929
          ],
          [
            629982.4374847042,
            5219878.043540654
          ],
          [
            629983.0792235992,
            5219877.276465378
          ],
          [
            629983.720962494,
            5219876.509390103
          ],
          [
            629984.362701389,
            5219875.742314827
          ],
          [
            629985.004440284,
            5219874.975239551
          ],
          [
            629985.6461791788,
            5219874.208164276
          ],
          [
            629986.2879180738,
            5219873.441089
          ],
          [
            629986.9296569687,
            5219872.674013725
          ],
          [
            629987.5713958637,
            5219871.906938449
          ],
          [
            629988.2131347586,
            5219871.139863173
          ],
          [
            629988.8548736535,
            5219870.3727878975
          ],
          [
            629989.4966125485,
            5219869.6057126215
          ],
          [
            629990.1383514435,
            5219868.838637346
          ],
          [
            629990.7800903383,
            5219868.07156207
          ],
          [
            629991.4218292333,
            5219867.304486794
          ],
          [
            629992.0635681282,
            5219866.537411519
          ],
          [
            629992.7053070231,
            5219865.770336243
          ],
          [
            629993.3470459181,
            5219865.003260967
          ],
          [
            629993.988784813,
            5219864.236185692
          ],
          [
            629994.630523708,
            5219863.469110416
          ],
          [
            629995.2722626028,
            5219862.702035141
          ],
          [
            629995.9140014978,
            5219861.934959865
          ],
          [
            629996.5402090234,
            5219861.15490068
          ],
          [
            629997.166416549,
            5219860.374841495
          ],
          [
            629997.7926240746,
            5219859.59478231
          ],
          [
            629998.4188316002,
            5219858.814723125
          ],
          [
            629999.0450391258,
            5219858.03466394
          ],
          [
            629999.6712466514,
            5219857.254604755
          ],
          [
            630000.297454177,
            5219856.47454557
          ],
          [
            630000.9236617027,
            5219855.694486385
          ],
          [
            630001.5498692282,
            5219854.9144272
          ],
          [
            630002.1760767539,
            5219854.1343680145
          ],
          [
            630002.8022842795,
            5219853.35430883
          ],
          [
            630003.428491805,
            5219852.574249645
          ],
          [
            630004.0546993306,
            5219851.79419046
          ],
          [
            630004.6809068562,
            5219851.014131275
          ],
          [
            630005.3071143818,
            5219850.234072089
          ],
          [
            630005.9333219074,
            5219849.454012904
          ],
          [
            630006.559529433,
            5219848.673953719
          ],
          [
            630007.1857369586,
            5219847.893894535
          ],
          [
            630007.8119444842,
            5219847.11383535
          ],
          [
            630008.4381520099,
            5219846.333776165
          ],
          [
            630009.0643595355,
            5219845.55371698
          ],
          [
            630009.6905670611,
            5219844.773657794
          ],
          [
            630010.3167745867,
            5219843.993598609
          ],
          [
            630010.9429821123,
            5219843.213539424
          ],
          [
            630011.5516689172,
            5219842.390950509
          ],
          [
            630012.1603557221,
            5219841.568361594
          ],
          [
            630012.7690425268,
            5219840.745772679
          ],
          [
            630013.3777293317,
            5219839.923183765
          ],
          [
            630013.9864161366,
            5219839.10059485
          ],
          [
            630014.5951029415,
            5219838.278005935
          ],
          [
            630015.2037897463,
            5219837.45541702
          ],
          [
            630015.8124765512,
            5219836.632828105
          ],
          [
            630016.421163356,
            5219835.81023919
          ],
          [
            630017.0298501609,
            5219834.987650275
          ],
          [
            630017.6385369658,
            5219834.16506136
          ],
          [
            630018.2472237706,
            5219833.342472446
          ],
          [
            630018.8559105755,
            5219832.519883531
          ],
          [
            630019.4645973804,
            5219831.697294616
          ],
          [
            630020.0732841853,
            5219830.874705701
          ],
          [
            630020.6819709901,
            5219830.052116786
          ],
          [
            630021.2906577949,
            5219829.229527871
          ],
          [
            630021.8993445998,
            5219828.406938956
          ],
          [
            630022.5080314047,
            5219827.584350042
          ],
          [
            630023.1167182096,
            5219826.761761127
          ],
          [
            630023.7254050144,
            5219825.939172212
          ],
          [
            630024.3340918192,
            5219825.116583297
          ],
          [
            630024.9427786241,
            5219824.293994382
          ],
          [
            630025.551465429,
            5219823.471405467
          ],
          [
            630026.1601522339,
            5219822.648816552
          ],
          [
            630026.7688390387,
            5219821.826227638
          ],
          [
            630027.3775258436,
            5219821.003638723
          ],
          [
            630027.9862126485,
            5219820.181049808
          ],
          [
            630028.5948994533,
            5219819.358460893
          ],
          [
            630029.2035862582,
            5219818.535871978
          ],
          [
            630029.812273063,
            5219817.713283063
          ],
          [
            630030.4209598679,
            5219816.890694148
          ],
          [
            630031.0296466728,
            5219816.068105233
          ],
          [
            630031.6383334777,
            5219815.245516319
          ],
          [
            630032.2470202824,
            5219814.422927404
          ],
          [
            630032.8557070873,
            5219813.600338489
          ],
          [
            630033.4643938922,
            5219812.777749574
          ],
          [
            630033.2353967349,
            5219811.766860226
          ],
          [
            630033.0063995775,
            5219810.7559708785
          ],
          [
            630032.7774024202,
            5219809.74508153
          ],
          [
            630032.5484052629,
            5219808.734192182
          ],
          [
            630032.3194081055,
            5219807.723302835
          ],
          [
            630032.0904109481,
            5219806.712413487
          ],
          [
            630031.8614137907,
            5219805.701524139
          ],
          [
            630031.6324166334,
            5219804.690634791
          ],
          [
            630031.4034194761,
            5219803.679745443
          ],
          [
            630031.1744223187,
            5219802.6688560955
          ],
          [
            630030.9454251614,
            5219801.657966748
          ],
          [
            630030.7164280041,
            5219800.647077399
          ],
          [
            630030.4874308467,
            5219799.636188052
          ],
          [
            630030.2584336894,
            5219798.625298704
          ],
          [
            630030.029436532,
            5219797.614409356
          ],
          [
            630029.8004393746,
            5219796.603520009
          ],
          [
            630029.5714422173,
            5219795.59263066
          ],
          [
            630029.3424450599,
            5219794.5817413125
          ],
          [
            630029.1134479026,
            5219793.570851965
          ],
          [
            630028.5874909891,
            5219792.711424028
          ],
          [
            630028.0615340758,
            5219791.851996091
          ],
          [
            630027.5355771623,
            5219790.992568154
          ],
          [
            630027.0096202489,
            5219790.133140217
          ],
          [
            630026.4836633354,
            5219789.27371228
          ],
          [
            630025.9577064221,
            5219788.414284343
          ],
          [
            630025.4317495086,
            5219787.554856406
          ],
          [
            630024.9057925952,
            5219786.695428469
          ],
          [
            630024.3798356818,
            5219785.836000532
          ],
          [
            630023.8538787684,
            5219784.976572595
          ],
          [
            630023.3279218549,
            5219784.117144658
          ],
          [
            630022.8019649414,
            5219783.257716721
          ],
          [
            630022.2760080281,
            5219782.398288784
          ],
          [
            630021.7500511146,
            5219781.538860847
          ],
          [
            630021.2240942012,
            5219780.67943291
          ],
          [
            630020.6981372877,
            5219779.820004973
          ],
          [
            630020.1721803744,
            5219778.960577035
          ],
          [
            630019.6462234609,
            5219778.101149099
          ],
          [
            630019.1202665475,
            5219777.241721162
          ],
          [
            630018.5943096341,
            5219776.382293224
          ],
          [
            630018.0683527206,
            5219775.522865288
          ],
          [
            630017.5423958072,
            5219774.663437351
          ],
          [
            630017.0164388937,
            5219773.804009413
          ],
          [
            630016.4904819804,
            5219772.944581477
          ],
          [
            630015.9645250669,
            5219772.08515354
          ],
          [
            630015.4385681535,
            5219771.225725602
          ],
          [
            630014.91261124,
            5219770.366297666
          ],
          [
            630014.3866543267,
            5219769.506869729
          ],
          [
            630013.8606974132,
            5219768.647441791
          ],
          [
            630013.3347404998,
            5219767.788013855
          ],
          [
            630012.8087835864,
            5219766.928585918
          ],
          [
            630012.1696966668,
            5219766.136952264
          ],
          [
            630011.5306097472,
            5219765.345318611
          ],
          [
            630010.8915228277,
            5219764.553684957
          ],
          [
            630010.2524359082,
            5219763.762051305
          ],
          [
            630009.6133489886,
            5219762.970417651
          ],
          [
            630008.974262069,
            5219762.178783998
          ],
          [
            630008.3351751494,
            5219761.387150344
          ],
          [
            630007.6960882298,
            5219760.595516691
          ],
          [
            630007.0570013102,
            5219759.8038830375
          ],
          [
            630006.4179143906,
            5219759.012249384
          ],
          [
            630005.778827471,
            5219758.220615731
          ],
          [
            630005.1397405515,
            5219757.428982077
          ],
          [
            630004.5006536321,
            5219756.637348425
          ],
          [
            630003.8615667124,
            5219755.845714771
          ],
          [
            630003.2224797928,
            5219755.054081118
          ],
          [
            630002.5833928732,
            5219754.262447464
          ],
          [
            630001.9443059536,
            5219753.470813811
          ],
          [
            630001.305219034,
            5219752.679180157
          ],
          [
            630000.6661321144,
            5219751.887546504
          ],
          [
            630000.0270451951,
            5219751.095912851
          ],
          [
            629999.3879582755,
            5219750.304279198
          ],
          [
            629998.7488713557,
            5219749.5126455445
          ],
          [
            629998.1097844361,
            5219748.721011891
          ],
          [
            629997.4706975165,
            5219747.929378238
          ],
          [
            629996.8316105969,
            5219747.137744584
          ],
          [
            629996.1925236774,
            5219746.346110931
          ],
          [
            629995.5534367578,
            5219745.554477277
          ],
          [
            629994.9143498382,
            5219744.762843624
          ],
          [
            629994.2752629188,
            5219743.971209971
          ],
          [
            629993.6361759992,
            5219743.179576318
          ],
          [
            629992.9970890796,
            5219742.387942664
          ],
          [
            629992.35800216,
            5219741.596309011
          ],
          [
            629991.7306462907,
            5219740.799146536
          ],
          [
            629991.1032904214,
            5219740.00198406
          ],
          [
            629990.4759345523,
            5219739.204821585
          ],
          [
            629989.8485786831,
            5219738.40765911
          ],
          [
            629989.2212228139,
            5219737.610496634
          ],
          [
            629988.5938669447,
            5219736.813334159
          ],
          [
            629987.9665110755,
            5219736.016171684
          ],
          [
            629987.3391552063,
            5219735.2190092085
          ],
          [
            629986.7117993371,
            5219734.4218467325
          ],
          [
            629986.0844434679,
            5219733.624684257
          ],
          [
            629985.4570875987,
            5219732.827521782
          ],
          [
            629984.8297317296,
            5219732.030359306
          ],
          [
            629984.2023758603,
            5219731.233196831
          ],
          [
            629983.5750199911,
            5219730.436034356
          ],
          [
            629982.947664122,
            5219729.63887188
          ],
          [
            629982.3203082527,
            5219728.841709405
          ],
          [
            629981.6929523835,
            5219728.04454693
          ],
          [
            629981.0655965144,
            5219727.247384454
          ],
          [
            629980.4382406452,
            5219726.450221979
          ],
          [
            629979.810884776,
            5219725.653059504
          ],
          [
            629979.1835289068,
            5219724.855897029
          ],
          [
            629978.5561730376,
            5219724.058734553
          ],
          [
            629977.9288171685,
            5219723.261572078
          ],
          [
            629977.3014612992,
            5219722.464409603
          ],
          [
            629976.67410543,
            5219721.667247127
          ],
          [
            629976.0467495609,
            5219720.870084652
          ],
          [
            629975.4193936916,
            5219720.072922177
          ],
          [
            629974.7920378224,
            5219719.275759701
          ],
          [
            629974.1646819533,
            5219718.478597226
          ],
          [
            629973.5373260841,
            5219717.681434751
          ],
          [
            629972.9099702148,
            5219716.884272275
          ],
          [
            629972.2826143457,
            5219716.0871097995
          ],
          [
            629971.6552584765,
            5219715.289947324
          ],
          [
            629971.0279026072,
            5219714.492784849
          ],
          [
            629970.4005467381,
            5219713.695622373
          ],
          [
            629969.7731908689,
            5219712.898459898
          ],
          [
            629969.1458349997,
            5219712.101297423
          ],
          [
            629968.5184791305,
            5219711.304134947
          ],
          [
            629967.8911232612,
            5219710.506972472
          ],
          [
            629967.097209358,
            5219709.898428805
          ],
          [
            629966.3032954549,
            5219709.289885138
          ],
          [
            629965.5093815518,
            5219708.681341471
          ],
          [
            629964.7154676486,
            5219708.072797804
          ],
          [
            629963.9215537455,
            5219707.464254137
          ],
          [
            629963.1276398423,
            5219706.85571047
          ],
          [
            629962.3337259393,
            5219706.247166803
          ],
          [
            629961.5398120362,
            5219705.638623136
          ],
          [
            629960.745898133,
            5219705.030079469
          ],
          [
            629959.95198423,
            5219704.421535802
          ],
          [
            629959.1580703268,
            5219703.812992135
          ],
          [
            629958.3641564236,
            5219703.204448468
          ],
          [
            629957.5702425205,
            5219702.595904801
          ],
          [
            629956.7763286175,
            5219701.987361134
          ],
          [
            629955.9824147144,
            5219701.378817467
          ],
          [
            629955.1885008108,
            5219700.770273799
          ],
          [
            629954.3945869076,
            5219700.161730132
          ],
          [
            629953.6006730045,
            5219699.553186465
          ],
          [
            629952.8067591013,
            5219698.944642798
          ],
          [
            629952.0128451983,
            5219698.336099131
          ],
          [
            629951.2189312952,
            5219697.727555464
          ],
          [
            629950.425017392,
            5219697.119011797
          ],
          [
            629949.6311034888,
            5219696.51046813
          ],
          [
            629948.8371895858,
            5219695.901924463
          ],
          [
            629948.0432756826,
            5219695.293380796
          ],
          [
            629947.2493617795,
            5219694.684837129
          ],
          [
            629946.4554478765,
            5219694.076293462
          ],
          [
            629945.6615339733,
            5219693.467749795
          ],
          [
            629944.8676200702,
            5219692.859206128
          ],
          [
            629944.0759472296,
            5219692.247738741
          ],
          [
            629943.2997776205,
            5219691.616716606
          ],
          [
            629942.5236080117,
            5219690.985694471
          ],
          [
            629941.7474384026,
            5219690.354672335
          ],
          [
            629940.9712687933,
            5219689.723650199
          ],
          [
            629940.1950991846,
            5219689.092628065
          ],
          [
            629939.4189295755,
            5219688.461605929
          ],
          [
            629938.6427599663,
            5219687.830583793
          ],
          [
            629937.8665903576,
            5219687.199561658
          ],
          [
            629937.0904207485,
            5219686.568539523
          ],
          [
            629936.3142511393,
            5219685.937517387
          ],
          [
            629935.5380815306,
            5219685.306495252
          ],
          [
            629934.7619119213,
            5219684.675473116
          ],
          [
            629933.8917958158,
            5219684.121385778
          ],
          [
            629933.0216797099,
            5219683.567298439
          ],
          [
            629932.1515636041,
            5219683.013211101
          ],
          [
            629931.2814474984,
            5219682.459123763
          ],
          [
            629930.4113313926,
            5219681.905036424
          ],
          [
            629929.5412152868,
            5219681.350949086
          ],
          [
            629928.6710991809,
            5219680.796861748
          ],
          [
            629927.8009830752,
            5219680.242774409
          ],
          [
            629926.9308669694,
            5219679.688687071
          ],
          [
            629926.0607508635,
            5219679.134599732
          ],
          [
            629925.1906347577,
            5219678.580512394
          ],
          [
            629924.320518652,
            5219678.026425056
          ],
          [
            629923.4504025462,
            5219677.472337717
          ],
          [
            629922.5802864404,
            5219676.918250379
          ],
          [
            629921.7101703346,
            5219676.364163041
          ],
          [
            629920.8400542288,
            5219675.810075702
          ],
          [
            629919.969938123,
            5219675.255988364
          ],
          [
            629919.0998220172,
            5219674.701901026
          ],
          [
            629918.2297059114,
            5219674.147813687
          ],
          [
            629917.3595898056,
            5219673.593726349
          ],
          [
            629918.2297059114,
            5219674.147813687
          ],
          [
            629919.0998220172,
            5219674.701901026
          ],
          [
            629919.969938123,
            5219675.255988364
          ],
          [
            629920.8400542288,
            5219675.810075702
          ],
          [
            629921.7101703346,
            5219676.364163041
          ],
          [
            629922.5802864404,
            5219676.918250379
          ],
          [
            629923.4504025462,
            5219677.472337717
          ],
          [
            629924.320518652,
            5219678.026425056
          ],
          [
            629925.1906347577,
            5219678.580512394
          ],
          [
            629926.0607508635,
            5219679.134599732
          ],
          [
            629926.9308669694,
            5219679.688687071
          ],
          [
            629927.8009830752,
            5219680.242774409
          ],
          [
            629928.6710991809,
            5219680.796861748
          ],
          [
            629929.5412152868,
            5219681.350949086
          ],
          [
            629930.4113313926,
            5219681.905036424
          ],
          [
            629931.2814474984,
            5219682.459123763
          ],
          [
            629932.1515636041,
            5219683.013211101
          ],
          [
            629933.0216797099,
            5219683.567298439
          ],
          [
            629933.8917958158,
            5219684.121385778
          ],
          [
            629934.7619119213,
            5219684.675473116
          ],
          [
            629935.5380815306,
            5219685.306495252
          ],
          [
            629936.3142511393,
            5219685.937517387
          ],
          [
            629937.0904207485,
            5219686.568539523
          ],
          [
            629937.8665903576,
            5219687.199561658
          ],
          [
            629938.6427599663,
            5219687.830583793
          ],
          [
            629939.4189295755,
            5219688.461605929
          ],
          [
            629940.1950991846,
            5219689.092628065
          ],
          [
            629940.9712687933,
            5219689.723650199
          ],
          [
            629941.7474384026,
            5219690.354672335
          ],
          [
            629942.5236080117,
            5219690.985694471
          ],
          [
            629943.2997776205,
            5219691.616716606
          ],
          [
            629944.0759472296,
            5219692.247738741
          ],
          [
            629944.8824818089,
            5219692.875401548
          ],
          [
            629945.6890163881,
            5219693.503064355
          ],
          [
            629946.4955509674,
            5219694.130727161
          ],
          [
            629947.3020855465,
            5219694.7583899675
          ],
          [
            629948.1086201258,
            5219695.386052774
          ],
          [
            629948.915154705,
            5219696.013715581
          ],
          [
            629949.7216892843,
            5219696.641378387
          ],
          [
            629950.5282238636,
            5219697.269041194
          ],
          [
            629951.3347584428,
            5219697.896704
          ],
          [
            629952.141293022,
            5219698.524366807
          ],
          [
            629952.9478276012,
            5219699.152029613
          ],
          [
            629953.7543621805,
            5219699.77969242
          ],
          [
            629954.5608967597,
            5219700.407355227
          ],
          [
            629955.367431339,
            5219701.035018033
          ],
          [
            629956.1739659182,
            5219701.662680839
          ],
          [
            629956.9805004974,
            5219702.290343646
          ],
          [
            629957.7870350766,
            5219702.918006453
          ],
          [
            629958.5935696559,
            5219703.5456692595
          ],
          [
            629959.4001042352,
            5219704.173332065
          ],
          [
            629960.2066388144,
            5219704.800994872
          ],
          [
            629961.0131733937,
            5219705.428657679
          ],
          [
            629961.8197079729,
            5219706.056320486
          ],
          [
            629962.6262425521,
            5219706.683983292
          ],
          [
            629963.4327771313,
            5219707.311646098
          ],
          [
            629964.2393117106,
            5219707.939308905
          ],
          [
            629965.0458462898,
            5219708.566971712
          ],
          [
            629965.8523808691,
            5219709.194634519
          ],
          [
            629966.6589154484,
            5219709.822297324
          ],
          [
            629967.4654500275,
            5219710.449960131
          ],
          [
            629968.2719846067,
            5219711.077622938
          ],
          [
            629969.078519186,
            5219711.705285745
          ],
          [
            629969.8850537653,
            5219712.332948551
          ],
          [
            629970.6915883445,
            5219712.960611357
          ],
          [
            629971.4981229238,
            5219713.588274164
          ],
          [
            629972.3046575029,
            5219714.215936971
          ],
          [
            629973.1111920822,
            5219714.843599777
          ],
          [
            629973.9177266614,
            5219715.4712625835
          ],
          [
            629974.7242612406,
            5219716.09892539
          ],
          [
            629973.98912099,
            5219715.193744214
          ],
          [
            629973.2539807393,
            5219714.288563039
          ],
          [
            629972.5188404886,
            5219713.383381863
          ],
          [
            629973.1734990644,
            5219712.592460747
          ],
          [
            629973.8281576402,
            5219711.801539631
          ],
          [
            629974.4828162161,
            5219711.010618513
          ],
          [
            629975.1374747918,
            5219710.219697397
          ],
          [
            629975.7921333676,
            5219709.428776281
          ],
          [
            629976.4467919434,
            5219708.637855165
          ],
          [
            629977.1014505192,
            5219707.846934048
          ],
          [
            629977.7561090951,
            5219707.056012932
          ],
          [
            629978.4107676708,
            5219706.265091815
          ],
          [
            629979.0654262466,
            5219705.474170699
          ],
          [
            629979.7200848224,
            5219704.683249583
          ],
          [
            629980.3747433982,
            5219703.892328466
          ],
          [
            629981.029401974,
            5219703.10140735
          ],
          [
            629981.6840605498,
            5219702.310486234
          ],
          [
            629982.3387191256,
            5219701.519565117
          ],
          [
            629982.9933777014,
            5219700.728644
          ],
          [
            629983.6480362772,
            5219699.937722884
          ],
          [
            629984.302694853,
            5219699.146801768
          ],
          [
            629984.9573534288,
            5219698.355880652
          ],
          [
            629985.6120120046,
            5219697.564959535
          ],
          [
            629986.2666705804,
            5219696.774038418
          ],
          [
            629986.9213291561,
            5219695.983117302
          ],
          [
            629987.575987732,
            5219695.192196186
          ],
          [
            629988.2306463078,
            5219694.401275069
          ],
          [
            629988.8853048836,
            5219693.610353953
          ],
          [
            629989.5399634594,
            5219692.819432837
          ],
          [
            629990.1946220351,
            5219692.02851172
          ],
          [
            629990.849280611,
            5219691.2375906035
          ],
          [
            629991.5039391868,
            5219690.446669487
          ],
          [
            629992.1585977626,
            5219689.655748371
          ],
          [
            629992.8132563384,
            5219688.864827255
          ],
          [
            629993.4679149141,
            5219688.073906139
          ],
          [
            629994.12257349,
            5219687.282985021
          ],
          [
            629994.7772320658,
            5219686.492063905
          ],
          [
            629995.4318906418,
            5219685.701142789
          ],
          [
            629996.0962365954,
            5219684.953297449
          ],
          [
            629996.7605825486,
            5219684.205452111
          ],
          [
            629997.4249285021,
            5219683.457606771
          ],
          [
            629998.0892744553,
            5219682.709761432
          ],
          [
            629998.7536204088,
            5219681.961916093
          ],
          [
            629999.4179663621,
            5219681.214070754
          ],
          [
            630000.0823123156,
            5219680.466225415
          ],
          [
            630000.7466582692,
            5219679.718380075
          ],
          [
            630001.4110042225,
            5219678.970534736
          ],
          [
            630002.0753501758,
            5219678.222689397
          ],
          [
            630002.7396961293,
            5219677.474844058
          ],
          [
            630003.4040420827,
            5219676.726998718
          ],
          [
            630004.1466575818,
            5219676.044299903
          ],
          [
            630004.8892730809,
            5219675.361601088
          ],
          [
            630005.63188858,
            5219674.678902274
          ],
          [
            630006.3745040791,
            5219673.996203459
          ],
          [
            630007.1171195782,
            5219673.313504644
          ],
          [
            630007.8597350772,
            5219672.630805829
          ],
          [
            630008.6023505763,
            5219671.948107014
          ],
          [
            630009.3449660754,
            5219671.265408199
          ],
          [
            630010.0875815746,
            5219670.582709384
          ],
          [
            630010.8301970736,
            5219669.900010569
          ],
          [
            630011.5728125727,
            5219669.217311755
          ],
          [
            630012.3154280718,
            5219668.53461294
          ],
          [
            630013.0580435708,
            5219667.851914125
          ],
          [
            630013.8006590699,
            5219667.169215309
          ],
          [
            630014.5432745691,
            5219666.486516494
          ],
          [
            630015.2858900682,
            5219665.80381768
          ],
          [
            630016.0285055672,
            5219665.121118865
          ],
          [
            630016.7711210663,
            5219664.43842005
          ],
          [
            630017.5137365654,
            5219663.755721235
          ],
          [
            630018.2563520644,
            5219663.0730224205
          ],
          [
            630018.9989675636,
            5219662.390323605
          ],
          [
            630019.7415830627,
            5219661.70762479
          ],
          [
            630020.4841985618,
            5219661.024925975
          ],
          [
            630021.2268140608,
            5219660.34222716
          ],
          [
            630021.9694295599,
            5219659.659528346
          ],
          [
            630022.712045059,
            5219658.976829531
          ],
          [
            630023.4546605581,
            5219658.294130716
          ],
          [
            630024.1972760572,
            5219657.6114319
          ],
          [
            630024.9398915563,
            5219656.928733086
          ],
          [
            630025.6825070553,
            5219656.246034271
          ],
          [
            630026.4251225544,
            5219655.563335456
          ],
          [
            630027.1677380535,
            5219654.880636641
          ],
          [
            630027.9103535527,
            5219654.197937827
          ],
          [
            630028.6519423113,
            5219653.514118778
          ],
          [
            630029.3955845508,
            5219652.832540196
          ],
          [
            630030.1330163628,
            5219652.1566537265
          ],
          [
            630030.8704481748,
            5219651.4807672575
          ],
          [
            630031.6078799869,
            5219650.804880788
          ],
          [
            630032.345311799,
            5219650.128994318
          ],
          [
            630033.082743611,
            5219649.453107848
          ],
          [
            630033.820175423,
            5219648.777221378
          ],
          [
            630034.5576072349,
            5219648.101334909
          ],
          [
            630035.295039047,
            5219647.425448439
          ],
          [
            630036.0324708591,
            5219646.749561969
          ],
          [
            630036.7699026709,
            5219646.0736755
          ],
          [
            630037.5073344831,
            5219645.39778903
          ],
          [
            630038.2447662952,
            5219644.72190256
          ],
          [
            630038.963905313,
            5219644.004593253
          ],
          [
            630039.6830443309,
            5219643.287283947
          ],
          [
            630040.4021833489,
            5219642.569974639
          ],
          [
            630041.1213223668,
            5219641.852665333
          ],
          [
            630041.8404613846,
            5219641.135356026
          ],
          [
            630042.5596004025,
            5219640.418046719
          ],
          [
            630043.2787394203,
            5219639.700737412
          ],
          [
            630043.9978784383,
            5219638.983428106
          ],
          [
            630044.7170174562,
            5219638.266118798
          ],
          [
            630045.436156474,
            5219637.548809492
          ],
          [
            630046.1552954919,
            5219636.831500185
          ],
          [
            630046.8744345098,
            5219636.114190878
          ],
          [
            630047.5935735278,
            5219635.396881571
          ],
          [
            630048.3127125456,
            5219634.679572265
          ],
          [
            630049.0318515635,
            5219633.962262957
          ],
          [
            630049.7509905813,
            5219633.244953651
          ],
          [
            630050.4701295992,
            5219632.527644344
          ],
          [
            630051.1892686172,
            5219631.810335036
          ],
          [
            630051.908407635,
            5219631.09302573
          ],
          [
            630052.6275466529,
            5219630.375716423
          ],
          [
            630053.3466856708,
            5219629.658407116
          ],
          [
            630054.0658246886,
            5219628.941097809
          ],
          [
            630054.7849637065,
            5219628.223788503
          ],
          [
            630055.5041027245,
            5219627.506479195
          ],
          [
            630056.2232417424,
            5219626.789169889
          ],
          [
            630056.9423807602,
            5219626.071860582
          ],
          [
            630057.6615197781,
            5219625.354551275
          ],
          [
            630058.3806587959,
            5219624.637241968
          ],
          [
            630059.0997978139,
            5219623.919932662
          ],
          [
            630059.8189368318,
            5219623.202623354
          ],
          [
            630060.5380758496,
            5219622.485314048
          ],
          [
            630061.2572148675,
            5219621.768004741
          ],
          [
            630061.9763538854,
            5219621.050695434
          ],
          [
            630062.6954929034,
            5219620.333386127
          ],
          [
            630063.4146319212,
            5219619.6160768205
          ],
          [
            630064.1337709391,
            5219618.898767513
          ],
          [
            630064.9789354206,
            5219618.319581015
          ],
          [
            630065.8240999022,
            5219617.740394518
          ],
          [
            630066.6692643838,
            5219617.16120802
          ],
          [
            630067.5144288654,
            5219616.582021521
          ],
          [
            630068.359593347,
            5219616.002835024
          ],
          [
            630069.2047578285,
            5219615.423648526
          ],
          [
            630070.04992231,
            5219614.844462029
          ],
          [
            630070.8950867916,
            5219614.2652755305
          ],
          [
            630071.7402512731,
            5219613.686089032
          ],
          [
            630072.5854157548,
            5219613.106902535
          ],
          [
            630073.4305802364,
            5219612.527716037
          ],
          [
            630074.2757447179,
            5219611.948529539
          ],
          [
            630075.1209091995,
            5219611.369343041
          ],
          [
            630075.966073681,
            5219610.790156543
          ],
          [
            630076.8112381627,
            5219610.210970045
          ],
          [
            630077.6564026442,
            5219609.631783548
          ],
          [
            630078.5015671258,
            5219609.05259705
          ],
          [
            630079.3467316073,
            5219608.473410552
          ],
          [
            630080.1918960889,
            5219607.894224054
          ],
          [
            630081.0370605704,
            5219607.315037556
          ],
          [
            630081.882225052,
            5219606.735851059
          ],
          [
            630082.7273895337,
            5219606.156664561
          ],
          [
            630083.5725540152,
            5219605.577478062
          ],
          [
            630084.4177184968,
            5219604.998291565
          ],
          [
            630085.2628829783,
            5219604.419105067
          ],
          [
            630086.1080474599,
            5219603.839918569
          ],
          [
            630086.9532119415,
            5219603.2607320715
          ],
          [
            630087.7983764231,
            5219602.681545573
          ],
          [
            630088.6435409046,
            5219602.102359075
          ],
          [
            630089.4887053862,
            5219601.523172578
          ],
          [
            630090.3338698677,
            5219600.94398608
          ],
          [
            630091.1790343493,
            5219600.364799582
          ],
          [
            630092.0241988308,
            5219599.785613084
          ],
          [
            630092.8693633125,
            5219599.206426586
          ],
          [
            630093.714527794,
            5219598.627240089
          ],
          [
            630094.5596922756,
            5219598.048053591
          ],
          [
            630095.1786345498,
            5219598.858021608
          ],
          [
            630095.797576824,
            5219599.667989625
          ],
          [
            630096.4165190982,
            5219600.477957641
          ],
          [
            630097.0354613723,
            5219601.287925658
          ],
          [
            630097.6544036466,
            5219602.097893675
          ],
          [
            630098.2733459207,
            5219602.907861692
          ],
          [
            630098.892288195,
            5219603.717829708
          ],
          [
            630099.5112304691,
            5219604.527797725
          ],
          [
            630100.1301727433,
            5219605.337765742
          ],
          [
            630100.7491150175,
            5219606.147733759
          ],
          [
            630101.3680572917,
            5219606.957701776
          ],
          [
            630101.9869995659,
            5219607.767669792
          ],
          [
            630102.6059418401,
            5219608.577637809
          ],
          [
            630103.2248841142,
            5219609.387605826
          ],
          [
            630103.8438263885,
            5219610.197573843
          ],
          [
            630104.4627686626,
            5219611.0075418595
          ],
          [
            630105.0817109369,
            5219611.817509877
          ],
          [
            630105.700653211,
            5219612.627477894
          ],
          [
            630106.3195954852,
            5219613.437445911
          ],
          [
            630106.9385377594,
            5219614.247413927
          ],
          [
            630107.5574800336,
            5219615.057381944
          ],
          [
            630108.1764223077,
            5219615.867349961
          ],
          [
            630108.795364582,
            5219616.677317978
          ],
          [
            630109.4143068561,
            5219617.487285995
          ],
          [
            630110.0332491304,
            5219618.297254011
          ],
          [
            630110.6521914045,
            5219619.107222028
          ],
          [
            630111.2711336787,
            5219619.917190045
          ],
          [
            630111.8900759529,
            5219620.727158062
          ],
          [
            630112.5090182271,
            5219621.537126078
          ],
          [
            630113.1279605012,
            5219622.347094095
          ],
          [
            630113.7469027755,
            5219623.157062112
          ],
          [
            630114.5346389362,
            5219623.804534792
          ],
          [
            630115.3223750968,
            5219624.452007472
          ],
          [
            630116.1101112575,
            5219625.099480151
          ],
          [
            630116.8978474182,
            5219625.746952831
          ],
          [
            630117.6855835789,
            5219626.39442551
          ],
          [
            630118.4733197396,
            5219627.04189819
          ],
          [
            630119.2610559002,
            5219627.68937087
          ],
          [
            630120.0487920609,
            5219628.336843549
          ],
          [
            630120.8365282216,
            5219628.984316229
          ],
          [
            630121.6242643823,
            5219629.6317889085
          ],
          [
            630122.412000543,
            5219630.279261588
          ],
          [
            630123.1997367037,
            5219630.926734268
          ],
          [
            630123.9874728643,
            5219631.574206947
          ],
          [
            630124.775209025,
            5219632.221679628
          ],
          [
            630125.5629451857,
            5219632.8691523075
          ],
          [
            630126.3506813464,
            5219633.516624987
          ],
          [
            630127.138417507,
            5219634.164097667
          ],
          [
            630127.9261536677,
            5219634.811570346
          ],
          [
            630128.7138898284,
            5219635.459043026
          ],
          [
            630129.5016259891,
            5219636.106515706
          ],
          [
            630130.2893621498,
            5219636.753988385
          ],
          [
            630131.0770983105,
            5219637.401461065
          ],
          [
            630131.8648344711,
            5219638.048933744
          ],
          [
            630132.6525706318,
            5219638.696406424
          ],
          [
            630133.4403067925,
            5219639.343879104
          ],
          [
            630134.2280429532,
            5219639.991351783
          ],
          [
            630135.0157791139,
            5219640.638824463
          ],
          [
            630134.2280429532,
            5219639.991351783
          ],
          [
            630133.4403067925,
            5219639.343879104
          ],
          [
            630132.6525706318,
            5219638.696406424
          ],
          [
            630131.8648344711,
            5219638.048933744
          ],
          [
            630131.0770983105,
            5219637.401461065
          ],
          [
            630130.2893621498,
            5219636.753988385
          ],
          [
            630129.5016259891,
            5219636.106515706
          ],
          [
            630128.7138898284,
            5219635.459043026
          ],
          [
            630127.9261536677,
            5219634.811570346
          ],
          [
            630127.138417507,
            5219634.164097667
          ],
          [
            630126.3506813464,
            5219633.516624987
          ],
          [
            630125.5629451857,
            5219632.8691523075
          ],
          [
            630124.775209025,
            5219632.221679628
          ],
          [
            630123.9874728643,
            5219631.574206947
          ],
          [
            630123.1997367037,
            5219630.926734268
          ],
          [
            630122.412000543,
            5219630.279261588
          ],
          [
            630121.6242643823,
            5219629.6317889085
          ],
          [
            630120.8365282216,
            5219628.984316229
          ],
          [
            630120.0487920609,
            5219628.336843549
          ],
          [
            630119.2610559002,
            5219627.68937087
          ],
          [
            630118.4733197396,
            5219627.04189819
          ],
          [
            630117.6855835789,
            5219626.39442551
          ],
          [
            630116.8978474182,
            5219625.746952831
          ],
          [
            630116.1101112575,
            5219625.099480151
          ],
          [
            630115.3223750968,
            5219624.452007472
          ],
          [
            630114.5346389362,
            5219623.804534792
          ],
          [
            630113.7469027755,
            5219623.157062112
          ],
          [
            630113.1056432723,
            5219622.358937094
          ],
          [
            630112.464383769,
            5219621.560812076
          ],
          [
            630111.8231242658,
            5219620.762687056
          ],
          [
            630111.1818647626,
            5219619.964562038
          ],
          [
            630110.5406052592,
            5219619.16643702
          ],
          [
            630109.899345756,
            5219618.368312001
          ],
          [
            630109.2580862528,
            5219617.570186982
          ],
          [
            630108.6168267495,
            5219616.772061964
          ],
          [
            630107.9755672463,
            5219615.973936945
          ],
          [
            630107.334307743,
            5219615.175811927
          ],
          [
            630106.6930482398,
            5219614.377686908
          ],
          [
            630106.0517887366,
            5219613.579561889
          ],
          [
            630105.4105292333,
            5219612.781436871
          ],
          [
            630104.7692697301,
            5219611.983311852
          ],
          [
            630104.1280102269,
            5219611.185186833
          ],
          [
            630103.4867507236,
            5219610.387061815
          ],
          [
            630102.8454912204,
            5219609.588936796
          ],
          [
            630102.2042317172,
            5219608.790811778
          ],
          [
            630101.5629722138,
            5219607.99268676
          ],
          [
            630100.9217127106,
            5219607.19456174
          ],
          [
            630100.2804532074,
            5219606.396436722
          ],
          [
            630099.6391937041,
            5219605.598311704
          ],
          [
            630098.9979342009,
            5219604.800186685
          ],
          [
            630098.3566746977,
            5219604.002061666
          ],
          [
            630097.7154151944,
            5219603.203936648
          ],
          [
            630097.0741556912,
            5219602.405811629
          ],
          [
            630096.4328961879,
            5219601.607686611
          ],
          [
            630095.7916366847,
            5219600.809561592
          ],
          [
            630095.1503771815,
            5219600.011436573
          ],
          [
            630094.5091176782,
            5219599.213311555
          ],
          [
            630093.867858175,
            5219598.4151865365
          ],
          [
            630093.2265986718,
            5219597.617061517
          ],
          [
            630092.5853391684,
            5219596.818936499
          ],
          [
            630091.9440796652,
            5219596.0208114805
          ],
          [
            630092.7165882409,
            5219595.385312702
          ],
          [
            630093.4890968167,
            5219594.749813923
          ],
          [
            630094.2616053924,
            5219594.114315145
          ],
          [
            630095.0341139681,
            5219593.478816366
          ],
          [
            630095.8066225438,
            5219592.843317587
          ],
          [
            630096.5791311197,
            5219592.207818808
          ],
          [
            630097.3516396955,
            5219591.572320029
          ],
          [
            630098.124148271,
            5219590.936821251
          ],
          [
            630098.8966568467,
            5219590.301322472
          ],
          [
            630099.6691654224,
            5219589.665823693
          ],
          [
            630100.4416739983,
            5219589.0303249145
          ],
          [
            630101.2141825738,
            5219588.3948261365
          ],
          [
            630101.9866911497,
            5219587.759327358
          ],
          [
            630102.7591997253,
            5219587.123828579
          ],
          [
            630103.5317083012,
            5219586.4883298
          ],
          [
            630104.304216877,
            5219585.852831021
          ],
          [
            630105.0767254526,
            5219585.217332243
          ],
          [
            630105.8492340283,
            5219584.581833464
          ],
          [
            630106.6217426041,
            5219583.946334685
          ],
          [
            630107.3942511799,
            5219583.310835906
          ],
          [
            630108.1667597557,
            5219582.675337127
          ],
          [
            630108.9392683312,
            5219582.039838349
          ],
          [
            630109.7117769069,
            5219581.404339571
          ],
          [
            630110.4842854827,
            5219580.768840792
          ],
          [
            630111.2567940585,
            5219580.133342013
          ],
          [
            630112.0293026344,
            5219579.497843234
          ],
          [
            630112.8018112098,
            5219578.862344456
          ],
          [
            630113.5743197856,
            5219578.226845677
          ],
          [
            630114.3468283614,
            5219577.591346898
          ],
          [
            630115.1193369373,
            5219576.955848119
          ],
          [
            630115.8918455127,
            5219576.320349341
          ],
          [
            630116.6643540885,
            5219575.684850562
          ],
          [
            630117.4368626643,
            5219575.0493517835
          ],
          [
            630118.2093712401,
            5219574.413853005
          ],
          [
            630118.9818798159,
            5219573.778354226
          ],
          [
            630119.7543883913,
            5219573.142855448
          ],
          [
            630120.5268969672,
            5219572.507356669
          ],
          [
            630121.299405543,
            5219571.87185789
          ],
          [
            630122.0719141188,
            5219571.236359111
          ],
          [
            630122.8444226942,
            5219570.600860333
          ],
          [
            630123.61693127,
            5219569.965361554
          ],
          [
            630124.3894398458,
            5219569.329862775
          ],
          [
            630125.1619037996,
            5219568.6944007045
          ],
          [
            630125.9343677534,
            5219568.058938634
          ],
          [
            630126.7068317073,
            5219567.423476563
          ],
          [
            630127.4792956611,
            5219566.788014492
          ],
          [
            630128.2517596149,
            5219566.152552421
          ],
          [
            630129.0242235686,
            5219565.517090351
          ],
          [
            630129.796687522,
            5219564.8816282805
          ],
          [
            630130.5695762043,
            5219564.245240193
          ],
          [
            630131.3300689815,
            5219563.595586609
          ],
          [
            630132.0905617586,
            5219562.945933024
          ],
          [
            630132.8510545358,
            5219562.296279441
          ],
          [
            630133.6115473132,
            5219561.646625857
          ],
          [
            630134.3721271856,
            5219560.996897872
          ],
          [
            630135.1327070579,
            5219560.347169886
          ],
          [
            630135.8932869302,
            5219559.6974419
          ],
          [
            630136.6538668026,
            5219559.047713915
          ],
          [
            630137.414446675,
            5219558.39798593
          ],
          [
            630138.1750265473,
            5219557.748257944
          ],
          [
            630138.9356064196,
            5219557.098529959
          ],
          [
            630139.6961862921,
            5219556.448801973
          ],
          [
            630140.4567661644,
            5219555.799073988
          ],
          [
            630141.2173460367,
            5219555.149346002
          ],
          [
            630141.977925909,
            5219554.499618017
          ],
          [
            630142.7385057814,
            5219553.849890032
          ],
          [
            630143.4990856539,
            5219553.200162046
          ],
          [
            630144.2596655261,
            5219552.55043406
          ],
          [
            630145.0202453984,
            5219551.900706075
          ],
          [
            630145.7808252708,
            5219551.25097809
          ],
          [
            630146.5414051432,
            5219550.601250105
          ],
          [
            630147.3019850157,
            5219549.951522118
          ],
          [
            630148.0625648879,
            5219549.301794133
          ],
          [
            630148.8231447602,
            5219548.652066148
          ],
          [
            630149.5837246325,
            5219548.002338163
          ],
          [
            630150.3443045049,
            5219547.352610177
          ],
          [
            630151.1048843774,
            5219546.702882191
          ],
          [
            630151.8654642497,
            5219546.053154206
          ],
          [
            630152.626044122,
            5219545.403426221
          ],
          [
            630153.3866239943,
            5219544.753698235
          ],
          [
            630154.1472038666,
            5219544.10397025
          ],
          [
            630154.9077837393,
            5219543.454242264
          ],
          [
            630155.6683636116,
            5219542.804514279
          ],
          [
            630156.4289434839,
            5219542.154786293
          ],
          [
            630157.189523356,
            5219541.505058308
          ],
          [
            630157.9501032284,
            5219540.855330323
          ],
          [
            630158.7106831012,
            5219540.205602337
          ],
          [
            630159.4712629734,
            5219539.555874351
          ],
          [
            630160.2318428457,
            5219538.906146366
          ],
          [
            630160.992422718,
            5219538.256418381
          ],
          [
            630161.7530025903,
            5219537.606690396
          ],
          [
            630162.5135824626,
            5219536.95696241
          ],
          [
            630163.2741623349,
            5219536.307234425
          ],
          [
            630164.0347422075,
            5219535.657506439
          ],
          [
            630164.7953220798,
            5219535.007778454
          ],
          [
            630165.555901952,
            5219534.358050468
          ],
          [
            630166.3164818243,
            5219533.708322483
          ],
          [
            630167.0770616967,
            5219533.058594498
          ],
          [
            630167.8376415693,
            5219532.408866512
          ],
          [
            630168.5982214416,
            5219531.759138526
          ],
          [
            630169.3588013139,
            5219531.109410541
          ],
          [
            630170.1193811861,
            5219530.459682556
          ],
          [
            630170.8799610584,
            5219529.809954571
          ],
          [
            630171.6405409308,
            5219529.160226585
          ],
          [
            630172.4011208031,
            5219528.5104986
          ],
          [
            630173.1617006756,
            5219527.860770614
          ],
          [
            630173.9222805479,
            5219527.211042629
          ],
          [
            630174.6828604202,
            5219526.561314643
          ],
          [
            630175.4434402925,
            5219525.911586658
          ],
          [
            630176.2040201649,
            5219525.261858673
          ],
          [
            630176.9646000374,
            5219524.612130687
          ],
          [
            630177.7251799097,
            5219523.962402701
          ],
          [
            630178.485759782,
            5219523.312674716
          ],
          [
            630179.2463396543,
            5219522.662946731
          ],
          [
            630180.0069195267,
            5219522.013218746
          ],
          [
            630180.767499399,
            5219521.36349076
          ],
          [
            630181.5280792713,
            5219520.713762775
          ],
          [
            630182.2886591438,
            5219520.064034789
          ],
          [
            630183.0492390161,
            5219519.414306804
          ],
          [
            630183.8098188884,
            5219518.764578818
          ],
          [
            630184.5703987607,
            5219518.114850833
          ],
          [
            630185.3309786331,
            5219517.465122848
          ],
          [
            630186.0915585057,
            5219516.815394862
          ],
          [
            630186.8521383778,
            5219516.165666876
          ],
          [
            630187.6127182501,
            5219515.515938891
          ],
          [
            630188.3732981225,
            5219514.866210906
          ],
          [
            630189.133877995,
            5219514.216482921
          ],
          [
            630189.8944578673,
            5219513.566754935
          ],
          [
            630190.6550377395,
            5219512.91702695
          ],
          [
            630191.415617612,
            5219512.267298964
          ],
          [
            630192.1761974844,
            5219511.617570979
          ],
          [
            630192.9367773567,
            5219510.967842993
          ],
          [
            630193.697357229,
            5219510.318115008
          ],
          [
            630194.4579371014,
            5219509.668387023
          ],
          [
            630195.2185169738,
            5219509.018659037
          ],
          [
            630195.9790968461,
            5219508.368931051
          ],
          [
            630196.7396767184,
            5219507.719203066
          ],
          [
            630197.5002565908,
            5219507.069475081
          ],
          [
            630198.5439261541,
            5219507.144266739
          ],
          [
            630199.5875957176,
            5219507.219058395
          ],
          [
            630200.631265281,
            5219507.293850053
          ],
          [
            630201.6749348444,
            5219507.368641711
          ],
          [
            630202.7186044079,
            5219507.443433368
          ],
          [
            630203.7622739711,
            5219507.518225025
          ],
          [
            630203.8958440826,
            5219508.531865873
          ],
          [
            630204.0294141938,
            5219509.545506721
          ],
          [
            630204.1629843052,
            5219510.55914757
          ],
          [
            630204.2965544165,
            5219511.572788418
          ],
          [
            630204.4301245279,
            5219512.586429266
          ],
          [
            630204.5636946391,
            5219513.600070114
          ],
          [
            630204.6972647505,
            5219514.613710963
          ],
          [
            630204.8308348618,
            5219515.627351811
          ],
          [
            630204.9644049731,
            5219516.640992659
          ],
          [
            630205.0979750844,
            5219517.654633507
          ],
          [
            630205.2315451958,
            5219518.668274356
          ],
          [
            630205.365115307,
            5219519.681915204
          ],
          [
            630205.4986854184,
            5219520.695556052
          ],
          [
            630205.6322555298,
            5219521.7091969
          ],
          [
            630205.7658256411,
            5219522.722837749
          ],
          [
            630205.8993957523,
            5219523.736478597
          ],
          [
            630206.0329658637,
            5219524.750119445
          ],
          [
            630206.1665359751,
            5219525.763760293
          ],
          [
            630206.3001060863,
            5219526.777401141
          ],
          [
            630206.4336761977,
            5219527.79104199
          ],
          [
            630206.567246309,
            5219528.804682838
          ],
          [
            630206.7008164204,
            5219529.818323686
          ],
          [
            630206.8343865316,
            5219530.831964534
          ],
          [
            630206.967956643,
            5219531.845605383
          ],
          [
            630207.1015267543,
            5219532.859246231
          ],
          [
            630207.2350968656,
            5219533.872887079
          ],
          [
            630207.3686669769,
            5219534.886527927
          ],
          [
            630207.5022370883,
            5219535.900168776
          ],
          [
            630207.6358071995,
            5219536.913809624
          ],
          [
            630207.7693773109,
            5219537.927450472
          ],
          [
            630207.9029474222,
            5219538.94109132
          ],
          [
            630208.0365175336,
            5219539.9547321685
          ],
          [
            630208.1700876448,
            5219540.968373016
          ],
          [
            630208.3036577562,
            5219541.982013864
          ],
          [
            630208.5373289525,
            5219543.039735267
          ],
          [
            630208.7710001486,
            5219544.097456669
          ],
          [
            630209.0046713449,
            5219545.155178072
          ],
          [
            630209.238342541,
            5219546.212899474
          ],
          [
            630209.4720137373,
            5219547.270620877
          ],
          [
            630209.7056849335,
            5219548.328342279
          ],
          [
            630209.9393561295,
            5219549.386063681
          ],
          [
            630210.1730273258,
            5219550.4437850835
          ],
          [
            630210.4066985219,
            5219551.501506486
          ],
          [
            630210.6403697182,
            5219552.5592278885
          ],
          [
            630210.8740409144,
            5219553.616949291
          ],
          [
            630211.1077121105,
            5219554.674670693
          ],
          [
            630210.8740409144,
            5219553.616949291
          ],
          [
            630210.6403697182,
            5219552.5592278885
          ],
          [
            630210.4066985219,
            5219551.501506486
          ],
          [
            630210.1730273258,
            5219550.4437850835
          ],
          [
            630209.9393561295,
            5219549.386063681
          ],
          [
            630209.7056849335,
            5219548.328342279
          ],
          [
            630209.4720137373,
            5219547.270620877
          ],
          [
            630209.238342541,
            5219546.212899474
          ],
          [
            630209.0046713449,
            5219545.155178072
          ],
          [
            630208.7710001486,
            5219544.097456669
          ],
          [
            630208.5373289525,
            5219543.039735267
          ],
          [
            630208.3036577562,
            5219541.982013864
          ],
          [
            630208.1700876448,
            5219540.968373016
          ],
          [
            630208.0365175336,
            5219539.9547321685
          ],
          [
            630207.9029474222,
            5219538.94109132
          ],
          [
            630207.7693773109,
            5219537.927450472
          ],
          [
            630207.6358071995,
            5219536.913809624
          ],
          [
            630207.5022370883,
            5219535.900168776
          ],
          [
            630207.3686669769,
            5219534.886527927
          ],
          [
            630207.2350968656,
            5219533.872887079
          ],
          [
            630207.1015267543,
            5219532.859246231
          ],
          [
            630206.967956643,
            5219531.845605383
          ],
          [
            630206.8343865316,
            5219530.831964534
          ],
          [
            630206.7008164204,
            5219529.818323686
          ],
          [
            630206.567246309,
            5219528.804682838
          ],
          [
            630206.4336761977,
            5219527.79104199
          ],
          [
            630206.3001060863,
            5219526.777401141
          ],
          [
            630206.1665359751,
            5219525.763760293
          ],
          [
            630206.0329658637,
            5219524.750119445
          ],
          [
            630205.8993957523,
            5219523.736478597
          ],
          [
            630205.7658256411,
            5219522.722837749
          ],
          [
            630205.6322555298,
            5219521.7091969
          ],
          [
            630205.4986854184,
            5219520.695556052
          ],
          [
            630205.365115307,
            5219519.681915204
          ],
          [
            630205.2315451958,
            5219518.668274356
          ],
          [
            630205.0979750844,
            5219517.654633507
          ],
          [
            630204.9644049731,
            5219516.640992659
          ],
          [
            630204.8308348618,
            5219515.627351811
          ],
          [
            630204.6972647505,
            5219514.613710963
          ],
          [
            630204.5636946391,
            5219513.600070114
          ],
          [
            630204.4301245279,
            5219512.586429266
          ],
          [
            630204.2965544165,
            5219511.572788418
          ],
          [
            630204.1629843052,
            5219510.55914757
          ],
          [
            630204.0294141938,
            5219509.545506721
          ],
          [
            630203.8958440826,
            5219508.531865873
          ],
          [
            630203.7622739711,
            5219507.518225025
          ],
          [
            630202.7186044079,
            5219507.443433368
          ],
          [
            630201.6749348444,
            5219507.368641711
          ],
          [
            630200.631265281,
            5219507.293850053
          ],
          [
            630199.5875957176,
            5219507.219058395
          ],
          [
            630198.5439261541,
            5219507.144266739
          ],
          [
            630197.5002565908,
            5219507.069475081
          ],
          [
            630196.7396767184,
            5219507.719203066
          ],
          [
            630195.9790968461,
            5219508.368931051
          ],
          [
            630195.2185169738,
            5219509.018659037
          ],
          [
            630194.4579371014,
            5219509.668387023
          ],
          [
            630193.6973572291,
            5219510.318115008
          ],
          [
            630192.9367773567,
            5219510.967842993
          ],
          [
            630192.1761974844,
            5219511.617570979
          ],
          [
            630191.415617612,
            5219512.267298964
          ],
          [
            630190.6550377395,
            5219512.91702695
          ],
          [
            630189.8944578673,
            5219513.566754935
          ],
          [
            630189.133877995,
            5219514.216482921
          ],
          [
            630188.3732981225,
            5219514.866210906
          ],
          [
            630187.6127182503,
            5219515.515938891
          ],
          [
            630186.8521383778,
            5219516.165666876
          ],
          [
            630186.0915585057,
            5219516.815394862
          ],
          [
            630185.3309786331,
            5219517.465122848
          ],
          [
            630184.5703987607,
            5219518.114850833
          ],
          [
            630183.8098188884,
            5219518.764578818
          ],
          [
            630183.0492390161,
            5219519.414306804
          ],
          [
            630182.2886591438,
            5219520.064034789
          ],
          [
            630181.5280792713,
            5219520.713762775
          ],
          [
            630180.767499399,
            5219521.36349076
          ],
          [
            630180.0069195267,
            5219522.013218746
          ],
          [
            630179.2463396543,
            5219522.662946731
          ],
          [
            630178.485759782,
            5219523.312674716
          ],
          [
            630177.7251799097,
            5219523.962402701
          ],
          [
            630176.9646000374,
            5219524.612130687
          ],
          [
            630176.2040201649,
            5219525.261858673
          ],
          [
            630175.4434402925,
            5219525.911586658
          ],
          [
            630174.6828604202,
            5219526.561314643
          ],
          [
            630173.9222805479,
            5219527.211042629
          ],
          [
            630173.1617006756,
            5219527.860770614
          ],
          [
            630172.4011208031,
            5219528.5104986
          ],
          [
            630171.6405409308,
            5219529.160226585
          ],
          [
            630170.8799610585,
            5219529.809954571
          ],
          [
            630170.1193811861,
            5219530.459682556
          ],
          [
            630169.3588013138,
            5219531.109410541
          ],
          [
            630168.5982214416,
            5219531.759138526
          ],
          [
            630167.8376415693,
            5219532.408866512
          ],
          [
            630167.0770616967,
            5219533.058594498
          ],
          [
            630166.3164818243,
            5219533.708322483
          ],
          [
            630165.555901952,
            5219534.358050468
          ],
          [
            630164.7953220798,
            5219535.007778454
          ],
          [
            630164.0347422075,
            5219535.657506439
          ],
          [
            630163.2741623349,
            5219536.307234425
          ],
          [
            630162.5135824626,
            5219536.95696241
          ],
          [
            630161.7530025903,
            5219537.606690396
          ],
          [
            630160.992422718,
            5219538.256418381
          ],
          [
            630160.2318428457,
            5219538.906146366
          ],
          [
            630159.4712629734,
            5219539.555874351
          ],
          [
            630158.7106831009,
            5219540.205602338
          ],
          [
            630157.9501032284,
            5219540.855330323
          ],
          [
            630157.189523356,
            5219541.505058308
          ],
          [
            630156.4289434839,
            5219542.154786293
          ],
          [
            630155.6683636116,
            5219542.804514279
          ],
          [
            630154.907783739,
            5219543.454242265
          ],
          [
            630154.1472038666,
            5219544.10397025
          ],
          [
            630153.3866239943,
            5219544.753698235
          ],
          [
            630152.626044122,
            5219545.403426221
          ],
          [
            630151.8654642497,
            5219546.053154206
          ],
          [
            630151.1048843772,
            5219546.702882192
          ],
          [
            630150.3443045049,
            5219547.352610177
          ],
          [
            630149.5837246326,
            5219548.002338163
          ],
          [
            630148.8231447602,
            5219548.652066148
          ],
          [
            630148.0625648879,
            5219549.301794133
          ],
          [
            630147.3019850155,
            5219549.951522119
          ],
          [
            630146.5414051432,
            5219550.601250105
          ],
          [
            630145.7808252708,
            5219551.25097809
          ],
          [
            630145.0202453984,
            5219551.900706075
          ],
          [
            630144.2596655261,
            5219552.55043406
          ],
          [
            630143.4990856539,
            5219553.200162046
          ],
          [
            630142.7385057814,
            5219553.849890032
          ],
          [
            630141.977925909,
            5219554.499618017
          ],
          [
            630141.2173460367,
            5219555.149346002
          ],
          [
            630140.4567661644,
            5219555.799073988
          ],
          [
            630139.6961862921,
            5219556.448801973
          ],
          [
            630138.9356064196,
            5219557.098529959
          ],
          [
            630138.1750265473,
            5219557.748257944
          ],
          [
            630137.414446675,
            5219558.39798593
          ],
          [
            630136.6538668026,
            5219559.047713915
          ],
          [
            630135.8932869303,
            5219559.6974419
          ],
          [
            630135.1327070579,
            5219560.347169886
          ],
          [
            630134.3721271856,
            5219560.996897872
          ],
          [
            630133.6115473132,
            5219561.646625857
          ],
          [
            630132.8510545358,
            5219562.296279441
          ],
          [
            630132.0905617586,
            5219562.945933024
          ],
          [
            630131.3300689815,
            5219563.595586609
          ],
          [
            630130.5695762043,
            5219564.245240193
          ],
          [
            630129.796687522,
            5219564.8816282805
          ],
          [
            630129.0242235686,
            5219565.517090351
          ],
          [
            630128.2517596149,
            5219566.152552421
          ],
          [
            630127.4792956611,
            5219566.788014492
          ],
          [
            630126.7068317073,
            5219567.423476563
          ],
          [
            630125.9343677534,
            5219568.058938634
          ],
          [
            630125.1619037996,
            5219568.6944007045
          ],
          [
            630124.3894398458,
            5219569.329862775
          ],
          [
            630123.61693127,
            5219569.965361554
          ],
          [
            630122.8444226942,
            5219570.600860333
          ],
          [
            630122.0719141188,
            5219571.236359111
          ],
          [
            630121.299405543,
            5219571.87185789
          ],
          [
            630120.5268969672,
            5219572.507356669
          ],
          [
            630119.7543883913,
            5219573.142855448
          ],
          [
            630118.9818798159,
            5219573.778354226
          ],
          [
            630118.2093712401,
            5219574.413853005
          ],
          [
            630117.4368626643,
            5219575.0493517835
          ],
          [
            630116.6643540885,
            5219575.684850562
          ],
          [
            630115.8918455127,
            5219576.320349341
          ],
          [
            630115.1193369373,
            5219576.955848119
          ],
          [
            630114.3468283614,
            5219577.591346898
          ],
          [
            630113.5743197856,
            5219578.226845677
          ],
          [
            630112.8018112098,
            5219578.862344456
          ],
          [
            630112.0293026344,
            5219579.497843234
          ],
          [
            630111.2567940585,
            5219580.133342013
          ],
          [
            630110.4842854827,
            5219580.768840792
          ],
          [
            630109.7117769069,
            5219581.404339571
          ],
          [
            630108.9392683312,
            5219582.039838349
          ],
          [
            630108.1667597557,
            5219582.675337127
          ],
          [
            630107.3942511799,
            5219583.310835906
          ],
          [
            630106.6217426041,
            5219583.946334685
          ],
          [
            630105.8492340283,
            5219584.581833464
          ],
          [
            630105.0767254526,
            5219585.217332243
          ],
          [
            630104.304216877,
            5219585.852831021
          ],
          [
            630103.5317083012,
            5219586.4883298
          ],
          [
            630102.7591997253,
            5219587.123828579
          ],
          [
            630101.9866911497,
            5219587.759327358
          ],
          [
            630101.2141825738,
            5219588.3948261365
          ],
          [
            630100.4416739983,
            5219589.0303249145
          ],
          [
            630099.6691654224,
            5219589.665823693
          ],
          [
            630098.8966568467,
            5219590.301322472
          ],
          [
            630098.124148271,
            5219590.936821251
          ],
          [
            630097.3516396955,
            5219591.572320029
          ],
          [
            630096.5791311197,
            5219592.207818808
          ],
          [
            630095.8066225438,
            5219592.843317587
          ],
          [
            630095.0341139681,
            5219593.478816366
          ],
          [
            630094.2616053924,
            5219594.114315145
          ],
          [
            630093.4890968167,
            5219594.749813923
          ],
          [
            630092.7165882409,
            5219595.385312702
          ],
          [
            630091.9440796652,
            5219596.0208114805
          ],
          [
            630092.642026733,
            5219596.761166268
          ],
          [
            630093.3399738008,
            5219597.501521055
          ],
          [
            630094.0379208686,
            5219598.241875842
          ],
          [
            630094.7358679364,
            5219598.98223063
          ],
          [
            630095.4338150042,
            5219599.722585416
          ],
          [
            630096.131762072,
            5219600.462940204
          ],
          [
            630096.8297091398,
            5219601.2032949915
          ],
          [
            630097.5276562076,
            5219601.943649778
          ],
          [
            630098.2256032754,
            5219602.684004566
          ],
          [
            630098.9235503431,
            5219603.424359353
          ],
          [
            630099.6214974109,
            5219604.16471414
          ],
          [
            630100.3194444787,
            5219604.905068927
          ],
          [
            630101.0173915465,
            5219605.645423715
          ],
          [
            630101.7153386143,
            5219606.385778502
          ],
          [
            630102.4132856821,
            5219607.126133289
          ],
          [
            630103.0612102301,
            5219607.905984949
          ],
          [
            630103.7091347782,
            5219608.685836609
          ],
          [
            630104.3570593263,
            5219609.46568827
          ],
          [
            630105.0049838744,
            5219610.245539929
          ],
          [
            630105.6529084224,
            5219611.025391589
          ],
          [
            630106.3008329704,
            5219611.805243249
          ],
          [
            630106.9487575185,
            5219612.585094909
          ],
          [
            630107.5966820666,
            5219613.364946569
          ],
          [
            630108.2446066146,
            5219614.144798229
          ],
          [
            630108.8925311627,
            5219614.924649889
          ],
          [
            630109.5404557107,
            5219615.704501549
          ],
          [
            630110.1883802589,
            5219616.484353209
          ],
          [
            630110.8363048069,
            5219617.264204869
          ],
          [
            630111.4842293549,
            5219618.044056529
          ],
          [
            630112.132153903,
            5219618.823908189
          ],
          [
            630112.780078451,
            5219619.6037598485
          ],
          [
            630113.428002999,
            5219620.383611509
          ],
          [
            630114.0759275472,
            5219621.163463169
          ],
          [
            630114.7238520952,
            5219621.943314829
          ],
          [
            630115.3717766433,
            5219622.723166489
          ],
          [
            630116.0197011913,
            5219623.503018149
          ],
          [
            630116.6676257394,
            5219624.282869808
          ],
          [
            630117.3155502875,
            5219625.0627214685
          ],
          [
            630117.9634748355,
            5219625.842573129
          ],
          [
            630118.6113993835,
            5219626.622424789
          ],
          [
            630119.2593239316,
            5219627.402276449
          ],
          [
            630119.9072484797,
            5219628.182128109
          ],
          [
            630120.5551730278,
            5219628.961979768
          ],
          [
            630121.2030975758,
            5219629.741831428
          ],
          [
            630121.8510221238,
            5219630.5216830885
          ],
          [
            630122.498946672,
            5219631.301534749
          ],
          [
            630123.14687122,
            5219632.081386409
          ],
          [
            630123.794795768,
            5219632.861238069
          ],
          [
            630124.4427203161,
            5219633.641089728
          ],
          [
            630125.0906448641,
            5219634.420941388
          ],
          [
            630125.7385694123,
            5219635.200793048
          ],
          [
            630126.3864939603,
            5219635.9806447085
          ],
          [
            630127.1500588765,
            5219636.708177002
          ],
          [
            630127.9136237926,
            5219637.435709297
          ],
          [
            630128.6771887088,
            5219638.16324159
          ],
          [
            630129.440753625,
            5219638.890773885
          ],
          [
            630130.2043185412,
            5219639.618306179
          ],
          [
            630130.9678834573,
            5219640.345838472
          ],
          [
            630131.7314483735,
            5219641.073370767
          ],
          [
            630132.4950132897,
            5219641.8009030605
          ],
          [
            630133.258578206,
            5219642.528435355
          ],
          [
            630134.022143122,
            5219643.255967649
          ],
          [
            630134.7857080383,
            5219643.983499942
          ],
          [
            630135.5492729545,
            5219644.711032237
          ],
          [
            630136.3128378707,
            5219645.438564531
          ],
          [
            630137.0764027868,
            5219646.166096825
          ],
          [
            630137.839967703,
            5219646.893629119
          ],
          [
            630137.9841068828,
            5219647.986483777
          ],
          [
            630138.1282460627,
            5219649.079338434
          ],
          [
            630138.2723852425,
            5219650.172193091
          ],
          [
            630138.4165244224,
            5219651.2650477495
          ],
          [
            630138.5606636022,
            5219652.357902408
          ],
          [
            630138.704802782,
            5219653.450757065
          ],
          [
            630138.5606636022,
            5219652.357902408
          ],
          [
            630138.4165244224,
            5219651.2650477495
          ],
          [
            630138.2723852425,
            5219650.172193091
          ],
          [
            630138.1282460627,
            5219649.079338434
          ],
          [
            630137.9841068828,
            5219647.986483777
          ],
          [
            630137.839967703,
            5219646.893629119
          ],
          [
            630137.0764027868,
            5219646.166096825
          ],
          [
            630136.3128378707,
            5219645.438564531
          ],
          [
            630135.5492729545,
            5219644.711032237
          ],
          [
            630134.7857080383,
            5219643.983499942
          ],
          [
            630134.022143122,
            5219643.255967649
          ],
          [
            630133.258578206,
            5219642.528435355
          ],
          [
            630132.4950132897,
            5219641.8009030605
          ],
          [
            630131.7314483735,
            5219641.073370767
          ],
          [
            630130.9678834573,
            5219640.345838472
          ],
          [
            630130.2043185412,
            5219639.618306179
          ],
          [
            630129.440753625,
            5219638.890773885
          ],
          [
            630128.6771887088,
            5219638.16324159
          ],
          [
            630127.9136237926,
            5219637.435709297
          ],
          [
            630127.1500588765,
            5219636.708177002
          ],
          [
            630126.3864939603,
            5219635.9806447085
          ],
          [
            630125.7385694123,
            5219635.200793048
          ],
          [
            630125.0906448641,
            5219634.420941388
          ],
          [
            630124.4427203161,
            5219633.641089728
          ],
          [
            630123.794795768,
            5219632.861238069
          ],
          [
            630123.14687122,
            5219632.081386409
          ],
          [
            630122.498946672,
            5219631.301534749
          ],
          [
            630121.8510221238,
            5219630.5216830885
          ],
          [
            630121.2030975758,
            5219629.741831428
          ],
          [
            630120.5551730278,
            5219628.961979768
          ],
          [
            630119.9072484797,
            5219628.182128109
          ],
          [
            630119.2593239316,
            5219627.402276449
          ],
          [
            630118.6113993835,
            5219626.622424789
          ],
          [
            630117.9634748355,
            5219625.842573129
          ],
          [
            630117.3155502875,
            5219625.0627214685
          ],
          [
            630116.6676257394,
            5219624.282869808
          ],
          [
            630116.0197011913,
            5219623.503018149
          ],
          [
            630115.3717766433,
            5219622.723166489
          ],
          [
            630114.7238520952,
            5219621.943314829
          ],
          [
            630114.0759275472,
            5219621.163463169
          ],
          [
            630113.428002999,
            5219620.383611509
          ],
          [
            630112.780078451,
            5219619.6037598485
          ],
          [
            630112.132153903,
            5219618.823908189
          ],
          [
            630111.4842293549,
            5219618.044056529
          ],
          [
            630110.8363048069,
            5219617.264204869
          ],
          [
            630110.1883802589,
            5219616.484353209
          ],
          [
            630109.5404557107,
            5219615.704501549
          ],
          [
            630108.8925311627,
            5219614.924649889
          ],
          [
            630108.2446066146,
            5219614.144798229
          ],
          [
            630107.5966820666,
            5219613.364946569
          ],
          [
            630106.9487575185,
            5219612.585094909
          ],
          [
            630106.3008329704,
            5219611.805243249
          ],
          [
            630105.6529084224,
            5219611.025391589
          ],
          [
            630105.0049838744,
            5219610.245539929
          ],
          [
            630104.3570593263,
            5219609.46568827
          ],
          [
            630103.7091347782,
            5219608.685836609
          ],
          [
            630103.0612102301,
            5219607.905984949
          ],
          [
            630102.4132856821,
            5219607.126133289
          ],
          [
            630101.758819565,
            5219606.369626648
          ],
          [
            630101.1043534477,
            5219605.613120006
          ],
          [
            630100.4498873302,
            5219604.856613364
          ],
          [
            630099.7954212131,
            5219604.100106723
          ],
          [
            630099.140955096,
            5219603.343600081
          ],
          [
            630098.4864889788,
            5219602.58709344
          ],
          [
            630097.8320228616,
            5219601.8305867985
          ],
          [
            630097.1775567444,
            5219601.074080157
          ],
          [
            630096.5230906273,
            5219600.317573516
          ],
          [
            630095.8686245098,
            5219599.561066873
          ],
          [
            630095.2141583926,
            5219598.804560232
          ],
          [
            630094.5596922756,
            5219598.048053591
          ],
          [
            630093.714527794,
            5219598.627240089
          ],
          [
            630092.8693633125,
            5219599.206426586
          ],
          [
            630092.0241988308,
            5219599.785613084
          ],
          [
            630091.1790343493,
            5219600.364799582
          ],
          [
            630090.3338698677,
            5219600.94398608
          ],
          [
            630089.4887053862,
            5219601.523172578
          ],
          [
            630088.6435409046,
            5219602.102359075
          ],
          [
            630087.7983764231,
            5219602.681545573
          ],
          [
            630086.9532119415,
            5219603.2607320715
          ],
          [
            630086.1080474599,
            5219603.839918569
          ],
          [
            630085.2628829783,
            5219604.419105067
          ],
          [
            630084.4177184968,
            5219604.998291565
          ],
          [
            630083.5725540152,
            5219605.577478062
          ],
          [
            630082.7273895337,
            5219606.156664561
          ],
          [
            630081.882225052,
            5219606.735851059
          ],
          [
            630081.0370605704,
            5219607.315037556
          ],
          [
            630080.1918960889,
            5219607.894224054
          ],
          [
            630079.3467316073,
            5219608.473410552
          ],
          [
            630078.5015671258,
            5219609.05259705
          ],
          [
            630077.6564026442,
            5219609.631783548
          ],
          [
            630076.8112381627,
            5219610.210970045
          ],
          [
            630075.966073681,
            5219610.790156543
          ],
          [
            630075.1209091995,
            5219611.369343041
          ],
          [
            630074.2757447179,
            5219611.948529539
          ],
          [
            630073.4305802364,
            5219612.527716037
          ],
          [
            630072.5854157548,
            5219613.106902535
          ],
          [
            630071.7402512731,
            5219613.686089032
          ],
          [
            630070.8950867916,
            5219614.2652755305
          ],
          [
            630070.04992231,
            5219614.844462029
          ],
          [
            630069.2047578285,
            5219615.423648526
          ],
          [
            630068.359593347,
            5219616.002835024
          ],
          [
            630067.5144288654,
            5219616.582021521
          ],
          [
            630066.6692643838,
            5219617.16120802
          ],
          [
            630065.8240999022,
            5219617.740394518
          ],
          [
            630064.9789354206,
            5219618.319581015
          ],
          [
            630064.1337709391,
            5219618.898767513
          ],
          [
            630063.4146319212,
            5219619.6160768205
          ],
          [
            630062.6954929034,
            5219620.333386127
          ],
          [
            630061.9763538854,
            5219621.050695434
          ],
          [
            630061.2572148675,
            5219621.768004741
          ],
          [
            630060.5380758496,
            5219622.485314048
          ],
          [
            630059.8189368318,
            5219623.202623354
          ],
          [
            630059.0997978139,
            5219623.919932662
          ],
          [
            630058.3806587959,
            5219624.637241968
          ],
          [
            630057.6615197781,
            5219625.354551275
          ],
          [
            630056.9423807602,
            5219626.071860582
          ],
          [
            630056.2232417424,
            5219626.789169889
          ],
          [
            630055.5041027245,
            5219627.506479195
          ],
          [
            630054.7849637065,
            5219628.223788503
          ],
          [
            630054.0658246886,
            5219628.941097809
          ],
          [
            630053.3466856708,
            5219629.658407116
          ],
          [
            630052.6275466529,
            5219630.375716423
          ],
          [
            630051.908407635,
            5219631.09302573
          ],
          [
            630051.1892686172,
            5219631.810335036
          ],
          [
            630050.4701295992,
            5219632.527644344
          ],
          [
            630049.7509905813,
            5219633.244953651
          ],
          [
            630049.0318515635,
            5219633.962262957
          ],
          [
            630048.3127125456,
            5219634.679572265
          ],
          [
            630047.5935735278,
            5219635.396881571
          ],
          [
            630046.8744345098,
            5219636.114190878
          ],
          [
            630046.1552954919,
            5219636.831500185
          ],
          [
            630045.436156474,
            5219637.548809492
          ],
          [
            630044.7170174562,
            5219638.266118798
          ],
          [
            630043.9978784383,
            5219638.983428106
          ],
          [
            630043.2787394203,
            5219639.700737412
          ],
          [
            630042.5596004025,
            5219640.418046719
          ],
          [
            630041.8404613846,
            5219641.135356026
          ],
          [
            630041.1213223668,
            5219641.852665333
          ],
          [
            630040.4021833489,
            5219642.569974639
          ],
          [
            630039.6830443309,
            5219643.287283947
          ],
          [
            630038.963905313,
            5219644.004593253
          ],
          [
            630038.2447662952,
            5219644.72190256
          ],
          [
            630037.5073344831,
            5219645.39778903
          ],
          [
            630036.7699026711,
            5219646.073675499
          ],
          [
            630036.0324708591,
            5219646.749561969
          ],
          [
            630035.295039047,
            5219647.425448439
          ],
          [
            630034.5576072349,
            5219648.101334909
          ],
          [
            630033.820175423,
            5219648.777221378
          ],
          [
            630033.082743611,
            5219649.453107848
          ],
          [
            630032.345311799,
            5219650.128994318
          ],
          [
            630031.6078799869,
            5219650.804880788
          ],
          [
            630030.8704481748,
            5219651.4807672575
          ],
          [
            630030.1330163628,
            5219652.1566537265
          ],
          [
            630029.3955845508,
            5219652.832540196
          ],
          [
            630028.6519423113,
            5219653.514118778
          ],
          [
            630027.9103535527,
            5219654.197937827
          ],
          [
            630027.1677380535,
            5219654.880636641
          ],
          [
            630026.4251225544,
            5219655.563335456
          ],
          [
            630025.6825070553,
            5219656.246034271
          ],
          [
            630024.9398915563,
            5219656.928733086
          ],
          [
            630024.1972760572,
            5219657.6114319
          ],
          [
            630023.4546605581,
            5219658.294130716
          ],
          [
            630022.712045059,
            5219658.976829531
          ],
          [
            630021.9694295599,
            5219659.659528346
          ],
          [
            630021.2268140608,
            5219660.34222716
          ],
          [
            630020.4841985618,
            5219661.024925975
          ],
          [
            630019.7415830627,
            5219661.70762479
          ],
          [
            630018.9989675636,
            5219662.390323605
          ],
          [
            630018.2563520644,
            5219663.0730224205
          ],
          [
            630017.5137365654,
            5219663.755721235
          ],
          [
            630016.7711210663,
            5219664.43842005
          ],
          [
            630016.0285055672,
            5219665.121118865
          ],
          [
            630015.2858900682,
            5219665.80381768
          ],
          [
            630014.5432745691,
            5219666.486516494
          ],
          [
            630013.8006590699,
            5219667.169215309
          ],
          [
            630013.0580435708,
            5219667.851914125
          ],
          [
            630012.3154280718,
            5219668.53461294
          ],
          [
            630011.5728125727,
            5219669.217311755
          ],
          [
            630010.8301970736,
            5219669.900010569
          ],
          [
            630010.0875815746,
            5219670.582709384
          ],
          [
            630009.3449660754,
            5219671.265408199
          ],
          [
            630008.6023505763,
            5219671.948107014
          ],
          [
            630007.8597350772,
            5219672.630805829
          ],
          [
            630007.1171195782,
            5219673.313504644
          ],
          [
            630006.3745040791,
            5219673.996203459
          ],
          [
            630005.63188858,
            5219674.678902274
          ],
          [
            630004.8892730809,
            5219675.361601088
          ],
          [
            630004.1466575818,
            5219676.044299903
          ],
          [
            630003.4040420827,
            5219676.726998718
          ],
          [
            630002.7396961293,
            5219677.474844058
          ],
          [
            630002.0753501758,
            5219678.222689397
          ],
          [
            630001.4110042225,
            5219678.970534736
          ],
          [
            630000.7466582692,
            5219679.718380075
          ],
          [
            630000.0823123156,
            5219680.466225415
          ],
          [
            629999.4179663621,
            5219681.214070754
          ],
          [
            629998.7536204088,
            5219681.961916093
          ],
          [
            629998.0892744553,
            5219682.709761432
          ],
          [
            629997.4249285021,
            5219683.457606771
          ],
          [
            629996.7605825486,
            5219684.205452111
          ],
          [
            629996.0962365954,
            5219684.953297449
          ],
          [
            629995.4318906418,
            5219685.701142789
          ],
          [
            629994.7772320658,
            5219686.492063905
          ],
          [
            629994.12257349,
            5219687.282985021
          ],
          [
            629993.4679149141,
            5219688.073906139
          ],
          [
            629992.8132563384,
            5219688.864827255
          ],
          [
            629992.1585977626,
            5219689.655748371
          ],
          [
            629991.5039391868,
            5219690.446669487
          ],
          [
            629990.849280611,
            5219691.2375906035
          ],
          [
            629990.1946220351,
            5219692.02851172
          ],
          [
            629989.5399634594,
            5219692.819432837
          ],
          [
            629988.8853048836,
            5219693.610353953
          ],
          [
            629988.2306463078,
            5219694.401275069
          ],
          [
            629987.575987732,
            5219695.192196186
          ],
          [
            629986.9213291561,
            5219695.983117302
          ],
          [
            629986.2666705804,
            5219696.774038418
          ],
          [
            629985.6120120046,
            5219697.564959535
          ],
          [
            629984.9573534288,
            5219698.355880652
          ],
          [
            629984.302694853,
            5219699.146801768
          ],
          [
            629983.6480362772,
            5219699.937722884
          ],
          [
            629982.9933777014,
            5219700.728644
          ],
          [
            629982.3387191256,
            5219701.519565117
          ],
          [
            629981.6840605498,
            5219702.310486234
          ],
          [
            629981.029401974,
            5219703.10140735
          ],
          [
            629980.3747433982,
            5219703.892328466
          ],
          [
            629979.7200848224,
            5219704.683249583
          ],
          [
            629979.0654262466,
            5219705.474170699
          ],
          [
            629978.4107676708,
            5219706.265091815
          ],
          [
            629977.7561090951,
            5219707.056012932
          ],
          [
            629977.1014505192,
            5219707.846934048
          ],
          [
            629976.4467919434,
            5219708.637855165
          ],
          [
            629975.7921333676,
            5219709.428776281
          ],
          [
            629975.1374747918,
            5219710.219697397
          ],
          [
            629974.4828162161,
            5219711.010618513
          ],
          [
            629973.8281576402,
            5219711.801539631
          ],
          [
            629973.1734990644,
            5219712.592460747
          ],
          [
            629972.5188404886,
            5219713.383381863
          ],
          [
            629973.2539807393,
            5219714.288563039
          ],
          [
            629973.98912099,
            5219715.193744214
          ],
          [
            629974.7242612406,
            5219716.09892539
          ],
          [
            629975.3189149174,
            5219716.937035377
          ],
          [
            629975.9135685941,
            5219717.775145363
          ],
          [
            629976.508222271,
            5219718.61325535
          ],
          [
            629977.1028759477,
            5219719.451365336
          ],
          [
            629977.6975296244,
            5219720.289475323
          ],
          [
            629978.2921833012,
            5219721.127585309
          ],
          [
            629978.8868369779,
            5219721.9656952955
          ],
          [
            629979.4814906548,
            5219722.803805282
          ],
          [
            629980.0761443315,
            5219723.641915268
          ],
          [
            629980.6707980082,
            5219724.480025255
          ],
          [
            629981.265451685,
            5219725.318135241
          ],
          [
            629981.8601053617,
            5219726.156245228
          ],
          [
            629982.4547590385,
            5219726.994355215
          ],
          [
            629983.0494127152,
            5219727.832465201
          ],
          [
            629983.644066392,
            5219728.670575188
          ],
          [
            629984.2387200687,
            5219729.5086851735
          ],
          [
            629984.8333737454,
            5219730.34679516
          ],
          [
            629985.4280274222,
            5219731.184905147
          ],
          [
            629986.022681099,
            5219732.023015133
          ],
          [
            629986.6173347757,
            5219732.86112512
          ],
          [
            629987.2119884525,
            5219733.699235106
          ],
          [
            629987.8066421292,
            5219734.537345093
          ],
          [
            629988.4012958059,
            5219735.375455079
          ],
          [
            629988.9959494828,
            5219736.2135650655
          ],
          [
            629989.5906031595,
            5219737.051675052
          ],
          [
            629990.1852568362,
            5219737.889785038
          ],
          [
            629990.779910513,
            5219738.727895025
          ],
          [
            629991.3745641897,
            5219739.566005011
          ],
          [
            629991.9692178665,
            5219740.404114998
          ],
          [
            629992.5638715433,
            5219741.242224984
          ],
          [
            629993.15852522,
            5219742.080334971
          ],
          [
            629993.7531788967,
            5219742.918444958
          ],
          [
            629994.3478325735,
            5219743.7565549435
          ],
          [
            629994.9424862503,
            5219744.59466493
          ],
          [
            629995.537139927,
            5219745.432774916
          ],
          [
            629996.1317936038,
            5219746.270884903
          ],
          [
            629996.8012455602,
            5219747.10013157
          ],
          [
            629997.4706975166,
            5219747.929378238
          ],
          [
            629998.140149473,
            5219748.758624904
          ],
          [
            629998.8096014294,
            5219749.587871571
          ],
          [
            629999.4790533857,
            5219750.417118238
          ],
          [
            630000.1485053421,
            5219751.246364905
          ],
          [
            630000.8179572985,
            5219752.075611572
          ],
          [
            630001.4874092549,
            5219752.904858239
          ],
          [
            630002.1163744956,
            5219753.683954221
          ],
          [
            630002.7453397361,
            5219754.463050203
          ],
          [
            630003.3743049768,
            5219755.242146186
          ],
          [
            630004.0032702175,
            5219756.021242168
          ],
          [
            630004.6322354581,
            5219756.80033815
          ],
          [
            630005.2612006987,
            5219757.579434132
          ],
          [
            630005.8901659393,
            5219758.358530114
          ],
          [
            630006.51913118,
            5219759.137626097
          ],
          [
            630007.1480964206,
            5219759.916722078
          ],
          [
            630007.7770616612,
            5219760.69581806
          ],
          [
            630008.4060269019,
            5219761.474914042
          ],
          [
            630009.0349921426,
            5219762.2540100245
          ],
          [
            630009.6639573831,
            5219763.033106007
          ],
          [
            630010.2929226238,
            5219763.812201989
          ],
          [
            630010.9218878645,
            5219764.591297971
          ],
          [
            630011.5508531051,
            5219765.370393953
          ],
          [
            630012.1798183457,
            5219766.1494899355
          ],
          [
            630012.8087835864,
            5219766.928585918
          ],
          [
            630013.3347404998,
            5219767.788013855
          ],
          [
            630013.8606974132,
            5219768.647441791
          ],
          [
            630014.3866543267,
            5219769.506869729
          ],
          [
            630014.91261124,
            5219770.366297666
          ],
          [
            630015.4385681535,
            5219771.225725602
          ],
          [
            630015.9645250669,
            5219772.08515354
          ],
          [
            630016.4904819804,
            5219772.944581477
          ],
          [
            630017.0164388937,
            5219773.804009413
          ],
          [
            630017.5423958072,
            5219774.663437351
          ],
          [
            630018.0683527206,
            5219775.522865288
          ],
          [
            630018.5943096341,
            5219776.382293224
          ],
          [
            630019.1202665475,
            5219777.241721162
          ],
          [
            630019.6462234609,
            5219778.101149099
          ],
          [
            630020.1721803744,
            5219778.960577035
          ],
          [
            630020.6981372877,
            5219779.820004973
          ],
          [
            630021.2240942012,
            5219780.67943291
          ],
          [
            630021.7500511146,
            5219781.538860847
          ],
          [
            630022.2760080281,
            5219782.398288784
          ],
          [
            630022.8019649414,
            5219783.257716721
          ],
          [
            630023.3279218549,
            5219784.117144658
          ],
          [
            630023.8538787684,
            5219784.976572595
          ],
          [
            630024.3798356818,
            5219785.836000532
          ],
          [
            630024.9057925952,
            5219786.695428469
          ],
          [
            630025.4317495086,
            5219787.554856406
          ],
          [
            630025.9577064221,
            5219788.414284343
          ],
          [
            630026.4836633354,
            5219789.27371228
          ],
          [
            630027.0096202489,
            5219790.133140217
          ],
          [
            630027.5355771623,
            5219790.992568154
          ],
          [
            630028.0615340758,
            5219791.851996091
          ],
          [
            630028.5874909891,
            5219792.711424028
          ],
          [
            630029.1134479026,
            5219793.570851965
          ],
          [
            630029.3424450599,
            5219794.5817413125
          ],
          [
            630029.5714422173,
            5219795.59263066
          ],
          [
            630029.8004393746,
            5219796.603520009
          ],
          [
            630030.029436532,
            5219797.614409356
          ],
          [
            630030.2584336894,
            5219798.625298704
          ],
          [
            630030.4874308467,
            5219799.636188052
          ],
          [
            630030.7164280041,
            5219800.647077399
          ],
          [
            630030.9454251614,
            5219801.657966748
          ],
          [
            630031.1744223187,
            5219802.6688560955
          ],
          [
            630031.4034194761,
            5219803.679745443
          ],
          [
            630031.6324166334,
            5219804.690634791
          ],
          [
            630031.8614137907,
            5219805.701524139
          ],
          [
            630032.0904109481,
            5219806.712413487
          ],
          [
            630032.3194081055,
            5219807.723302835
          ],
          [
            630032.5484052629,
            5219808.734192182
          ],
          [
            630032.7774024202,
            5219809.74508153
          ],
          [
            630033.0063995775,
            5219810.7559708785
          ],
          [
            630033.2353967349,
            5219811.766860226
          ],
          [
            630033.4643938922,
            5219812.777749574
          ],
          [
            630032.8557070873,
            5219813.600338489
          ],
          [
            630032.2470202824,
            5219814.422927404
          ],
          [
            630031.6383334777,
            5219815.245516319
          ],
          [
            630031.0296466728,
            5219816.068105233
          ],
          [
            630030.4209598679,
            5219816.890694148
          ],
          [
            630029.812273063,
            5219817.713283063
          ],
          [
            630029.2035862582,
            5219818.535871978
          ],
          [
            630028.5948994533,
            5219819.358460893
          ],
          [
            630027.9862126485,
            5219820.181049808
          ],
          [
            630027.3775258436,
            5219821.003638723
          ],
          [
            630026.7688390387,
            5219821.826227638
          ],
          [
            630026.1601522339,
            5219822.648816552
          ],
          [
            630025.551465429,
            5219823.471405467
          ],
          [
            630024.9427786241,
            5219824.293994382
          ],
          [
            630024.3340918192,
            5219825.116583297
          ],
          [
            630023.7254050144,
            5219825.939172212
          ],
          [
            630023.1167182096,
            5219826.761761127
          ],
          [
            630022.5080314047,
            5219827.584350042
          ],
          [
            630021.8993445998,
            5219828.406938956
          ],
          [
            630021.2906577949,
            5219829.229527871
          ],
          [
            630020.6819709901,
            5219830.052116786
          ],
          [
            630020.0732841853,
            5219830.874705701
          ],
          [
            630019.4645973804,
            5219831.697294616
          ],
          [
            630018.8559105755,
            5219832.519883531
          ],
          [
            630018.2472237706,
            5219833.342472446
          ],
          [
            630017.6385369658,
            5219834.16506136
          ],
          [
            630017.0298501609,
            5219834.987650275
          ],
          [
            630016.421163356,
            5219835.81023919
          ],
          [
            630015.8124765512,
            5219836.632828105
          ],
          [
            630015.2037897463,
            5219837.45541702
          ],
          [
            630014.5951029415,
            5219838.278005935
          ],
          [
            630013.9864161366,
            5219839.10059485
          ],
          [
            630013.3777293317,
            5219839.923183765
          ],
          [
            630012.7690425268,
            5219840.745772679
          ],
          [
            630012.1603557221,
            5219841.568361594
          ],
          [
            630011.5516689172,
            5219842.390950509
          ],
          [
            630010.9429821123,
            5219843.213539424
          ],
          [
            630010.3167745867,
            5219843.993598609
          ],
          [
            630009.6905670611,
            5219844.773657794
          ],
          [
            630009.0643595355,
            5219845.55371698
          ],
          [
            630008.4381520099,
            5219846.333776165
          ],
          [
            630007.8119444842,
            5219847.11383535
          ],
          [
            630007.1857369586,
            5219847.893894535
          ],
          [
            630006.559529433,
            5219848.673953719
          ],
          [
            630005.9333219074,
            5219849.454012904
          ],
          [
            630005.3071143818,
            5219850.234072089
          ],
          [
            630004.6809068562,
            5219851.014131275
          ],
          [
            630004.0546993306,
            5219851.79419046
          ],
          [
            630003.428491805,
            5219852.574249645
          ],
          [
            630002.8022842795,
            5219853.35430883
          ],
          [
            630002.1760767539,
            5219854.1343680145
          ],
          [
            630001.5498692282,
            5219854.9144272
          ],
          [
            630000.9236617027,
            5219855.694486385
          ],
          [
            630000.297454177,
            5219856.47454557
          ],
          [
            629999.6712466514,
            5219857.254604755
          ],
          [
            629999.0450391258,
            5219858.03466394
          ],
          [
            629998.4188316002,
            5219858.814723125
          ],
          [
            629997.7926240746,
            5219859.59478231
          ],
          [
            629997.166416549,
            5219860.374841495
          ],
          [
            629996.5402090234,
            5219861.15490068
          ],
          [
            629995.9140014978,
            5219861.934959865
          ],
          [
            629995.2722626028,
            5219862.702035141
          ],
          [
            629994.630523708,
            5219863.469110416
          ],
          [
            629993.988784813,
            5219864.236185692
          ],
          [
            629993.3470459181,
            5219865.003260967
          ],
          [
            629992.7053070231,
            5219865.770336243
          ],
          [
            629992.0635681282,
            5219866.537411519
          ],
          [
            629991.4218292333,
            5219867.304486794
          ],
          [
            629990.7800903383,
            5219868.07156207
          ],
          [
            629990.1383514435,
            5219868.838637346
          ],
          [
            629989.4966125485,
            5219869.6057126215
          ],
          [
            629988.8548736535,
            5219870.3727878975
          ],
          [
            629988.2131347586,
            5219871.139863173
          ],
          [
            629987.5713958637,
            5219871.906938449
          ],
          [
            629986.9296569687,
            5219872.674013725
          ],
          [
            629986.2879180738,
            5219873.441089
          ],
          [
            629985.6461791788,
            5219874.208164276
          ],
          [
            629985.004440284,
            5219874.975239551
          ],
          [
            629984.362701389,
            5219875.742314827
          ],
          [
            629983.720962494,
            5219876.509390103
          ],
          [
            629983.0792235992,
            5219877.276465378
          ],
          [
            629982.4374847042,
            5219878.043540654
          ],
          [
            629981.7957458093,
            5219878.810615929
          ],
          [
            629981.1540069144,
            5219879.577691205
          ],
          [
            629980.5122680194,
            5219880.344766481
          ],
          [
            629979.8705291245,
            5219881.111841756
          ],
          [
            629979.2287902295,
            5219881.878917032
          ],
          [
            629978.5870513346,
            5219882.645992307
          ],
          [
            629977.9453124397,
            5219883.413067583
          ],
          [
            629977.3035735447,
            5219884.180142859
          ],
          [
            629976.6618346499,
            5219884.947218134
          ],
          [
            629976.0200957549,
            5219885.71429341
          ],
          [
            629975.3783568599,
            5219886.481368686
          ],
          [
            629974.736617965,
            5219887.248443961
          ],
          [
            629974.0948790701,
            5219888.015519237
          ],
          [
            629973.4531401752,
            5219888.782594512
          ],
          [
            629972.8114012802,
            5219889.549669788
          ],
          [
            629972.1546955584,
            5219890.3042331
          ],
          [
            629971.4979898366,
            5219891.058796412
          ],
          [
            629970.8412841148,
            5219891.813359724
          ],
          [
            629970.1845783929,
            5219892.567923037
          ],
          [
            629969.5278726711,
            5219893.322486349
          ],
          [
            629968.8711669493,
            5219894.077049661
          ],
          [
            629968.2452580985,
            5219894.85787129
          ],
          [
            629967.6479039015,
            5219895.659958977
          ],
          [
            629967.0505497046,
            5219896.462046663
          ],
          [
            629966.4531955075,
            5219897.264134349
          ],
          [
            629965.8558413106,
            5219898.066222035
          ],
          [
            629965.2584871135,
            5219898.868309721
          ],
          [
            629964.6209581073,
            5219899.675206462
          ],
          [
            629963.9834291011,
            5219900.482103202
          ],
          [
            629963.345900095,
            5219901.288999942
          ],
          [
            629962.7083710887,
            5219902.095896682
          ],
          [
            629962.0708420825,
            5219902.902793422
          ],
          [
            629961.4333130763,
            5219903.709690162
          ],
          [
            629960.79578407,
            5219904.516586903
          ],
          [
            629960.1582550639,
            5219905.323483642
          ],
          [
            629959.5207260577,
            5219906.130380383
          ],
          [
            629958.8831970515,
            5219906.937277122
          ],
          [
            629958.2456680452,
            5219907.744173863
          ],
          [
            629957.608139039,
            5219908.551070604
          ],
          [
            629956.9706100329,
            5219909.357967343
          ],
          [
            629956.3330810267,
            5219910.164864084
          ],
          [
            629955.6955520205,
            5219910.971760823
          ],
          [
            629955.0580230142,
            5219911.778657564
          ],
          [
            629954.420494008,
            5219912.585554304
          ],
          [
            629953.7829650019,
            5219913.392451044
          ],
          [
            629953.1454359957,
            5219914.199347784
          ],
          [
            629952.5079069894,
            5219915.006244524
          ],
          [
            629951.8703779832,
            5219915.813141264
          ],
          [
            629951.232848977,
            5219916.620038005
          ],
          [
            629950.5953199709,
            5219917.426934744
          ],
          [
            629949.9577909646,
            5219918.233831485
          ],
          [
            629949.3202619584,
            5219919.040728225
          ],
          [
            629948.6827329522,
            5219919.847624965
          ],
          [
            629948.045203946,
            5219920.654521706
          ],
          [
            629947.4076749398,
            5219921.461418445
          ],
          [
            629946.7701459336,
            5219922.268315186
          ],
          [
            629946.1326169274,
            5219923.075211925
          ],
          [
            629945.4950879212,
            5219923.882108666
          ],
          [
            629944.8575589149,
            5219924.689005406
          ],
          [
            629944.2200299088,
            5219925.495902146
          ],
          [
            629943.5825009026,
            5219926.302798886
          ],
          [
            629942.9449718964,
            5219927.109695626
          ],
          [
            629942.2967098379,
            5219927.871525332
          ],
          [
            629941.6484477795,
            5219928.633355038
          ],
          [
            629941.0001857211,
            5219929.395184744
          ],
          [
            629940.3519236626,
            5219930.15701445
          ],
          [
            629939.7036616041,
            5219930.918844156
          ],
          [
            629939.0553995457,
            5219931.680673862
          ],
          [
            629938.4071374873,
            5219932.442503568
          ],
          [
            629937.7588754288,
            5219933.204333274
          ],
          [
            629937.1106133703,
            5219933.96616298
          ],
          [
            629936.4623513119,
            5219934.7279926855
          ],
          [
            629935.8140892535,
            5219935.489822391
          ],
          [
            629935.165827195,
            5219936.251652097
          ],
          [
            629934.5175651364,
            5219937.013481804
          ],
          [
            629933.869303078,
            5219937.77531151
          ],
          [
            629933.2210410197,
            5219938.537141216
          ],
          [
            629932.5727789612,
            5219939.298970922
          ],
          [
            629931.9245169028,
            5219940.060800628
          ],
          [
            629931.2762548443,
            5219940.822630334
          ],
          [
            629930.6279927859,
            5219941.58446004
          ],
          [
            629929.9797307275,
            5219942.3462897455
          ],
          [
            629929.331468669,
            5219943.108119451
          ],
          [
            629928.6832066106,
            5219943.869949157
          ],
          [
            629928.0349445522,
            5219944.631778863
          ],
          [
            629927.3866824937,
            5219945.393608569
          ],
          [
            629926.7051936901,
            5219946.129153385
          ],
          [
            629926.0237048866,
            5219946.8646982005
          ],
          [
            629925.342216083,
            5219947.600243017
          ],
          [
            629924.6607272794,
            5219948.335787833
          ],
          [
            629923.9792384758,
            5219949.071332648
          ],
          [
            629923.2977496722,
            5219949.806877464
          ],
          [
            629922.6162608686,
            5219950.54242228
          ],
          [
            629921.934772065,
            5219951.277967096
          ],
          [
            629921.2532832614,
            5219952.013511912
          ],
          [
            629920.5717944577,
            5219952.749056728
          ],
          [
            629919.8903056541,
            5219953.484601543
          ],
          [
            629919.2088168506,
            5219954.220146359
          ],
          [
            629918.527328047,
            5219954.955691175
          ],
          [
            629917.8458392434,
            5219955.691235991
          ],
          [
            629917.1643504398,
            5219956.426780807
          ],
          [
            629916.4828616362,
            5219957.1623256225
          ],
          [
            629915.8013728326,
            5219957.897870438
          ],
          [
            629915.119884029,
            5219958.633415254
          ],
          [
            629914.4383952254,
            5219959.36896007
          ],
          [
            629913.7569064219,
            5219960.104504886
          ],
          [
            629913.0754176183,
            5219960.840049702
          ],
          [
            629912.3939288147,
            5219961.575594517
          ],
          [
            629911.7124400111,
            5219962.311139333
          ],
          [
            629911.0309512075,
            5219963.04668415
          ],
          [
            629910.3494624039,
            5219963.782228965
          ],
          [
            629909.6679736003,
            5219964.517773781
          ],
          [
            629908.9864847967,
            5219965.253318597
          ],
          [
            629908.304995993,
            5219965.988863412
          ],
          [
            629907.6235071894,
            5219966.724408228
          ],
          [
            629906.9420183859,
            5219967.459953045
          ],
          [
            629906.2605295823,
            5219968.19549786
          ],
          [
            629905.5790407787,
            5219968.931042676
          ],
          [
            629904.8975519751,
            5219969.6665874915
          ],
          [
            629904.2160631715,
            5219970.402132307
          ],
          [
            629903.5345743679,
            5219971.137677124
          ],
          [
            629902.8530855643,
            5219971.873221939
          ],
          [
            629902.1715967609,
            5219972.608766755
          ],
          [
            629901.5995596177,
            5219973.430475225
          ],
          [
            629901.0275224741,
            5219974.252183694
          ],
          [
            629900.4554853309,
            5219975.073892163
          ],
          [
            629899.8788140584,
            5219975.893005359
          ],
          [
            629899.290193722,
            5219976.702853941
          ],
          [
            629898.7015733862,
            5219977.512702523
          ],
          [
            629898.1128769476,
            5219978.322655809
          ],
          [
            629897.5241805089,
            5219979.132609096
          ],
          [
            629896.9354840703,
            5219979.942562383
          ],
          [
            629896.3467876317,
            5219980.752515669
          ],
          [
            629895.7580911932,
            5219981.562468955
          ],
          [
            629895.1693947545,
            5219982.372422243
          ],
          [
            629894.5806983159,
            5219983.182375529
          ],
          [
            629893.9920018773,
            5219983.992328815
          ],
          [
            629893.4033054386,
            5219984.802282102
          ],
          [
            629892.814609,
            5219985.612235389
          ],
          [
            629892.2259125614,
            5219986.422188675
          ],
          [
            629891.6372161228,
            5219987.232141962
          ],
          [
            629891.0485196841,
            5219988.042095249
          ],
          [
            629890.4598232455,
            5219988.852048535
          ],
          [
            629889.8711268071,
            5219989.662001821
          ],
          [
            629889.2824303682,
            5219990.471955108
          ],
          [
            629888.6937339297,
            5219991.281908395
          ],
          [
            629888.1050374911,
            5219992.091861681
          ],
          [
            629887.5163410524,
            5219992.901814968
          ],
          [
            629886.9276446138,
            5219993.711768255
          ],
          [
            629886.3389481752,
            5219994.521721541
          ],
          [
            629885.7502517367,
            5219995.331674827
          ],
          [
            629885.1615552979,
            5219996.1416281145
          ],
          [
            629884.5728588593,
            5219996.951581401
          ],
          [
            629883.9841624208,
            5219997.761534687
          ],
          [
            629883.395465982,
            5219998.571487974
          ],
          [
            629882.8067695434,
            5219999.381441261
          ],
          [
            629882.218073105,
            5220000.191394547
          ],
          [
            629881.6293766662,
            5220001.001347834
          ],
          [
            629881.0406802276,
            5220001.811301121
          ],
          [
            629880.451983789,
            5220002.621254407
          ],
          [
            629879.8632873505,
            5220003.431207693
          ],
          [
            629879.2745909117,
            5220004.24116098
          ],
          [
            629878.6858944731,
            5220005.051114267
          ],
          [
            629878.0971980346,
            5220005.861067553
          ],
          [
            629877.5085015958,
            5220006.67102084
          ],
          [
            629876.9198051572,
            5220007.480974127
          ],
          [
            629876.3311087188,
            5220008.290927413
          ],
          [
            629875.74241228,
            5220009.1008807
          ],
          [
            629875.1537158414,
            5220009.9108339865
          ],
          [
            629874.5650194029,
            5220010.720787273
          ],
          [
            629873.9763229643,
            5220011.530740559
          ],
          [
            629873.3876265255,
            5220012.340693846
          ],
          [
            629872.7989300869,
            5220013.150647133
          ],
          [
            629872.2102336484,
            5220013.960600419
          ],
          [
            629871.6215372096,
            5220014.770553706
          ],
          [
            629871.032840771,
            5220015.5805069925
          ],
          [
            629870.4441443325,
            5220016.390460279
          ],
          [
            629869.8554478937,
            5220017.200413566
          ],
          [
            629869.2667514551,
            5220018.010366852
          ],
          [
            629868.6780550167,
            5220018.820320139
          ],
          [
            629868.0893585779,
            5220019.630273426
          ],
          [
            629867.5006621393,
            5220020.440226712
          ],
          [
            629866.9119657008,
            5220021.250179999
          ],
          [
            629866.3232692623,
            5220022.060133285
          ],
          [
            629865.7345728234,
            5220022.870086572
          ],
          [
            629865.1458763848,
            5220023.680039858
          ],
          [
            629864.5571799463,
            5220024.489993145
          ],
          [
            629863.9684835075,
            5220025.299946432
          ],
          [
            629863.3797870689,
            5220026.109899718
          ],
          [
            629862.7911231756,
            5220026.919808228
          ],
          [
            629862.2024592824,
            5220027.729716737
          ],
          [
            629861.6137953886,
            5220028.539625247
          ],
          [
            629861.0251314952,
            5220029.349533756
          ],
          [
            629860.4364676019,
            5220030.159442266
          ],
          [
            629859.8478037082,
            5220030.969350776
          ],
          [
            629859.2591398149,
            5220031.779259285
          ],
          [
            629858.6686739979,
            5220032.58891736
          ],
          [
            629858.0655474117,
            5220033.388049171
          ],
          [
            629857.4624208255,
            5220034.187180982
          ],
          [
            629856.8592942388,
            5220034.9863127945
          ],
          [
            629856.2561676527,
            5220035.785444605
          ],
          [
            629855.6529765398,
            5220036.584661913
          ],
          [
            629855.0497854274,
            5220037.38387922
          ],
          [
            629854.4465943145,
            5220038.183096528
          ],
          [
            629853.8434032017,
            5220038.982313836
          ],
          [
            629853.2402120894,
            5220039.781531143
          ],
          [
            629852.6370209765,
            5220040.580748451
          ],
          [
            629852.0338298636,
            5220041.379965759
          ],
          [
            629851.4306387512,
            5220042.179183066
          ],
          [
            629850.8274476384,
            5220042.978400374
          ],
          [
            629850.2242565255,
            5220043.777617682
          ],
          [
            629849.6210654128,
            5220044.57683499
          ],
          [
            629849.0178743002,
            5220045.376052297
          ],
          [
            629848.4146831874,
            5220046.175269605
          ],
          [
            629847.8114920746,
            5220046.974486913
          ],
          [
            629847.2083009622,
            5220047.77370422
          ],
          [
            629846.6051098494,
            5220048.572921528
          ],
          [
            629846.0019187365,
            5220049.3721388355
          ],
          [
            629845.3987276237,
            5220050.171356143
          ],
          [
            629844.7955365112,
            5220050.97057345
          ],
          [
            629844.1923453984,
            5220051.769790758
          ],
          [
            629843.5891542856,
            5220052.569008066
          ],
          [
            629842.9859631729,
            5220053.368225374
          ],
          [
            629842.3827720603,
            5220054.167442681
          ],
          [
            629841.7795809475,
            5220054.966659989
          ],
          [
            629841.1763898347,
            5220055.765877297
          ],
          [
            629840.5731987222,
            5220056.565094604
          ],
          [
            629839.9700076093,
            5220057.364311912
          ],
          [
            629839.3668164966,
            5220058.16352922
          ],
          [
            629838.763625384,
            5220058.962746528
          ],
          [
            629838.1604342713,
            5220059.761963835
          ],
          [
            629837.5572431585,
            5220060.561181143
          ],
          [
            629836.9540520458,
            5220061.360398451
          ],
          [
            629836.3508609331,
            5220062.159615759
          ],
          [
            629835.7476698203,
            5220062.958833066
          ],
          [
            629835.1444787077,
            5220063.758050374
          ],
          [
            629834.5412875949,
            5220064.557267682
          ],
          [
            629833.9380964822,
            5220065.356484989
          ],
          [
            629833.3349053696,
            5220066.155702297
          ],
          [
            629832.7317142568,
            5220066.954919605
          ],
          [
            629832.128523144,
            5220067.7541369125
          ],
          [
            629831.5253320314,
            5220068.5533542195
          ],
          [
            629830.9221409187,
            5220069.3525715275
          ],
          [
            629830.319083046,
            5220070.151612294
          ],
          [
            629829.7160251732,
            5220070.950653061
          ],
          [
            629829.1129673008,
            5220071.749693828
          ],
          [
            629828.4976799097,
            5220072.541128727
          ],
          [
            629827.8686470285,
            5220073.319753405
          ],
          [
            629827.2396141477,
            5220074.098378082
          ],
          [
            629826.6103775518,
            5220074.87725492
          ],
          [
            629825.9811409555,
            5220075.656131759
          ],
          [
            629825.3519043594,
            5220076.435008598
          ],
          [
            629824.7226677636,
            5220077.213885436
          ],
          [
            629824.0934311674,
            5220077.992762275
          ],
          [
            629823.4641945714,
            5220078.771639113
          ],
          [
            629822.8349579753,
            5220079.550515952
          ],
          [
            629822.2057213795,
            5220080.32939279
          ],
          [
            629821.5764847836,
            5220081.108269628
          ],
          [
            629820.9472481873,
            5220081.887146467
          ],
          [
            629820.3180115913,
            5220082.666023306
          ],
          [
            629819.6887749953,
            5220083.444900144
          ],
          [
            629819.0595383993,
            5220084.223776982
          ],
          [
            629818.4303018035,
            5220085.00265382
          ],
          [
            629817.8010652072,
            5220085.78153066
          ],
          [
            629817.1718286112,
            5220086.560407498
          ],
          [
            629816.5425920152,
            5220087.339284336
          ],
          [
            629815.9133554194,
            5220088.1181611745
          ],
          [
            629815.2841188231,
            5220088.897038014
          ],
          [
            629814.6548822271,
            5220089.675914852
          ],
          [
            629814.0256456311,
            5220090.45479169
          ],
          [
            629813.3964090353,
            5220091.2336685285
          ],
          [
            629812.767172439,
            5220092.012545368
          ],
          [
            629812.137935843,
            5220092.791422206
          ],
          [
            629811.508699247,
            5220093.570299044
          ],
          [
            629810.8794626511,
            5220094.3491758825
          ],
          [
            629810.2502260552,
            5220095.128052721
          ],
          [
            629809.6209894589,
            5220095.90692956
          ],
          [
            629808.9917528629,
            5220096.685806398
          ],
          [
            629808.362516267,
            5220097.464683237
          ],
          [
            629807.733279671,
            5220098.243560075
          ],
          [
            629807.1040430748,
            5220099.022436914
          ],
          [
            629806.4748064788,
            5220099.801313752
          ],
          [
            629805.8455698829,
            5220100.580190591
          ],
          [
            629805.216333287,
            5220101.359067429
          ],
          [
            629804.5870966907,
            5220102.137944268
          ],
          [
            629803.9578600947,
            5220102.916821106
          ],
          [
            629803.3286234988,
            5220103.695697945
          ],
          [
            629802.6993869029,
            5220104.474574783
          ],
          [
            629802.0701503066,
            5220105.253451622
          ],
          [
            629801.4409137106,
            5220106.03232846
          ],
          [
            629800.8116771147,
            5220106.811205299
          ],
          [
            629800.2234973087,
            5220107.636942387
          ],
          [
            629799.6353175028,
            5220108.462679474
          ],
          [
            629799.0471376968,
            5220109.288416562
          ],
          [
            629798.4589578909,
            5220110.114153649
          ],
          [
            629797.870778085,
            5220110.939890737
          ],
          [
            629797.2825982791,
            5220111.765627825
          ],
          [
            629796.694418473,
            5220112.591364912
          ],
          [
            629796.1062386672,
            5220113.417102
          ],
          [
            629795.5180588613,
            5220114.242839088
          ],
          [
            629794.9298790554,
            5220115.068576175
          ],
          [
            629794.3416992495,
            5220115.894313263
          ],
          [
            629793.7535194434,
            5220116.72005035
          ],
          [
            629793.1653396375,
            5220117.545787438
          ],
          [
            629792.5771598316,
            5220118.371524526
          ],
          [
            629791.9889800258,
            5220119.197261613
          ],
          [
            629791.4008002199,
            5220120.022998701
          ],
          [
            629790.8126204138,
            5220120.848735789
          ],
          [
            629790.2244406079,
            5220121.674472876
          ],
          [
            629789.636260802,
            5220122.500209964
          ],
          [
            629789.0480809961,
            5220123.325947051
          ],
          [
            629788.4599011901,
            5220124.151684139
          ],
          [
            629787.8717213842,
            5220124.977421227
          ],
          [
            629787.2835415783,
            5220125.803158314
          ],
          [
            629786.6953617724,
            5220126.628895402
          ],
          [
            629786.1071819665,
            5220127.45463249
          ],
          [
            629785.5190021605,
            5220128.280369577
          ],
          [
            629784.9308223546,
            5220129.106106665
          ],
          [
            629784.3426425487,
            5220129.931843752
          ],
          [
            629783.7544627428,
            5220130.75758084
          ],
          [
            629783.1662829369,
            5220131.583317928
          ],
          [
            629782.5781031309,
            5220132.409055015
          ],
          [
            629781.989923325,
            5220133.234792103
          ],
          [
            629781.4017435191,
            5220134.060529191
          ],
          [
            629780.8135637132,
            5220134.886266278
          ],
          [
            629780.2253839072,
            5220135.712003366
          ],
          [
            629779.6372041013,
            5220136.537740453
          ],
          [
            629779.0490242953,
            5220137.363477541
          ],
          [
            629778.3235510652,
            5220138.0520542
          ],
          [
            629777.598077835,
            5220138.7406308595
          ],
          [
            629776.8726046048,
            5220139.429207519
          ],
          [
            629776.1471313747,
            5220140.117784177
          ],
          [
            629775.4216581444,
            5220140.806360836
          ],
          [
            629774.6961849142,
            5220141.494937495
          ],
          [
            629773.9707116841,
            5220142.1835141545
          ],
          [
            629773.2452384538,
            5220142.872090814
          ],
          [
            629772.5197652236,
            5220143.560667472
          ],
          [
            629771.7942919935,
            5220144.249244131
          ],
          [
            629771.0688187632,
            5220144.93782079
          ],
          [
            629770.3433455331,
            5220145.6263974495
          ],
          [
            629769.6178723029,
            5220146.314974109
          ],
          [
            629768.8923990726,
            5220147.003550768
          ],
          [
            629768.1669258425,
            5220147.692127427
          ],
          [
            629767.4414526123,
            5220148.380704085
          ],
          [
            629766.7159793822,
            5220149.0692807445
          ],
          [
            629765.9905061519,
            5220149.757857404
          ],
          [
            629765.2343460509,
            5220150.440657118
          ],
          [
            629764.4781859498,
            5220151.123456832
          ],
          [
            629763.7220258489,
            5220151.806256547
          ],
          [
            629762.9658657479,
            5220152.489056261
          ],
          [
            629762.2097056468,
            5220153.171855976
          ],
          [
            629761.4535455458,
            5220153.85465569
          ],
          [
            629760.6973854449,
            5220154.537455404
          ],
          [
            629759.9412253438,
            5220155.220255119
          ],
          [
            629759.1850652428,
            5220155.9030548325
          ],
          [
            629758.4289051418,
            5220156.585854547
          ],
          [
            629757.6727450409,
            5220157.268654262
          ],
          [
            629756.9165849398,
            5220157.951453976
          ],
          [
            629756.1604248388,
            5220158.63425369
          ],
          [
            629755.4042647377,
            5220159.317053405
          ],
          [
            629754.6481046368,
            5220159.999853119
          ],
          [
            629753.8919445358,
            5220160.682652833
          ],
          [
            629753.1357844347,
            5220161.365452548
          ],
          [
            629752.3796243337,
            5220162.048252262
          ],
          [
            629751.6234642328,
            5220162.731051976
          ],
          [
            629750.8673041317,
            5220163.4138516905
          ],
          [
            629750.1111440307,
            5220164.096651405
          ],
          [
            629749.3549839297,
            5220164.77945112
          ],
          [
            629748.5988238286,
            5220165.462250833
          ],
          [
            629747.8426637277,
            5220166.145050548
          ],
          [
            629747.0865036267,
            5220166.827850263
          ],
          [
            629746.3303435256,
            5220167.510649976
          ],
          [
            629745.5741834246,
            5220168.193449691
          ],
          [
            629744.8180233237,
            5220168.876249406
          ],
          [
            629744.0618632226,
            5220169.55904912
          ],
          [
            629743.3057031216,
            5220170.241848834
          ],
          [
            629742.5495430205,
            5220170.9246485485
          ],
          [
            629741.7933829196,
            5220171.607448263
          ],
          [
            629741.0372228186,
            5220172.290247977
          ],
          [
            629740.2810627175,
            5220172.973047691
          ],
          [
            629739.5249026165,
            5220173.655847406
          ],
          [
            629738.7687425156,
            5220174.338647121
          ],
          [
            629738.0125824146,
            5220175.021446834
          ],
          [
            629737.2564223135,
            5220175.704246549
          ],
          [
            629736.7144462243,
            5220176.5737462165
          ],
          [
            629736.172470135,
            5220177.443245884
          ],
          [
            629735.6304940458,
            5220178.312745552
          ],
          [
            629735.0885179566,
            5220179.182245219
          ],
          [
            629734.5465418673,
            5220180.051744888
          ],
          [
            629734.0045657781,
            5220180.921244555
          ],
          [
            629733.4625896888,
            5220181.790744223
          ],
          [
            629732.9206135996,
            5220182.66024389
          ],
          [
            629732.3786375104,
            5220183.529743558
          ],
          [
            629731.836661421,
            5220184.399243225
          ],
          [
            629731.2946853318,
            5220185.268742893
          ],
          [
            629730.7527092425,
            5220186.13824256
          ],
          [
            629730.2107331533,
            5220187.007742228
          ],
          [
            629729.668757064,
            5220187.8772418955
          ],
          [
            629729.1267809748,
            5220188.746741564
          ],
          [
            629728.5848048856,
            5220189.616241232
          ],
          [
            629728.0428287963,
            5220190.485740899
          ],
          [
            629727.5008527071,
            5220191.355240567
          ],
          [
            629726.9588766178,
            5220192.224740234
          ],
          [
            629726.4169005286,
            5220193.094239902
          ],
          [
            629725.8749244394,
            5220193.963739569
          ],
          [
            629725.3329483501,
            5220194.833239237
          ],
          [
            629724.7909722609,
            5220195.702738904
          ],
          [
            629724.2489961716,
            5220196.572238572
          ],
          [
            629723.7070200824,
            5220197.44173824
          ],
          [
            629723.1650439932,
            5220198.311237908
          ],
          [
            629722.6230679039,
            5220199.1807375755
          ],
          [
            629722.0810918147,
            5220200.050237243
          ],
          [
            629721.5391157254,
            5220200.919736911
          ],
          [
            629720.9971396361,
            5220201.789236578
          ],
          [
            629720.4551635468,
            5220202.658736246
          ],
          [
            629719.9131874576,
            5220203.528235913
          ],
          [
            629719.3712113684,
            5220204.397735581
          ],
          [
            629718.8292352791,
            5220205.267235248
          ],
          [
            629718.2872591899,
            5220206.136734917
          ],
          [
            629717.7452831006,
            5220207.006234584
          ],
          [
            629717.2033070114,
            5220207.875734252
          ],
          [
            629716.6613309222,
            5220208.7452339195
          ],
          [
            629716.1193548329,
            5220209.614733587
          ],
          [
            629715.4081498601,
            5220210.467075481
          ],
          [
            629714.6969448868,
            5220211.319417375
          ],
          [
            629713.9973613772,
            5220212.181456367
          ],
          [
            629713.2900302253,
            5220213.037030626
          ],
          [
            629712.5826990734,
            5220213.892604887
          ],
          [
            629711.8583283712,
            5220214.734373065
          ],
          [
            629711.1595169941,
            5220215.596850365
          ],
          [
            629710.4607056174,
            5220216.459327666
          ],
          [
            629709.8309747934,
            5220217.236545323
          ],
          [
            629709.2012439694,
            5220218.013762981
          ],
          [
            629708.5715131457,
            5220218.790980637
          ],
          [
            629707.9417823217,
            5220219.568198294
          ],
          [
            629707.3120514976,
            5220220.345415952
          ],
          [
            629706.6823206736,
            5220221.122633609
          ],
          [
            629706.0525898496,
            5220221.899851266
          ],
          [
            629705.4228590254,
            5220222.677068924
          ],
          [
            629704.7931282014,
            5220223.454286581
          ],
          [
            629704.1633973778,
            5220224.231504237
          ],
          [
            629703.5336665538,
            5220225.008721895
          ],
          [
            629702.9039357296,
            5220225.785939552
          ],
          [
            629702.2742049056,
            5220226.563157209
          ],
          [
            629701.6444740816,
            5220227.3403748665
          ],
          [
            629701.0147432579,
            5220228.117592523
          ],
          [
            629700.3850124339,
            5220228.89481018
          ],
          [
            629699.7552816098,
            5220229.6720278375
          ],
          [
            629699.1255507858,
            5220230.449245495
          ],
          [
            629698.4958199617,
            5220231.226463152
          ],
          [
            629697.8660891376,
            5220232.003680809
          ],
          [
            629697.2363583136,
            5220232.780898467
          ],
          [
            629696.60662749,
            5220233.558116123
          ],
          [
            629695.9768966659,
            5220234.33533378
          ],
          [
            629695.3471658418,
            5220235.112551438
          ],
          [
            629694.7174350178,
            5220235.889769095
          ],
          [
            629694.0877041938,
            5220236.666986752
          ],
          [
            629693.4579733701,
            5220237.444204409
          ],
          [
            629692.8282425461,
            5220238.221422066
          ],
          [
            629692.198511722,
            5220238.998639723
          ],
          [
            629691.568780898,
            5220239.775857381
          ],
          [
            629690.9390500739,
            5220240.553075038
          ],
          [
            629690.3093192498,
            5220241.330292695
          ],
          [
            629689.6795884258,
            5220242.1075103525
          ],
          [
            629689.0498576021,
            5220242.884728009
          ],
          [
            629688.4201267781,
            5220243.661945666
          ],
          [
            629687.790395954,
            5220244.4391633235
          ],
          [
            629687.1606651299,
            5220245.216380981
          ],
          [
            629686.5309343059,
            5220245.993598638
          ],
          [
            629685.9012034822,
            5220246.7708162945
          ],
          [
            629685.2714726581,
            5220247.548033952
          ],
          [
            629684.6417418342,
            5220248.325251609
          ],
          [
            629684.0120110101,
            5220249.102469266
          ],
          [
            629683.382280186,
            5220249.879686924
          ],
          [
            629682.752549362,
            5220250.656904581
          ],
          [
            629682.1228185379,
            5220251.434122238
          ],
          [
            629681.4930877142,
            5220252.211339895
          ],
          [
            629680.8633568903,
            5220252.988557552
          ],
          [
            629680.2336260661,
            5220253.765775209
          ],
          [
            629679.603931902,
            5220254.542947621
          ],
          [
            629678.9742377372,
            5220255.320120033
          ],
          [
            629678.344543573,
            5220256.097292445
          ],
          [
            629677.7148494083,
            5220256.874464856
          ],
          [
            629677.085155244,
            5220257.651637267
          ],
          [
            629676.4554610793,
            5220258.42880968
          ],
          [
            629675.8257669151,
            5220259.205982091
          ],
          [
            629675.1960727504,
            5220259.983154504
          ],
          [
            629674.5663785861,
            5220260.7603269145
          ],
          [
            629673.9366844214,
            5220261.537499327
          ],
          [
            629673.3069902571,
            5220262.314671738
          ],
          [
            629672.6772960924,
            5220263.091844151
          ],
          [
            629672.0476019281,
            5220263.869016562
          ],
          [
            629671.4179077634,
            5220264.646188974
          ],
          [
            629670.7882135992,
            5220265.423361385
          ],
          [
            629670.1585194345,
            5220266.200533798
          ],
          [
            629669.5288252702,
            5220266.977706209
          ],
          [
            629668.899131106,
            5220267.754878621
          ],
          [
            629668.2694369412,
            5220268.532051032
          ],
          [
            629667.639742777,
            5220269.309223444
          ],
          [
            629667.0100486124,
            5220270.086395856
          ],
          [
            629666.3803544481,
            5220270.863568268
          ],
          [
            629665.7506602834,
            5220271.64074068
          ],
          [
            629665.1209661191,
            5220272.417913091
          ],
          [
            629664.4912719544,
            5220273.195085503
          ],
          [
            629663.8615777901,
            5220273.972257915
          ],
          [
            629663.2318836255,
            5220274.749430327
          ],
          [
            629662.6021894611,
            5220275.526602739
          ],
          [
            629661.9724952965,
            5220276.30377515
          ],
          [
            629661.3428011322,
            5220277.080947562
          ],
          [
            629660.7131069675,
            5220277.858119974
          ],
          [
            629660.0834128032,
            5220278.635292385
          ],
          [
            629659.4537186385,
            5220279.4124647975
          ],
          [
            629658.8240244742,
            5220280.189637208
          ],
          [
            629658.1943303096,
            5220280.966809621
          ],
          [
            629657.5907990353,
            5220281.7651801845
          ],
          [
            629656.9501206891,
            5220282.538694907
          ],
          [
            629656.3094423431,
            5220283.312209629
          ],
          [
            629655.6687639969,
            5220284.085724351
          ],
          [
            629655.0280856508,
            5220284.8592390735
          ],
          [
            629654.3874073047,
            5220285.632753796
          ],
          [
            629653.7467289586,
            5220286.406268518
          ],
          [
            629653.1060506124,
            5220287.17978324
          ],
          [
            629652.4653722664,
            5220287.953297962
          ],
          [
            629651.8246939202,
            5220288.726812685
          ],
          [
            629651.184015574,
            5220289.500327407
          ],
          [
            629650.543337228,
            5220290.273842129
          ],
          [
            629649.9026588819,
            5220291.047356851
          ],
          [
            629649.2619805357,
            5220291.820871574
          ],
          [
            629648.6213021897,
            5220292.594386296
          ],
          [
            629647.9806238435,
            5220293.367901018
          ],
          [
            629647.3399454973,
            5220294.14141574
          ],
          [
            629646.6992671513,
            5220294.914930463
          ],
          [
            629646.0585888051,
            5220295.688445185
          ],
          [
            629645.417910459,
            5220296.461959907
          ],
          [
            629644.7772321128,
            5220297.235474629
          ],
          [
            629644.1365537668,
            5220298.008989352
          ],
          [
            629643.4958754206,
            5220298.782504074
          ],
          [
            629642.8551970745,
            5220299.556018796
          ],
          [
            629642.2145187284,
            5220300.329533518
          ],
          [
            629641.5738403823,
            5220301.103048241
          ],
          [
            629640.9331620361,
            5220301.876562963
          ],
          [
            629640.2924836901,
            5220302.650077685
          ],
          [
            629639.6518053439,
            5220303.423592407
          ],
          [
            629639.0111269978,
            5220304.19710713
          ],
          [
            629638.3704486517,
            5220304.970621852
          ],
          [
            629637.7297703056,
            5220305.744136574
          ],
          [
            629637.0890919594,
            5220306.517651296
          ],
          [
            629636.4484136134,
            5220307.291166019
          ],
          [
            629635.8077352672,
            5220308.064680741
          ],
          [
            629635.1487594177,
            5220308.823398156
          ],
          [
            629634.5172298233,
            5220309.604311531
          ],
          [
            629633.8857002287,
            5220310.385224908
          ],
          [
            629633.2566885891,
            5220311.163024724
          ],
          [
            629632.62767695,
            5220311.94082454
          ],
          [
            629631.9986653104,
            5220312.718624357
          ],
          [
            629631.3696536709,
            5220313.496424174
          ],
          [
            629630.7406420314,
            5220314.274223991
          ],
          [
            629630.1116303918,
            5220315.052023808
          ],
          [
            629629.4826187526,
            5220315.829823623
          ],
          [
            629628.8536071132,
            5220316.60762344
          ],
          [
            629628.2245954737,
            5220317.385423257
          ],
          [
            629627.5955838341,
            5220318.163223074
          ],
          [
            629626.9665721948,
            5220318.94102289
          ],
          [
            629626.3375605554,
            5220319.7188227065
          ],
          [
            629625.7085489159,
            5220320.496622523
          ],
          [
            629625.0795372764,
            5220321.27442234
          ],
          [
            629624.450525637,
            5220322.052222156
          ],
          [
            629623.8215139976,
            5220322.830021973
          ],
          [
            629623.1925023582,
            5220323.60782179
          ],
          [
            629622.5634907186,
            5220324.385621606
          ],
          [
            629621.9344790792,
            5220325.163421422
          ],
          [
            629621.3054674398,
            5220325.941221239
          ],
          [
            629620.6764558004,
            5220326.719021056
          ],
          [
            629620.0474441609,
            5220327.496820873
          ],
          [
            629619.4184325213,
            5220328.274620689
          ],
          [
            629618.789420882,
            5220329.052420505
          ],
          [
            629618.1604092426,
            5220329.830220322
          ],
          [
            629617.5313976031,
            5220330.608020139
          ],
          [
            629616.9023859636,
            5220331.385819956
          ],
          [
            629616.2733743242,
            5220332.163619772
          ],
          [
            629615.6443626848,
            5220332.941419588
          ],
          [
            629615.0153510453,
            5220333.719219405
          ],
          [
            629614.3863394058,
            5220334.497019222
          ],
          [
            629613.7573277663,
            5220335.274819039
          ],
          [
            629613.128316127,
            5220336.052618855
          ],
          [
            629612.4993044875,
            5220336.8304186715
          ],
          [
            629611.870292848,
            5220337.608218488
          ],
          [
            629611.2412812086,
            5220338.386018305
          ],
          [
            629610.6122695692,
            5220339.163818121
          ],
          [
            629609.9832579297,
            5220339.941617938
          ],
          [
            629609.3542462902,
            5220340.719417755
          ],
          [
            629608.7252346508,
            5220341.497217571
          ],
          [
            629608.0962230113,
            5220342.275017388
          ],
          [
            629607.4672113719,
            5220343.052817204
          ],
          [
            629606.8381997324,
            5220343.830617021
          ],
          [
            629606.209188093,
            5220344.608416838
          ],
          [
            629605.5801764536,
            5220345.386216654
          ],
          [
            629604.9511648141,
            5220346.16401647
          ],
          [
            629604.3221531746,
            5220346.941816287
          ],
          [
            629603.6931415352,
            5220347.719616104
          ],
          [
            629603.0641298958,
            5220348.497415921
          ],
          [
            629602.4351182563,
            5220349.2752157375
          ],
          [
            629601.8061066166,
            5220350.053015554
          ],
          [
            629601.1770949773,
            5220350.83081537
          ],
          [
            629600.548083338,
            5220351.608615187
          ],
          [
            629599.9190716984,
            5220352.386415004
          ],
          [
            629599.2900600589,
            5220353.164214821
          ],
          [
            629598.6610484194,
            5220353.942014637
          ],
          [
            629598.0320367801,
            5220354.719814453
          ],
          [
            629597.4030251406,
            5220355.49761427
          ],
          [
            629596.7740135011,
            5220356.275414087
          ],
          [
            629596.1450018616,
            5220357.053213904
          ],
          [
            629595.5159902221,
            5220357.8310137205
          ],
          [
            629594.8869785826,
            5220358.608813537
          ],
          [
            629594.2579669433,
            5220359.386613353
          ],
          [
            629593.6289553039,
            5220360.16441317
          ],
          [
            629592.9999436644,
            5220360.942212987
          ],
          [
            629592.3709320248,
            5220361.720012804
          ],
          [
            629591.7419203855,
            5220362.497812619
          ],
          [
            629591.1129087461,
            5220363.275612436
          ],
          [
            629590.4838971066,
            5220364.053412253
          ],
          [
            629589.8548854671,
            5220364.83121207
          ],
          [
            629589.2258738275,
            5220365.609011887
          ],
          [
            629588.5968621883,
            5220366.3868117025
          ],
          [
            629587.9678505489,
            5220367.164611519
          ],
          [
            629587.3388389094,
            5220367.942411336
          ],
          [
            629586.7098272698,
            5220368.720211153
          ],
          [
            629586.0808156305,
            5220369.498010969
          ],
          [
            629585.4518039911,
            5220370.275810786
          ],
          [
            629584.8227923516,
            5220371.053610602
          ],
          [
            629584.1937807121,
            5220371.831410419
          ],
          [
            629583.5647690725,
            5220372.609210236
          ],
          [
            629582.9357574333,
            5220373.387010052
          ],
          [
            629582.3067457938,
            5220374.164809869
          ],
          [
            629581.6777341543,
            5220374.9426096855
          ],
          [
            629581.0487225148,
            5220375.720409502
          ],
          [
            629580.4197108755,
            5220376.498209318
          ],
          [
            629579.790699236,
            5220377.276009135
          ],
          [
            629579.1616875965,
            5220378.053808952
          ],
          [
            629578.5326759571,
            5220378.831608769
          ],
          [
            629577.9036643174,
            5220379.609408585
          ],
          [
            629577.2746526782,
            5220380.387208401
          ],
          [
            629576.6456410387,
            5220381.165008218
          ],
          [
            629576.0166293993,
            5220381.942808035
          ],
          [
            629575.3876177598,
            5220382.720607852
          ],
          [
            629574.7586061204,
            5220383.4984076675
          ],
          [
            629574.1295944809,
            5220384.276207484
          ],
          [
            629573.5005828415,
            5220385.054007301
          ],
          [
            629572.8605419059,
            5220385.822610181
          ],
          [
            629572.2205009703,
            5220386.5912130615
          ],
          [
            629571.5804600347,
            5220387.359815942
          ],
          [
            629570.9404190991,
            5220388.128418822
          ],
          [
            629570.3003781635,
            5220388.897021702
          ],
          [
            629569.6603372279,
            5220389.665624582
          ],
          [
            629569.0202962924,
            5220390.434227463
          ],
          [
            629568.3802553568,
            5220391.202830343
          ],
          [
            629567.7402144212,
            5220391.971433222
          ],
          [
            629567.1001734856,
            5220392.740036103
          ],
          [
            629566.46013255,
            5220393.508638984
          ],
          [
            629565.8200916144,
            5220394.277241863
          ],
          [
            629565.1800506788,
            5220395.045844743
          ],
          [
            629564.5400097432,
            5220395.814447624
          ],
          [
            629563.8999688076,
            5220396.583050504
          ],
          [
            629563.259927872,
            5220397.351653384
          ],
          [
            629562.6198869364,
            5220398.120256264
          ],
          [
            629561.9798460009,
            5220398.888859144
          ],
          [
            629561.3398050653,
            5220399.657462025
          ],
          [
            629560.6997641297,
            5220400.426064905
          ],
          [
            629560.0597231941,
            5220401.1946677845
          ],
          [
            629559.4196822585,
            5220401.963270665
          ],
          [
            629558.7796413229,
            5220402.731873546
          ],
          [
            629558.1396003873,
            5220403.5004764255
          ],
          [
            629557.4995594517,
            5220404.269079305
          ],
          [
            629556.8595185161,
            5220405.037682186
          ],
          [
            629556.2194775805,
            5220405.8062850665
          ],
          [
            629555.5794366449,
            5220406.574887946
          ],
          [
            629554.9393957093,
            5220407.343490826
          ],
          [
            629554.2993547737,
            5220408.112093707
          ],
          [
            629553.6593138382,
            5220408.880696587
          ],
          [
            629553.0192729026,
            5220409.649299467
          ],
          [
            629552.379231967,
            5220410.417902348
          ],
          [
            629551.7391910314,
            5220411.186505227
          ],
          [
            629551.0991500958,
            5220411.955108108
          ],
          [
            629550.4591091602,
            5220412.723710988
          ],
          [
            629549.8070130796,
            5220413.482261512
          ],
          [
            629549.154916999,
            5220414.240812037
          ],
          [
            629548.5028209185,
            5220414.999362563
          ],
          [
            629547.850724838,
            5220415.7579130875
          ],
          [
            629547.1986287574,
            5220416.516463612
          ],
          [
            629546.5465326767,
            5220417.275014138
          ],
          [
            629545.8944365962,
            5220418.033564663
          ],
          [
            629545.2423405156,
            5220418.792115187
          ],
          [
            629544.590244435,
            5220419.550665712
          ],
          [
            629543.9381483545,
            5220420.309216237
          ],
          [
            629543.2860522739,
            5220421.067766762
          ],
          [
            629542.6339561933,
            5220421.826317287
          ],
          [
            629541.9818601127,
            5220422.584867812
          ],
          [
            629541.3297640322,
            5220423.343418337
          ],
          [
            629540.6776679516,
            5220424.101968862
          ],
          [
            629540.025571871,
            5220424.860519387
          ],
          [
            629539.3734757904,
            5220425.6190699125
          ],
          [
            629538.7213797099,
            5220426.377620437
          ],
          [
            629538.0692836293,
            5220427.136170962
          ],
          [
            629537.4171875486,
            5220427.894721488
          ],
          [
            629536.7650914681,
            5220428.653272012
          ],
          [
            629536.1129953875,
            5220429.411822537
          ],
          [
            629535.4608993068,
            5220430.170373063
          ],
          [
            629534.8088032263,
            5220430.928923587
          ],
          [
            629534.1393388102,
            5220431.68537235
          ],
          [
            629533.4698743941,
            5220432.441821112
          ],
          [
            629532.800409978,
            5220433.198269875
          ],
          [
            629532.1309455618,
            5220433.954718637
          ],
          [
            629531.4614811457,
            5220434.7111674
          ],
          [
            629530.7920167296,
            5220435.467616162
          ],
          [
            629530.1225523135,
            5220436.224064925
          ],
          [
            629529.4530878974,
            5220436.980513687
          ],
          [
            629528.7836234813,
            5220437.73696245
          ],
          [
            629528.1141590652,
            5220438.493411212
          ],
          [
            629527.444694649,
            5220439.249859975
          ],
          [
            629526.7752302329,
            5220440.006308737
          ],
          [
            629526.1057658168,
            5220440.7627575
          ],
          [
            629525.4363014007,
            5220441.519206262
          ],
          [
            629524.7668369845,
            5220442.275655025
          ],
          [
            629524.0973725684,
            5220443.032103787
          ],
          [
            629523.4279081523,
            5220443.788552551
          ],
          [
            629522.7584437361,
            5220444.545001313
          ],
          [
            629522.08897932,
            5220445.301450076
          ],
          [
            629521.4195149039,
            5220446.057898838
          ],
          [
            629520.7500504878,
            5220446.814347601
          ],
          [
            629520.0805860717,
            5220447.570796363
          ],
          [
            629519.4111216556,
            5220448.327245126
          ],
          [
            629518.7416572394,
            5220449.083693888
          ],
          [
            629518.0721928233,
            5220449.8401426505
          ],
          [
            629517.4027284072,
            5220450.596591413
          ],
          [
            629516.7332639911,
            5220451.3530401755
          ],
          [
            629516.063799575,
            5220452.109488938
          ],
          [
            629515.3943351589,
            5220452.8659377005
          ],
          [
            629514.7248707428,
            5220453.622386463
          ],
          [
            629514.0554063265,
            5220454.3788352255
          ],
          [
            629513.3859419104,
            5220455.135283988
          ],
          [
            629512.7164774943,
            5220455.89173275
          ],
          [
            629512.0470130782,
            5220456.648181513
          ],
          [
            629511.8207037178,
            5220455.639521629
          ],
          [
            629511.5943943573,
            5220454.630861743
          ],
          [
            629511.3680849967,
            5220453.622201859
          ],
          [
            629511.1417756362,
            5220452.613541975
          ],
          [
            629510.9154662758,
            5220451.604882089
          ],
          [
            629510.6891569153,
            5220450.596222205
          ],
          [
            629510.4628475548,
            5220449.587562321
          ],
          [
            629510.2365381942,
            5220448.5789024355
          ],
          [
            629510.0102288338,
            5220447.570242551
          ],
          [
            629509.7839194733,
            5220446.561582666
          ],
          [
            629509.5576101128,
            5220445.552922782
          ],
          [
            629509.3313007524,
            5220444.544262897
          ],
          [
            629509.1049913918,
            5220443.535603012
          ],
          [
            629508.8786820313,
            5220442.526943128
          ],
          [
            629508.6523726708,
            5220441.518283243
          ],
          [
            629508.4260633104,
            5220440.509623358
          ],
          [
            629508.1997539499,
            5220439.500963474
          ],
          [
            629507.9734445893,
            5220438.492303589
          ],
          [
            629507.7471352288,
            5220437.483643704
          ],
          [
            629507.5208258682,
            5220436.47498382
          ],
          [
            629506.6457583442,
            5220435.962818258
          ],
          [
            629505.77069082,
            5220435.450652697
          ],
          [
            629504.8956232958,
            5220434.938487136
          ],
          [
            629504.0205557717,
            5220434.4263215745
          ],
          [
            629503.1454882474,
            5220433.914156012
          ],
          [
            629502.2704207232,
            5220433.401990451
          ],
          [
            629501.3953531991,
            5220432.88982489
          ],
          [
            629500.5202856748,
            5220432.377659328
          ],
          [
            629499.6452181507,
            5220431.865493767
          ],
          [
            629498.7980734431,
            5220432.564587296
          ],
          [
            629497.9509287357,
            5220433.263680825
          ],
          [
            629497.1037840281,
            5220433.962774353
          ],
          [
            629496.2566393205,
            5220434.661867882
          ],
          [
            629495.4094946131,
            5220435.360961411
          ],
          [
            629494.5623499055,
            5220436.06005494
          ],
          [
            629493.7152051979,
            5220436.759148469
          ],
          [
            629492.8680604903,
            5220437.458241997
          ],
          [
            629492.0209157829,
            5220438.157335526
          ],
          [
            629491.1737710753,
            5220438.856429055
          ],
          [
            629490.3336569887,
            5220439.44562526
          ],
          [
            629489.493542902,
            5220440.034821464
          ],
          [
            629488.6534288154,
            5220440.624017668
          ],
          [
            629487.8133147288,
            5220441.213213872
          ],
          [
            629486.973200642,
            5220441.802410075
          ],
          [
            629486.1330865554,
            5220442.39160628
          ],
          [
            629485.2929724688,
            5220442.980802484
          ],
          [
            629484.4528583821,
            5220443.569998688
          ],
          [
            629483.6127442955,
            5220444.159194892
          ],
          [
            629482.7726302089,
            5220444.7483910965
          ],
          [
            629481.9325161222,
            5220445.337587301
          ],
          [
            629481.0924020356,
            5220445.926783505
          ],
          [
            629480.252287949,
            5220446.515979709
          ],
          [
            629479.4121738622,
            5220447.105175912
          ],
          [
            629478.5720597756,
            5220447.694372117
          ],
          [
            629477.731945689,
            5220448.283568321
          ],
          [
            629476.8918316023,
            5220448.872764525
          ],
          [
            629476.0517175157,
            5220449.461960729
          ],
          [
            629475.211603429,
            5220450.051156933
          ],
          [
            629474.3714893424,
            5220450.640353138
          ],
          [
            629473.5313752558,
            5220451.229549342
          ],
          [
            629472.6912611692,
            5220451.818745546
          ],
          [
            629471.8511470824,
            5220452.407941749
          ],
          [
            629471.0110329958,
            5220452.9971379535
          ],
          [
            629470.1709189091,
            5220453.586334158
          ],
          [
            629469.3308048225,
            5220454.175530362
          ],
          [
            629468.4906907359,
            5220454.764726566
          ],
          [
            629467.6505766492,
            5220455.35392277
          ],
          [
            629466.8104625626,
            5220455.943118975
          ],
          [
            629465.970348476,
            5220456.532315179
          ],
          [
            629465.1302343893,
            5220457.121511383
          ],
          [
            629464.2901203026,
            5220457.710707586
          ],
          [
            629463.450006216,
            5220458.2999037905
          ],
          [
            629462.6098921293,
            5220458.889099995
          ],
          [
            629461.7697780427,
            5220459.478296199
          ],
          [
            629460.9296639562,
            5220460.067492403
          ],
          [
            629460.5750157634,
            5220461.029143747
          ],
          [
            629460.2203675708,
            5220461.99079509
          ],
          [
            629459.8657193781,
            5220462.952446434
          ],
          [
            629459.5110711855,
            5220463.914097777
          ],
          [
            629459.1564229928,
            5220464.8757491205
          ],
          [
            629458.8017748002,
            5220465.837400464
          ],
          [
            629458.4471266075,
            5220466.799051807
          ],
          [
            629458.0924784149,
            5220467.760703151
          ],
          [
            629457.7378302222,
            5220468.722354494
          ],
          [
            629457.3831820296,
            5220469.684005838
          ],
          [
            629457.028533837,
            5220470.645657182
          ],
          [
            629456.6738856443,
            5220471.607308525
          ],
          [
            629456.3192374517,
            5220472.5689598685
          ],
          [
            629455.964589259,
            5220473.530611211
          ],
          [
            629455.6099410664,
            5220474.492262555
          ],
          [
            629455.2552928737,
            5220475.453913899
          ],
          [
            629454.9006446811,
            5220476.415565242
          ],
          [
            629454.5459964884,
            5220477.377216586
          ],
          [
            629454.1913482959,
            5220478.338867929
          ],
          [
            629453.8367001032,
            5220479.300519273
          ],
          [
            629453.4820519106,
            5220480.262170617
          ],
          [
            629453.127403718,
            5220481.223821959
          ],
          [
            629452.7727555253,
            5220482.185473303
          ],
          [
            629452.4181073327,
            5220483.147124647
          ],
          [
            629452.06345914,
            5220484.10877599
          ],
          [
            629451.7088109474,
            5220485.070427334
          ],
          [
            629451.3541627547,
            5220486.032078677
          ],
          [
            629450.9995145621,
            5220486.993730021
          ],
          [
            629450.6448663694,
            5220487.955381365
          ],
          [
            629450.2902181768,
            5220488.9170327075
          ],
          [
            629449.9355699841,
            5220489.878684051
          ],
          [
            629449.5809217915,
            5220490.840335394
          ],
          [
            629449.2262735988,
            5220491.801986738
          ],
          [
            629448.8716254062,
            5220492.763638082
          ],
          [
            629448.5169772136,
            5220493.725289425
          ],
          [
            629448.1623290209,
            5220494.686940769
          ],
          [
            629447.8076808283,
            5220495.648592112
          ],
          [
            629447.4530326356,
            5220496.6102434555
          ],
          [
            629446.9020214236,
            5220497.4651306905
          ],
          [
            629446.3510102115,
            5220498.320017925
          ],
          [
            629445.7999989995,
            5220499.17490516
          ],
          [
            629445.2489877874,
            5220500.029792395
          ],
          [
            629444.6979765753,
            5220500.88467963
          ],
          [
            629444.1469653633,
            5220501.739566865
          ],
          [
            629443.5959541512,
            5220502.5944541
          ],
          [
            629443.0449429392,
            5220503.449341335
          ],
          [
            629442.4939317271,
            5220504.30422857
          ],
          [
            629441.9429205151,
            5220505.159115805
          ],
          [
            629441.391909303,
            5220506.01400304
          ],
          [
            629440.840898091,
            5220506.868890275
          ],
          [
            629440.2898868789,
            5220507.72377751
          ],
          [
            629439.7388756669,
            5220508.578664745
          ],
          [
            629439.1878644549,
            5220509.433551981
          ],
          [
            629438.6368532429,
            5220510.288439216
          ],
          [
            629438.0858420308,
            5220511.143326451
          ],
          [
            629437.5348308188,
            5220511.998213686
          ],
          [
            629436.9838196067,
            5220512.853100921
          ],
          [
            629436.4328083947,
            5220513.707988156
          ],
          [
            629435.8817971826,
            5220514.562875391
          ],
          [
            629435.3307859706,
            5220515.417762626
          ],
          [
            629434.7797747585,
            5220516.272649861
          ],
          [
            629434.2287635464,
            5220517.127537096
          ],
          [
            629433.6777523344,
            5220517.982424331
          ],
          [
            629433.1267411223,
            5220518.837311566
          ],
          [
            629432.5757299103,
            5220519.692198801
          ],
          [
            629432.0247186982,
            5220520.547086036
          ],
          [
            629431.473707486,
            5220521.401973271
          ],
          [
            629430.6443554257,
            5220522.002399879
          ],
          [
            629429.8150033653,
            5220522.602826486
          ],
          [
            629428.9856513048,
            5220523.203253094
          ],
          [
            629428.1562992444,
            5220523.803679702
          ],
          [
            629427.3269471839,
            5220524.40410631
          ],
          [
            629426.4975951235,
            5220525.0045329165
          ],
          [
            629425.668243063,
            5220525.604959524
          ],
          [
            629424.8388910026,
            5220526.205386132
          ],
          [
            629424.0095389421,
            5220526.80581274
          ],
          [
            629423.1801868817,
            5220527.4062393475
          ],
          [
            629422.3508348212,
            5220528.006665955
          ],
          [
            629421.5214827608,
            5220528.607092563
          ],
          [
            629420.6921307003,
            5220529.207519171
          ],
          [
            629419.8627786399,
            5220529.807945779
          ],
          [
            629419.0334265794,
            5220530.408372386
          ],
          [
            629418.204074519,
            5220531.008798994
          ],
          [
            629417.3747224585,
            5220531.609225602
          ],
          [
            629416.5453703982,
            5220532.209652209
          ],
          [
            629415.7160183378,
            5220532.8100788165
          ],
          [
            629414.8866662773,
            5220533.410505424
          ],
          [
            629414.0573142169,
            5220534.010932032
          ],
          [
            629413.2279621564,
            5220534.61135864
          ],
          [
            629412.398610096,
            5220535.211785248
          ],
          [
            629411.5692580355,
            5220535.812211855
          ],
          [
            629410.7399059751,
            5220536.412638463
          ],
          [
            629409.9105539146,
            5220537.013065071
          ],
          [
            629409.0812018542,
            5220537.613491679
          ],
          [
            629408.2518497937,
            5220538.213918286
          ],
          [
            629407.4224977333,
            5220538.814344894
          ],
          [
            629406.5931456728,
            5220539.414771501
          ],
          [
            629405.7637936124,
            5220540.015198109
          ],
          [
            629404.9344415519,
            5220540.6156247165
          ],
          [
            629404.1050894915,
            5220541.216051324
          ],
          [
            629403.275737431,
            5220541.816477932
          ],
          [
            629402.4463853706,
            5220542.41690454
          ],
          [
            629401.6104160749,
            5220542.968559708
          ],
          [
            629400.8049343529,
            5220543.561622284
          ],
          [
            629399.9994526309,
            5220544.154684859
          ],
          [
            629399.1939709093,
            5220544.747747435
          ],
          [
            629398.3884891873,
            5220545.340810011
          ],
          [
            629397.5830074653,
            5220545.933872586
          ],
          [
            629396.7775257434,
            5220546.526935162
          ],
          [
            629395.9720440215,
            5220547.119997738
          ],
          [
            629395.1665622998,
            5220547.713060313
          ],
          [
            629394.361080578,
            5220548.306122889
          ],
          [
            629393.5555988558,
            5220548.899185465
          ],
          [
            629392.750117134,
            5220549.49224804
          ],
          [
            629391.9446354118,
            5220550.085310616
          ],
          [
            629391.13915369,
            5220550.6783731915
          ],
          [
            629390.333671968,
            5220551.2714357665
          ],
          [
            629389.5281902464,
            5220551.864498342
          ],
          [
            629388.7227085244,
            5220552.457560918
          ],
          [
            629387.9172268024,
            5220553.050623493
          ],
          [
            629387.1117450804,
            5220553.643686069
          ],
          [
            629386.3062633584,
            5220554.236748645
          ],
          [
            629385.5007816369,
            5220554.82981122
          ],
          [
            629384.6952999149,
            5220555.422873796
          ],
          [
            629383.889818193,
            5220556.015936372
          ],
          [
            629383.084336471,
            5220556.608998947
          ],
          [
            629382.278854749,
            5220557.202061523
          ],
          [
            629381.473373027,
            5220557.795124099
          ],
          [
            629380.667891305,
            5220558.388186674
          ],
          [
            629379.8624095835,
            5220558.98124925
          ],
          [
            629379.0569278615,
            5220559.574311825
          ],
          [
            629378.2514461394,
            5220560.1673744
          ],
          [
            629377.4459224853,
            5220560.76046785
          ],
          [
            629376.6403988312,
            5220561.3535613
          ],
          [
            629375.8348751771,
            5220561.946654749
          ],
          [
            629375.0293515229,
            5220562.539748198
          ],
          [
            629374.2238278688,
            5220563.1328416485
          ],
          [
            629373.4183042147,
            5220563.725935098
          ],
          [
            629372.6127805606,
            5220564.319028547
          ],
          [
            629371.8072569064,
            5220564.912121997
          ],
          [
            629371.0017332521,
            5220565.505215447
          ],
          [
            629370.1962095981,
            5220566.098308897
          ],
          [
            629369.3906859437,
            5220566.691402346
          ],
          [
            629368.5851622897,
            5220567.284495796
          ],
          [
            629367.7796386358,
            5220567.877589245
          ],
          [
            629366.9741149814,
            5220568.470682695
          ],
          [
            629366.1685913274,
            5220569.063776145
          ],
          [
            629365.3630676734,
            5220569.656869594
          ],
          [
            629364.557544019,
            5220570.249963044
          ],
          [
            629363.7520203651,
            5220570.843056493
          ],
          [
            629362.9464967111,
            5220571.436149943
          ],
          [
            629362.1409730567,
            5220572.029243393
          ],
          [
            629361.3354494027,
            5220572.622336842
          ],
          [
            629360.5299257487,
            5220573.215430291
          ],
          [
            629359.7244020943,
            5220573.808523742
          ],
          [
            629358.9188784404,
            5220574.401617191
          ],
          [
            629358.1133547863,
            5220574.99471064
          ],
          [
            629357.307831132,
            5220575.58780409
          ],
          [
            629356.502307478,
            5220576.1808975395
          ],
          [
            629355.696783824,
            5220576.773990989
          ],
          [
            629354.8912601696,
            5220577.367084439
          ],
          [
            629354.0857365156,
            5220577.960177888
          ],
          [
            629353.2802128616,
            5220578.553271337
          ],
          [
            629352.4746892073,
            5220579.146364788
          ],
          [
            629351.6691655533,
            5220579.739458237
          ],
          [
            629350.8636418992,
            5220580.332551686
          ],
          [
            629350.0581182449,
            5220580.925645136
          ],
          [
            629349.252594591,
            5220581.5187385855
          ],
          [
            629348.4470709369,
            5220582.111832035
          ],
          [
            629347.6415472826,
            5220582.704925485
          ],
          [
            629346.8360236286,
            5220583.298018934
          ],
          [
            629346.0304999745,
            5220583.891112383
          ],
          [
            629345.2249763202,
            5220584.484205834
          ],
          [
            629344.4194526663,
            5220585.077299283
          ],
          [
            629343.6139290121,
            5220585.670392732
          ],
          [
            629342.8084053579,
            5220586.263486182
          ],
          [
            629342.0028817039,
            5220586.856579632
          ],
          [
            629341.1973580498,
            5220587.449673081
          ],
          [
            629340.3918343956,
            5220588.042766531
          ],
          [
            629339.5863107415,
            5220588.63585998
          ],
          [
            629338.7807870874,
            5220589.2289534295
          ],
          [
            629337.9752634332,
            5220589.82204688
          ],
          [
            629337.1697397792,
            5220590.415140329
          ],
          [
            629336.364216125,
            5220591.008233778
          ],
          [
            629335.5586924708,
            5220591.601327228
          ],
          [
            629334.7531688168,
            5220592.194420678
          ],
          [
            629333.9476451627,
            5220592.787514127
          ],
          [
            629333.1421215085,
            5220593.380607577
          ],
          [
            629332.3365978545,
            5220593.973701026
          ],
          [
            629331.5310742003,
            5220594.566794476
          ],
          [
            629330.7255505462,
            5220595.159887926
          ],
          [
            629329.9200268921,
            5220595.752981375
          ],
          [
            629329.114503238,
            5220596.346074824
          ],
          [
            629328.3089795838,
            5220596.939168274
          ],
          [
            629327.5034559297,
            5220597.532261724
          ],
          [
            629326.6979322756,
            5220598.125355173
          ],
          [
            629325.8924086215,
            5220598.718448623
          ],
          [
            629325.0868849674,
            5220599.311542072
          ],
          [
            629324.2813613133,
            5220599.904635522
          ],
          [
            629323.4758376592,
            5220600.497728972
          ],
          [
            629322.6703140051,
            5220601.090822421
          ],
          [
            629321.8647903509,
            5220601.68391587
          ],
          [
            629321.0592666968,
            5220602.27700932
          ],
          [
            629320.2537430427,
            5220602.87010277
          ],
          [
            629319.4482193886,
            5220603.463196219
          ],
          [
            629318.6426957344,
            5220604.056289669
          ],
          [
            629317.8371720803,
            5220604.649383118
          ],
          [
            629317.0316484262,
            5220605.242476568
          ],
          [
            629316.226124772,
            5220605.835570018
          ],
          [
            629315.4206011179,
            5220606.428663467
          ],
          [
            629314.6150774638,
            5220607.021756916
          ],
          [
            629313.8095538097,
            5220607.6148503665
          ],
          [
            629313.0040301555,
            5220608.207943816
          ],
          [
            629312.1985065014,
            5220608.801037266
          ],
          [
            629311.3929828473,
            5220609.394130715
          ],
          [
            629310.5874591932,
            5220609.987224164
          ],
          [
            629309.781935539,
            5220610.580317615
          ],
          [
            629308.976411885,
            5220611.173411064
          ],
          [
            629308.1708882309,
            5220611.766504513
          ],
          [
            629307.3653645767,
            5220612.359597963
          ],
          [
            629306.5598409226,
            5220612.9526914125
          ],
          [
            629305.7543172683,
            5220613.545784863
          ],
          [
            629304.9487936144,
            5220614.138878312
          ],
          [
            629304.1432699603,
            5220614.731971761
          ],
          [
            629303.337746306,
            5220615.325065211
          ],
          [
            629302.532222652,
            5220615.918158661
          ],
          [
            629301.7266989975,
            5220616.511252111
          ],
          [
            629300.9211753437,
            5220617.10434556
          ],
          [
            629300.1156516897,
            5220617.697439009
          ],
          [
            629299.3101280353,
            5220618.2905324595
          ],
          [
            629298.5046043813,
            5220618.883625909
          ],
          [
            629297.6990807273,
            5220619.476719358
          ],
          [
            629296.893557073,
            5220620.069812808
          ],
          [
            629296.088033419,
            5220620.662906257
          ],
          [
            629295.2825097649,
            5220621.255999707
          ],
          [
            629294.4769861106,
            5220621.849093157
          ],
          [
            629293.6714624566,
            5220622.442186606
          ],
          [
            629292.8659388026,
            5220623.035280055
          ],
          [
            629292.0604151483,
            5220623.628373506
          ],
          [
            629291.2548914942,
            5220624.221466955
          ],
          [
            629290.4493678402,
            5220624.814560404
          ],
          [
            629289.6438441859,
            5220625.407653854
          ],
          [
            629288.8383205319,
            5220626.0007473035
          ],
          [
            629288.0327968778,
            5220626.593840753
          ],
          [
            629287.2272732235,
            5220627.186934203
          ],
          [
            629286.4217495696,
            5220627.780027652
          ],
          [
            629285.6162259155,
            5220628.373121101
          ],
          [
            629284.8107022612,
            5220628.966214552
          ],
          [
            629284.0051786072,
            5220629.559308001
          ],
          [
            629283.1996549531,
            5220630.15240145
          ],
          [
            629282.3941312989,
            5220630.7454949
          ],
          [
            629281.5886076449,
            5220631.3385883495
          ],
          [
            629280.7830839907,
            5220631.931681799
          ],
          [
            629279.9775603365,
            5220632.524775249
          ],
          [
            629279.1720366825,
            5220633.117868698
          ],
          [
            629278.3665130284,
            5220633.710962147
          ],
          [
            629277.5609893741,
            5220634.304055598
          ],
          [
            629276.7554657201,
            5220634.897149047
          ],
          [
            629275.949942066,
            5220635.490242496
          ],
          [
            629275.1444184118,
            5220636.083335946
          ],
          [
            629274.3388947577,
            5220636.676429396
          ],
          [
            629273.5333711036,
            5220637.269522845
          ],
          [
            629272.7278474494,
            5220637.862616295
          ],
          [
            629271.9223237954,
            5220638.455709744
          ],
          [
            629271.1168001413,
            5220639.0488031935
          ],
          [
            629270.3112764871,
            5220639.641896644
          ],
          [
            629269.505752833,
            5220640.234990093
          ],
          [
            629268.7002291789,
            5220640.828083542
          ],
          [
            629267.8947055248,
            5220641.421176992
          ],
          [
            629267.0891818706,
            5220642.014270442
          ],
          [
            629266.2836582165,
            5220642.607363891
          ],
          [
            629265.4781345624,
            5220643.200457341
          ],
          [
            629264.6726109083,
            5220643.79355079
          ],
          [
            629263.8670872541,
            5220644.38664424
          ],
          [
            629263.0615636,
            5220644.97973769
          ],
          [
            629262.2560399459,
            5220645.572831139
          ],
          [
            629261.4505162918,
            5220646.165924588
          ],
          [
            629260.6449926377,
            5220646.759018038
          ],
          [
            629259.8394689835,
            5220647.352111488
          ],
          [
            629259.0339453293,
            5220647.945204938
          ],
          [
            629258.2284216753,
            5220648.538298387
          ],
          [
            629257.4228980212,
            5220649.131391836
          ],
          [
            629256.617374367,
            5220649.7244852865
          ],
          [
            629255.8118507129,
            5220650.317578736
          ],
          [
            629255.0063270588,
            5220650.910672185
          ],
          [
            629254.2008034046,
            5220651.503765635
          ],
          [
            629253.3952797506,
            5220652.096859084
          ],
          [
            629252.5897560965,
            5220652.689952534
          ],
          [
            629251.7842324423,
            5220653.283045984
          ],
          [
            629250.9787087882,
            5220653.876139433
          ],
          [
            629250.1731851338,
            5220654.469232883
          ],
          [
            629249.36766148,
            5220655.062326333
          ],
          [
            629248.5621378258,
            5220655.655419782
          ],
          [
            629247.7566141716,
            5220656.248513232
          ],
          [
            629246.9510905176,
            5220656.841606681
          ],
          [
            629246.1455668631,
            5220657.434700131
          ],
          [
            629245.3400432093,
            5220658.027793581
          ],
          [
            629244.5345195552,
            5220658.62088703
          ],
          [
            629243.7289959008,
            5220659.21398048
          ],
          [
            629242.9234722469,
            5220659.807073929
          ],
          [
            629242.07079796,
            5220660.330260957
          ],
          [
            629241.2181236731,
            5220660.853447983
          ],
          [
            629240.3654493862,
            5220661.37663501
          ],
          [
            629239.5127750993,
            5220661.899822038
          ],
          [
            629238.6601008124,
            5220662.423009064
          ],
          [
            629237.8074265255,
            5220662.946196091
          ],
          [
            629236.9547522386,
            5220663.469383119
          ],
          [
            629236.1020779517,
            5220663.992570145
          ],
          [
            629235.2494036647,
            5220664.515757172
          ],
          [
            629234.3967293778,
            5220665.038944199
          ],
          [
            629233.5440550909,
            5220665.562131226
          ],
          [
            629232.6913808039,
            5220666.085318253
          ],
          [
            629231.838706517,
            5220666.60850528
          ],
          [
            629230.9860322302,
            5220667.131692307
          ],
          [
            629230.1333579433,
            5220667.654879334
          ],
          [
            629229.2806836563,
            5220668.178066361
          ],
          [
            629228.4280093694,
            5220668.701253388
          ],
          [
            629227.5753350825,
            5220669.224440415
          ],
          [
            629226.7226607956,
            5220669.747627442
          ],
          [
            629225.8699865086,
            5220670.270814469
          ],
          [
            629225.0173122217,
            5220670.794001496
          ],
          [
            629224.1646379348,
            5220671.317188523
          ],
          [
            629223.3119636478,
            5220671.84037555
          ],
          [
            629222.459289361,
            5220672.363562577
          ],
          [
            629221.6066150741,
            5220672.886749604
          ],
          [
            629220.7539407872,
            5220673.409936631
          ],
          [
            629219.9012665002,
            5220673.933123658
          ],
          [
            629219.0485922133,
            5220674.456310685
          ],
          [
            629218.1959179264,
            5220674.979497712
          ],
          [
            629217.3432436395,
            5220675.5026847385
          ],
          [
            629216.4905693525,
            5220676.025871766
          ],
          [
            629215.6378950656,
            5220676.549058793
          ],
          [
            629214.7852207788,
            5220677.0722458195
          ],
          [
            629213.9325464919,
            5220677.595432847
          ],
          [
            629213.0798722049,
            5220678.118619874
          ],
          [
            629212.227197918,
            5220678.6418069005
          ],
          [
            629211.3745236311,
            5220679.164993928
          ],
          [
            629210.5561956642,
            5220679.743704828
          ],
          [
            629209.7378676973,
            5220680.322415729
          ],
          [
            629208.9195397304,
            5220680.90112663
          ],
          [
            629208.1012117635,
            5220681.47983753
          ],
          [
            629207.2828837966,
            5220682.058548431
          ],
          [
            629206.4645558298,
            5220682.6372593315
          ],
          [
            629205.6462278628,
            5220683.215970232
          ],
          [
            629204.827899896,
            5220683.794681133
          ],
          [
            629204.009571929,
            5220684.373392034
          ],
          [
            629203.1912439622,
            5220684.952102935
          ],
          [
            629202.3729159953,
            5220685.530813836
          ],
          [
            629201.5545880283,
            5220686.109524736
          ],
          [
            629200.7362600615,
            5220686.688235637
          ],
          [
            629199.9179320947,
            5220687.266946537
          ],
          [
            629199.0996041277,
            5220687.845657438
          ],
          [
            629198.2812761609,
            5220688.424368339
          ],
          [
            629197.4629481939,
            5220689.003079239
          ],
          [
            629196.644620227,
            5220689.58179014
          ],
          [
            629196.2238871004,
            5220690.53138524
          ],
          [
            629195.8031539737,
            5220691.48098034
          ],
          [
            629195.382420847,
            5220692.430575442
          ],
          [
            629194.9616877203,
            5220693.380170542
          ],
          [
            629194.5409545936,
            5220694.329765642
          ],
          [
            629194.1202214669,
            5220695.279360742
          ],
          [
            629193.6994883402,
            5220696.228955843
          ],
          [
            629193.2787552135,
            5220697.178550944
          ],
          [
            629192.8580220868,
            5220698.128146044
          ],
          [
            629192.4372889601,
            5220699.077741144
          ],
          [
            629192.0165558334,
            5220700.0273362445
          ],
          [
            629191.5958227067,
            5220700.976931346
          ],
          [
            629191.17508958,
            5220701.926526446
          ],
          [
            629190.7543564533,
            5220702.876121546
          ],
          [
            629191.6498428849,
            5220703.336705361
          ],
          [
            629192.5453293164,
            5220703.797289174
          ],
          [
            629193.440815748,
            5220704.2578729885
          ],
          [
            629194.3363021795,
            5220704.718456803
          ],
          [
            629195.2240821299,
            5220705.194043806
          ],
          [
            629196.1198171577,
            5220705.654143646
          ],
          [
            629197.0155521856,
            5220706.114243487
          ],
          [
            629197.911287213,
            5220706.5743433265
          ],
          [
            629198.8070222408,
            5220707.034443167
          ],
          [
            629199.7027572688,
            5220707.494543008
          ],
          [
            629200.5984922963,
            5220707.954642847
          ],
          [
            629201.4942273241,
            5220708.414742688
          ],
          [
            629202.389962352,
            5220708.874842528
          ],
          [
            629203.2856973794,
            5220709.334942368
          ],
          [
            629204.1814324072,
            5220709.795042208
          ],
          [
            629205.0771674351,
            5220710.255142049
          ],
          [
            629205.9729024626,
            5220710.715241889
          ],
          [
            629206.8686374904,
            5220711.175341729
          ],
          [
            629207.7643725183,
            5220711.63544157
          ],
          [
            629208.6601075457,
            5220712.095541409
          ],
          [
            629209.5558425735,
            5220712.55564125
          ],
          [
            629210.4515776014,
            5220713.01574109
          ],
          [
            629211.3473126289,
            5220713.475840931
          ],
          [
            629212.2430476567,
            5220713.93594077
          ],
          [
            629213.1387826846,
            5220714.396040611
          ],
          [
            629214.034517712,
            5220714.8561404515
          ],
          [
            629214.9302527399,
            5220715.316240291
          ],
          [
            629215.8259877678,
            5220715.776340132
          ],
          [
            629216.7217227953,
            5220716.236439972
          ],
          [
            629217.6174578231,
            5220716.696539812
          ],
          [
            629218.5131928509,
            5220717.156639652
          ],
          [
            629219.4089278784,
            5220717.616739493
          ],
          [
            629220.3046629062,
            5220718.076839333
          ],
          [
            629221.2003979341,
            5220718.536939173
          ],
          [
            629222.0961329616,
            5220718.997039014
          ],
          [
            629222.9918679892,
            5220719.457138854
          ],
          [
            629223.8094586546,
            5220720.044963005
          ],
          [
            629224.62704932,
            5220720.632787156
          ],
          [
            629225.4446399856,
            5220721.220611307
          ],
          [
            629226.262230651,
            5220721.808435458
          ],
          [
            629227.0798213164,
            5220722.396259609
          ],
          [
            629227.8974119818,
            5220722.984083759
          ],
          [
            629228.7150026474,
            5220723.57190791
          ],
          [
            629229.5325933128,
            5220724.1597320605
          ],
          [
            629230.3501839782,
            5220724.747556211
          ],
          [
            629231.1677746436,
            5220725.335380362
          ],
          [
            629231.9853653092,
            5220725.923204513
          ],
          [
            629232.8029559746,
            5220726.511028664
          ],
          [
            629233.62054664,
            5220727.098852815
          ],
          [
            629234.4381373054,
            5220727.686676966
          ],
          [
            629235.2557279709,
            5220728.274501117
          ],
          [
            629236.0733186364,
            5220728.862325268
          ],
          [
            629236.8909093018,
            5220729.450149419
          ],
          [
            629237.7084999672,
            5220730.037973569
          ],
          [
            629238.5260906327,
            5220730.62579772
          ],
          [
            629239.3436812982,
            5220731.213621871
          ],
          [
            629240.1612719636,
            5220731.801446022
          ],
          [
            629240.978862629,
            5220732.389270172
          ],
          [
            629241.7964532945,
            5220732.977094323
          ],
          [
            629242.6140439599,
            5220733.564918474
          ],
          [
            629243.4316346254,
            5220734.152742625
          ],
          [
            629244.2492252908,
            5220734.740566776
          ],
          [
            629245.0668159563,
            5220735.328390927
          ],
          [
            629245.8844066217,
            5220735.916215078
          ],
          [
            629246.7019972872,
            5220736.504039229
          ],
          [
            629247.5195879526,
            5220737.091863379
          ],
          [
            629248.3371786181,
            5220737.67968753
          ],
          [
            629249.1547692835,
            5220738.267511681
          ],
          [
            629249.972359949,
            5220738.855335832
          ],
          [
            629250.7899506144,
            5220739.443159983
          ],
          [
            629251.6075412799,
            5220740.0309841335
          ],
          [
            629252.446913386,
            5220740.575118919
          ],
          [
            629253.2862854921,
            5220741.119253704
          ],
          [
            629254.1256575983,
            5220741.66338849
          ],
          [
            629254.9650297045,
            5220742.207523275
          ],
          [
            629255.8044018106,
            5220742.751658061
          ],
          [
            629256.6437739168,
            5220743.295792846
          ],
          [
            629257.4831460229,
            5220743.839927631
          ],
          [
            629258.322518129,
            5220744.384062417
          ],
          [
            629259.1618902353,
            5220744.928197202
          ],
          [
            629260.0012623414,
            5220745.472331988
          ],
          [
            629260.8406344475,
            5220746.016466773
          ],
          [
            629261.6800065537,
            5220746.560601559
          ],
          [
            629262.5193786598,
            5220747.104736344
          ],
          [
            629263.3587507659,
            5220747.648871129
          ],
          [
            629264.198122872,
            5220748.193005915
          ],
          [
            629265.0374949783,
            5220748.7371407
          ],
          [
            629265.8768670844,
            5220749.281275486
          ],
          [
            629266.7162391905,
            5220749.825410271
          ],
          [
            629267.5556112967,
            5220750.3695450565
          ],
          [
            629268.3949834028,
            5220750.913679842
          ],
          [
            629269.234355509,
            5220751.457814627
          ],
          [
            629270.0737276152,
            5220752.001949413
          ],
          [
            629270.9130997213,
            5220752.546084198
          ],
          [
            629271.7524718274,
            5220753.090218984
          ],
          [
            629272.7513567777,
            5220752.926812694
          ],
          [
            629273.750241728,
            5220752.763406406
          ],
          [
            629274.7491266783,
            5220752.600000117
          ],
          [
            629275.7480116287,
            5220752.436593828
          ],
          [
            629276.746896579,
            5220752.27318754
          ],
          [
            629277.7457815293,
            5220752.10978125
          ],
          [
            629278.7446664796,
            5220751.946374961
          ],
          [
            629279.74355143,
            5220751.782968672
          ],
          [
            629280.7424363802,
            5220751.619562384
          ],
          [
            629281.7413213307,
            5220751.456156095
          ],
          [
            629282.740206281,
            5220751.292749805
          ],
          [
            629283.7390912313,
            5220751.129343517
          ],
          [
            629284.7379761814,
            5220750.965937228
          ],
          [
            629285.4168484928,
            5220750.230278652
          ],
          [
            629286.095720804,
            5220749.494620076
          ],
          [
            629286.7745931152,
            5220748.758961501
          ],
          [
            629287.4534654263,
            5220748.023302926
          ],
          [
            629288.1323377376,
            5220747.28764435
          ],
          [
            629288.8112100487,
            5220746.551985774
          ],
          [
            629289.49008236,
            5220745.816327198
          ],
          [
            629290.1689546711,
            5220745.080668623
          ],
          [
            629290.8478269824,
            5220744.345010048
          ],
          [
            629291.5266992936,
            5220743.609351472
          ],
          [
            629292.2055716048,
            5220742.873692896
          ],
          [
            629292.884443916,
            5220742.13803432
          ],
          [
            629293.5633162272,
            5220741.402375745
          ],
          [
            629294.2421885384,
            5220740.666717169
          ],
          [
            629294.9210608496,
            5220739.931058593
          ],
          [
            629295.5999331608,
            5220739.195400018
          ],
          [
            629296.278805472,
            5220738.459741442
          ],
          [
            629296.9576777832,
            5220737.724082867
          ],
          [
            629296.278805472,
            5220738.459741442
          ],
          [
            629295.5999331608,
            5220739.195400018
          ],
          [
            629294.9210608496,
            5220739.931058593
          ],
          [
            629294.2421885384,
            5220740.666717169
          ],
          [
            629293.5633162272,
            5220741.402375745
          ],
          [
            629292.884443916,
            5220742.13803432
          ],
          [
            629292.2055716048,
            5220742.873692896
          ],
          [
            629291.5266992936,
            5220743.609351472
          ],
          [
            629290.8478269824,
            5220744.345010048
          ],
          [
            629290.1689546711,
            5220745.080668623
          ],
          [
            629289.49008236,
            5220745.816327198
          ],
          [
            629288.8112100487,
            5220746.551985774
          ],
          [
            629288.1323377376,
            5220747.28764435
          ],
          [
            629287.4534654263,
            5220748.023302926
          ],
          [
            629286.7745931152,
            5220748.758961501
          ],
          [
            629286.095720804,
            5220749.494620076
          ],
          [
            629285.4168484928,
            5220750.230278652
          ],
          [
            629284.7379761814,
            5220750.965937228
          ],
          [
            629283.7390912313,
            5220751.129343517
          ],
          [
            629282.740206281,
            5220751.292749805
          ],
          [
            629281.7413213307,
            5220751.456156095
          ],
          [
            629280.7424363802,
            5220751.619562384
          ],
          [
            629279.74355143,
            5220751.782968672
          ],
          [
            629278.7446664796,
            5220751.946374961
          ],
          [
            629277.7457815293,
            5220752.10978125
          ],
          [
            629276.746896579,
            5220752.27318754
          ],
          [
            629275.7480116287,
            5220752.436593828
          ],
          [
            629274.7491266783,
            5220752.600000117
          ],
          [
            629273.750241728,
            5220752.763406406
          ],
          [
            629272.7513567777,
            5220752.926812694
          ],
          [
            629271.7524718274,
            5220753.090218984
          ],
          [
            629270.9130997213,
            5220752.546084198
          ],
          [
            629270.0737276152,
            5220752.001949413
          ],
          [
            629269.234355509,
            5220751.457814627
          ],
          [
            629268.3949834028,
            5220750.913679842
          ],
          [
            629267.5556112967,
            5220750.3695450565
          ],
          [
            629266.7162391905,
            5220749.825410271
          ],
          [
            629265.8768670844,
            5220749.281275486
          ],
          [
            629265.0374949783,
            5220748.7371407
          ],
          [
            629264.198122872,
            5220748.193005915
          ],
          [
            629263.3587507659,
            5220747.648871129
          ],
          [
            629262.5193786598,
            5220747.104736344
          ],
          [
            629261.6800065537,
            5220746.560601559
          ],
          [
            629260.8406344475,
            5220746.016466773
          ],
          [
            629260.0012623414,
            5220745.472331988
          ],
          [
            629259.1618902353,
            5220744.928197202
          ],
          [
            629258.322518129,
            5220744.384062417
          ],
          [
            629257.4831460229,
            5220743.839927631
          ],
          [
            629256.6437739168,
            5220743.295792846
          ],
          [
            629255.8044018106,
            5220742.751658061
          ],
          [
            629254.9650297045,
            5220742.207523275
          ],
          [
            629254.1256575983,
            5220741.66338849
          ],
          [
            629253.2862854921,
            5220741.119253704
          ],
          [
            629252.446913386,
            5220740.575118919
          ],
          [
            629251.6075412799,
            5220740.0309841335
          ],
          [
            629250.7899506144,
            5220739.443159983
          ],
          [
            629249.972359949,
            5220738.855335832
          ],
          [
            629249.1547692835,
            5220738.267511681
          ],
          [
            629248.3371786181,
            5220737.67968753
          ],
          [
            629247.5195879526,
            5220737.091863379
          ],
          [
            629246.7019972872,
            5220736.504039229
          ],
          [
            629245.8844066217,
            5220735.916215078
          ],
          [
            629245.0668159563,
            5220735.328390927
          ],
          [
            629244.2492252908,
            5220734.740566776
          ],
          [
            629243.4316346254,
            5220734.152742625
          ],
          [
            629242.6140439599,
            5220733.564918474
          ],
          [
            629241.7964532945,
            5220732.977094323
          ],
          [
            629240.978862629,
            5220732.389270172
          ],
          [
            629240.1612719636,
            5220731.801446022
          ],
          [
            629239.3436812982,
            5220731.213621871
          ],
          [
            629238.5260906327,
            5220730.62579772
          ],
          [
            629237.7084999672,
            5220730.037973569
          ],
          [
            629236.8909093018,
            5220729.450149419
          ],
          [
            629236.0733186364,
            5220728.862325268
          ],
          [
            629235.2557279709,
            5220728.274501117
          ],
          [
            629234.4381373054,
            5220727.686676966
          ],
          [
            629233.62054664,
            5220727.098852815
          ],
          [
            629232.8029559746,
            5220726.511028664
          ],
          [
            629231.9853653092,
            5220725.923204513
          ],
          [
            629231.1677746436,
            5220725.335380362
          ],
          [
            629230.3501839782,
            5220724.747556211
          ],
          [
            629229.5325933128,
            5220724.1597320605
          ],
          [
            629228.7150026474,
            5220723.57190791
          ],
          [
            629227.8974119818,
            5220722.984083759
          ],
          [
            629227.0798213164,
            5220722.396259609
          ],
          [
            629226.262230651,
            5220721.808435458
          ],
          [
            629225.4446399856,
            5220721.220611307
          ],
          [
            629224.62704932,
            5220720.632787156
          ],
          [
            629223.8094586546,
            5220720.044963005
          ],
          [
            629222.9918679892,
            5220719.457138854
          ],
          [
            629222.0961329616,
            5220718.997039014
          ],
          [
            629221.2003979341,
            5220718.536939173
          ],
          [
            629220.3046629062,
            5220718.076839333
          ],
          [
            629219.4089278784,
            5220717.616739493
          ],
          [
            629218.5131928509,
            5220717.156639652
          ],
          [
            629217.6174578231,
            5220716.696539812
          ],
          [
            629216.7217227953,
            5220716.236439972
          ],
          [
            629215.8259877678,
            5220715.776340132
          ],
          [
            629214.9302527399,
            5220715.316240291
          ],
          [
            629214.034517712,
            5220714.8561404515
          ],
          [
            629213.1387826846,
            5220714.396040611
          ],
          [
            629212.2430476567,
            5220713.93594077
          ],
          [
            629211.3473126289,
            5220713.475840931
          ],
          [
            629210.4515776014,
            5220713.01574109
          ],
          [
            629209.5558425735,
            5220712.55564125
          ],
          [
            629208.6601075457,
            5220712.095541409
          ],
          [
            629207.7643725183,
            5220711.63544157
          ],
          [
            629206.8686374904,
            5220711.175341729
          ],
          [
            629205.9729024626,
            5220710.715241889
          ],
          [
            629205.0771674351,
            5220710.255142049
          ],
          [
            629204.1814324072,
            5220709.795042208
          ],
          [
            629203.2856973794,
            5220709.334942368
          ],
          [
            629202.389962352,
            5220708.874842528
          ],
          [
            629201.4942273241,
            5220708.414742688
          ],
          [
            629200.5984922963,
            5220707.954642847
          ],
          [
            629199.7027572688,
            5220707.494543008
          ],
          [
            629198.8070222408,
            5220707.034443167
          ],
          [
            629197.911287213,
            5220706.5743433265
          ],
          [
            629197.0155521856,
            5220706.114243487
          ],
          [
            629196.1198171577,
            5220705.654143646
          ],
          [
            629195.2240821299,
            5220705.194043806
          ],
          [
            629194.3363021795,
            5220704.718456803
          ],
          [
            629193.440815748,
            5220704.2578729885
          ],
          [
            629192.5453293164,
            5220703.797289174
          ],
          [
            629191.6498428849,
            5220703.336705361
          ],
          [
            629190.7543564533,
            5220702.876121546
          ],
          [
            629190.9651794572,
            5220701.871843052
          ],
          [
            629191.176002461,
            5220700.867564559
          ],
          [
            629191.3868254649,
            5220699.863286065
          ],
          [
            629191.5976484687,
            5220698.859007571
          ],
          [
            629191.8084714726,
            5220697.854729077
          ],
          [
            629192.0192944764,
            5220696.850450584
          ],
          [
            629192.2301174803,
            5220695.84617209
          ],
          [
            629192.440940484,
            5220694.841893596
          ],
          [
            629192.651763488,
            5220693.8376151025
          ],
          [
            629192.8625864917,
            5220692.8333366085
          ],
          [
            629193.0734094956,
            5220691.829058114
          ],
          [
            629193.2842324994,
            5220690.824779621
          ],
          [
            629193.4950555033,
            5220689.820501127
          ],
          [
            629193.7058785071,
            5220688.816222633
          ],
          [
            629193.916701511,
            5220687.811944139
          ],
          [
            629194.1275245148,
            5220686.807665646
          ],
          [
            629194.3383475187,
            5220685.803387152
          ],
          [
            629194.5491705225,
            5220684.799108658
          ],
          [
            629194.7599935264,
            5220683.794830165
          ],
          [
            629194.9708165302,
            5220682.790551671
          ],
          [
            629195.1816395341,
            5220681.786273177
          ],
          [
            629195.3924625379,
            5220680.781994684
          ],
          [
            629195.6032855418,
            5220679.77771619
          ],
          [
            629195.8141085455,
            5220678.773437696
          ],
          [
            629196.0249315494,
            5220677.7691592015
          ],
          [
            629196.2357545532,
            5220676.764880708
          ],
          [
            629196.4465775571,
            5220675.760602214
          ],
          [
            629196.6574005609,
            5220674.75632372
          ],
          [
            629196.8682235648,
            5220673.752045227
          ],
          [
            629197.0790465686,
            5220672.747766733
          ],
          [
            629197.2898695725,
            5220671.743488239
          ],
          [
            629197.5006925763,
            5220670.739209746
          ],
          [
            629197.7115155802,
            5220669.734931252
          ],
          [
            629197.922338584,
            5220668.730652758
          ],
          [
            629198.1331615879,
            5220667.726374264
          ],
          [
            629198.3439845917,
            5220666.722095771
          ],
          [
            629198.5548075956,
            5220665.717817277
          ],
          [
            629198.7232653889,
            5220664.728277486
          ],
          [
            629198.8917231822,
            5220663.738737695
          ],
          [
            629199.0601809757,
            5220662.749197903
          ],
          [
            629199.228638769,
            5220661.759658112
          ],
          [
            629199.3970965623,
            5220660.770118321
          ],
          [
            629199.5655543557,
            5220659.780578529
          ],
          [
            629199.7340121492,
            5220658.791038739
          ],
          [
            629199.9024699426,
            5220657.801498948
          ],
          [
            629200.0709277359,
            5220656.811959157
          ],
          [
            629200.2393855292,
            5220655.822419366
          ],
          [
            629200.4078433226,
            5220654.832879574
          ],
          [
            629200.576301116,
            5220653.843339783
          ],
          [
            629200.7358792995,
            5220652.844102596
          ],
          [
            629200.8954574829,
            5220651.84486541
          ],
          [
            629201.0550356663,
            5220650.845628222
          ],
          [
            629201.2146138498,
            5220649.846391036
          ],
          [
            629201.3741920332,
            5220648.847153849
          ],
          [
            629201.5337702166,
            5220647.847916663
          ],
          [
            629201.6933484001,
            5220646.8486794755
          ],
          [
            629201.8529265835,
            5220645.849442288
          ],
          [
            629202.0125047669,
            5220644.850205102
          ],
          [
            629202.1720829504,
            5220643.850967915
          ],
          [
            629202.3316611338,
            5220642.8517307285
          ],
          [
            629202.4912393172,
            5220641.852493541
          ],
          [
            629202.6508175007,
            5220640.853256355
          ],
          [
            629202.8103956841,
            5220639.854019168
          ],
          [
            629202.9699738675,
            5220638.854781982
          ],
          [
            629203.129552051,
            5220637.855544794
          ],
          [
            629203.2891302344,
            5220636.856307607
          ],
          [
            629203.4487084178,
            5220635.857070421
          ],
          [
            629203.6082866013,
            5220634.857833234
          ],
          [
            629203.7678647846,
            5220633.858596047
          ],
          [
            629203.927442968,
            5220632.85935886
          ],
          [
            629204.0870211514,
            5220631.860121674
          ],
          [
            629204.2465993349,
            5220630.860884487
          ],
          [
            629204.4061775183,
            5220629.8616472995
          ],
          [
            629204.5657557017,
            5220628.862410113
          ],
          [
            629204.7253338852,
            5220627.863172926
          ],
          [
            629204.8849120686,
            5220626.86393574
          ],
          [
            629205.044490252,
            5220625.8646985525
          ],
          [
            629205.2040684355,
            5220624.865461366
          ],
          [
            629205.3636466189,
            5220623.866224179
          ],
          [
            629205.5232248023,
            5220622.866986993
          ],
          [
            629205.6828029858,
            5220621.867749806
          ],
          [
            629205.8423811692,
            5220620.868512618
          ],
          [
            629206.0019593526,
            5220619.869275432
          ],
          [
            629206.1615375361,
            5220618.870038245
          ],
          [
            629206.3211157195,
            5220617.870801059
          ],
          [
            629206.4806939029,
            5220616.871563871
          ],
          [
            629206.6402720864,
            5220615.872326685
          ],
          [
            629206.7998502699,
            5220614.873089498
          ],
          [
            629207.0386114697,
            5220613.901687786
          ],
          [
            629207.2773726697,
            5220612.930286073
          ],
          [
            629207.5161338695,
            5220611.958884361
          ],
          [
            629207.7548950695,
            5220610.987482648
          ],
          [
            629207.9936562693,
            5220610.016080936
          ],
          [
            629208.2324174691,
            5220609.0446792245
          ],
          [
            629208.4711786691,
            5220608.073277512
          ],
          [
            629208.7099398689,
            5220607.1018758
          ],
          [
            629208.9487010689,
            5220606.130474087
          ],
          [
            629209.1874622686,
            5220605.159072375
          ],
          [
            629209.4262234686,
            5220604.187670662
          ],
          [
            629209.6649846685,
            5220603.21626895
          ],
          [
            629209.9037458682,
            5220602.244867238
          ],
          [
            629210.1425070682,
            5220601.273465525
          ],
          [
            629210.381268268,
            5220600.302063813
          ],
          [
            629210.6200294681,
            5220599.330662101
          ],
          [
            629210.8587906678,
            5220598.359260389
          ],
          [
            629211.0975518678,
            5220597.387858676
          ],
          [
            629211.3363130676,
            5220596.416456964
          ],
          [
            629211.5750742675,
            5220595.445055252
          ],
          [
            629211.8138354674,
            5220594.473653539
          ],
          [
            629212.0525966672,
            5220593.502251827
          ],
          [
            629212.2913578672,
            5220592.530850114
          ],
          [
            629212.530119067,
            5220591.559448402
          ],
          [
            629212.7688802668,
            5220590.58804669
          ],
          [
            629213.0076414668,
            5220589.616644978
          ],
          [
            629213.2464026666,
            5220588.645243266
          ],
          [
            629213.4851638665,
            5220587.673841553
          ],
          [
            629213.7239250664,
            5220586.702439841
          ],
          [
            629213.9626862663,
            5220585.731038129
          ],
          [
            629214.2014474662,
            5220584.759636416
          ],
          [
            629214.440208666,
            5220583.788234704
          ],
          [
            629214.678969866,
            5220582.816832991
          ],
          [
            629214.9177310658,
            5220581.845431279
          ],
          [
            629215.1564922658,
            5220580.8740295665
          ],
          [
            629215.3952534655,
            5220579.902627855
          ],
          [
            629215.6387447773,
            5220578.911981647
          ],
          [
            629215.8822360891,
            5220577.921335439
          ],
          [
            629216.1257274009,
            5220576.9306892315
          ],
          [
            629216.3692187126,
            5220575.940043024
          ],
          [
            629216.6127100243,
            5220574.949396816
          ],
          [
            629216.8562013361,
            5220573.958750609
          ],
          [
            629217.0996926479,
            5220572.968104402
          ],
          [
            629217.3431839597,
            5220571.977458194
          ],
          [
            629217.5866752714,
            5220570.986811986
          ],
          [
            629217.8301665832,
            5220569.9961657785
          ],
          [
            629218.073657895,
            5220569.005519571
          ],
          [
            629218.3171492068,
            5220568.014873363
          ],
          [
            629218.5606405186,
            5220567.024227155
          ],
          [
            629218.8041318302,
            5220566.033580948
          ],
          [
            629219.047623142,
            5220565.04293474
          ],
          [
            629219.2911144538,
            5220564.052288532
          ],
          [
            629219.5346057656,
            5220563.0616423255
          ],
          [
            629219.7780970774,
            5220562.070996118
          ],
          [
            629220.0215883892,
            5220561.08034991
          ],
          [
            629220.2650797009,
            5220560.089703702
          ],
          [
            629220.5085710126,
            5220559.099057495
          ],
          [
            629220.7520623244,
            5220558.108411287
          ],
          [
            629220.9955536362,
            5220557.117765079
          ],
          [
            629221.239044948,
            5220556.127118872
          ],
          [
            629221.4825362598,
            5220555.136472664
          ],
          [
            629221.7260275716,
            5220554.145826456
          ],
          [
            629221.9695188834,
            5220553.155180248
          ],
          [
            629222.2130101951,
            5220552.164534042
          ],
          [
            629222.4565015069,
            5220551.173887834
          ],
          [
            629222.6999928186,
            5220550.183241626
          ],
          [
            629222.9434841303,
            5220549.192595419
          ],
          [
            629223.1869754421,
            5220548.201949211
          ],
          [
            629223.4304667539,
            5220547.211303003
          ],
          [
            629223.6691565908,
            5220546.240191632
          ],
          [
            629223.9078464276,
            5220545.26908026
          ],
          [
            629224.1295626918,
            5220544.292530647
          ],
          [
            629224.3373291679,
            5220543.314240711
          ],
          [
            629224.545095644,
            5220542.335950775
          ],
          [
            629224.75286212,
            5220541.357660839
          ],
          [
            629224.960671184,
            5220540.379170374
          ],
          [
            629225.168480248,
            5220539.40067991
          ],
          [
            629225.3762893119,
            5220538.422189444
          ],
          [
            629225.5840983759,
            5220537.443698979
          ],
          [
            629225.7919074399,
            5220536.465208514
          ],
          [
            629225.9997165038,
            5220535.486718049
          ],
          [
            629226.2075255677,
            5220534.508227584
          ],
          [
            629226.4153346317,
            5220533.529737119
          ],
          [
            629226.6231436956,
            5220532.551246654
          ],
          [
            629226.8309527596,
            5220531.572756189
          ],
          [
            629227.0387618236,
            5220530.594265724
          ],
          [
            629227.2465708875,
            5220529.615775258
          ],
          [
            629227.4543799515,
            5220528.637284794
          ],
          [
            629227.6621890154,
            5220527.658794329
          ],
          [
            629227.8699980794,
            5220526.680303863
          ],
          [
            629228.0778071433,
            5220525.701813398
          ],
          [
            629228.2856162073,
            5220524.723322934
          ],
          [
            629228.4934252712,
            5220523.744832468
          ],
          [
            629228.7012343352,
            5220522.766342003
          ],
          [
            629228.9090433992,
            5220521.7878515385
          ],
          [
            629229.1168524631,
            5220520.809361073
          ],
          [
            629229.3246615271,
            5220519.830870608
          ],
          [
            629229.532470591,
            5220518.852380143
          ],
          [
            629229.740279655,
            5220517.873889678
          ],
          [
            629229.9480887189,
            5220516.895399213
          ],
          [
            629230.1558977829,
            5220515.9169087475
          ],
          [
            629230.3637068468,
            5220514.938418282
          ],
          [
            629230.5715159108,
            5220513.959927818
          ],
          [
            629230.7793249747,
            5220512.9814373525
          ],
          [
            629230.9871340387,
            5220512.002946887
          ],
          [
            629231.1949431027,
            5220511.024456423
          ],
          [
            629231.4027521666,
            5220510.045965957
          ],
          [
            629231.6105612306,
            5220509.067475492
          ],
          [
            629231.8183702945,
            5220508.088985027
          ],
          [
            629232.0261793585,
            5220507.110494562
          ],
          [
            629232.2339884224,
            5220506.132004097
          ],
          [
            629232.4417974864,
            5220505.153513632
          ],
          [
            629232.6496065502,
            5220504.175023167
          ],
          [
            629232.8574156142,
            5220503.196532702
          ],
          [
            629233.0652246781,
            5220502.218042237
          ],
          [
            629233.2730337422,
            5220501.239551771
          ],
          [
            629233.480842806,
            5220500.261061307
          ],
          [
            629233.68865187,
            5220499.282570842
          ],
          [
            629233.8964609341,
            5220498.304080376
          ],
          [
            629234.1042699979,
            5220497.325589912
          ],
          [
            629234.3120790619,
            5220496.347099447
          ],
          [
            629234.5198881258,
            5220495.368608981
          ],
          [
            629234.7276971899,
            5220494.390118516
          ],
          [
            629234.9355062537,
            5220493.411628052
          ],
          [
            629235.1433153177,
            5220492.433137586
          ],
          [
            629235.3511243816,
            5220491.454647121
          ],
          [
            629235.5589334457,
            5220490.476156656
          ],
          [
            629235.7667425096,
            5220489.497666191
          ],
          [
            629235.9745515735,
            5220488.519175726
          ],
          [
            629236.1109251374,
            5220487.5276831295
          ],
          [
            629236.2131221048,
            5220486.532680247
          ],
          [
            629236.315319072,
            5220485.537677364
          ],
          [
            629236.4175160393,
            5220484.542674483
          ],
          [
            629236.5197130067,
            5220483.547671599
          ],
          [
            629236.621909974,
            5220482.552668718
          ],
          [
            629236.7241069414,
            5220481.557665834
          ],
          [
            629236.8263039086,
            5220480.562662952
          ],
          [
            629236.928500876,
            5220479.56766007
          ],
          [
            629237.0306978433,
            5220478.572657187
          ],
          [
            629237.1328948106,
            5220477.577654305
          ],
          [
            629237.235091778,
            5220476.582651421
          ],
          [
            629237.3372887452,
            5220475.58764854
          ],
          [
            629237.4394857126,
            5220474.592645657
          ],
          [
            629237.5416826799,
            5220473.597642775
          ],
          [
            629237.6438796473,
            5220472.602639892
          ],
          [
            629237.7460766145,
            5220471.6076370105
          ],
          [
            629237.8482735818,
            5220470.612634127
          ],
          [
            629237.9504705492,
            5220469.617631245
          ],
          [
            629238.0526675164,
            5220468.622628363
          ],
          [
            629238.1548644839,
            5220467.62762548
          ],
          [
            629238.2570614511,
            5220466.632622598
          ],
          [
            629238.3592584186,
            5220465.637619715
          ],
          [
            629238.4614553858,
            5220464.642616833
          ],
          [
            629238.9718711594,
            5220463.764763873
          ],
          [
            629239.4822869331,
            5220462.8869109135
          ],
          [
            629239.9927027067,
            5220462.009057954
          ],
          [
            629240.5031184803,
            5220461.131204994
          ],
          [
            629241.013534254,
            5220460.253352034
          ],
          [
            629241.5239500277,
            5220459.375499074
          ],
          [
            629242.0343658014,
            5220458.497646115
          ],
          [
            629242.544781575,
            5220457.619793155
          ],
          [
            629242.7494709971,
            5220456.606418516
          ],
          [
            629242.9541604194,
            5220455.593043877
          ],
          [
            629243.1588498416,
            5220454.579669237
          ],
          [
            629243.3635392637,
            5220453.566294597
          ],
          [
            629243.5682286859,
            5220452.552919958
          ],
          [
            629243.7729181082,
            5220451.539545319
          ],
          [
            629243.9776075303,
            5220450.526170679
          ],
          [
            629244.1822969525,
            5220449.51279604
          ],
          [
            629244.3869863746,
            5220448.4994214
          ],
          [
            629244.5916757969,
            5220447.486046761
          ],
          [
            629244.796365219,
            5220446.472672122
          ],
          [
            629245.0010546412,
            5220445.459297482
          ],
          [
            629245.2057440634,
            5220444.445922842
          ],
          [
            629245.4104334856,
            5220443.4325482035
          ],
          [
            629245.6151229078,
            5220442.419173564
          ],
          [
            629245.81981233,
            5220441.405798924
          ],
          [
            629246.0245017521,
            5220440.3924242845
          ],
          [
            629246.2291911744,
            5220439.379049646
          ],
          [
            629246.4338805965,
            5220438.365675006
          ],
          [
            629246.6385700187,
            5220437.352300366
          ],
          [
            629246.8432594409,
            5220436.338925727
          ],
          [
            629247.0479488631,
            5220435.325551088
          ],
          [
            629247.2526382853,
            5220434.312176448
          ],
          [
            629247.4573277074,
            5220433.298801809
          ],
          [
            629247.6620171296,
            5220432.285427169
          ],
          [
            629247.8667065519,
            5220431.27205253
          ],
          [
            629248.071395974,
            5220430.2586778905
          ],
          [
            629248.2740999872,
            5220429.27918884
          ],
          [
            629248.4768040003,
            5220428.299699789
          ],
          [
            629248.6795080135,
            5220427.320210738
          ],
          [
            629248.8822120266,
            5220426.340721687
          ],
          [
            629249.0849160398,
            5220425.3612326365
          ],
          [
            629249.2876200529,
            5220424.381743587
          ],
          [
            629249.4903240661,
            5220423.402254536
          ],
          [
            629249.6930280792,
            5220422.422765485
          ],
          [
            629249.8957320924,
            5220421.443276434
          ],
          [
            629250.0984361055,
            5220420.463787383
          ],
          [
            629250.3011401187,
            5220419.484298333
          ],
          [
            629250.5038441318,
            5220418.504809282
          ],
          [
            629250.706548145,
            5220417.525320231
          ],
          [
            629250.9092521581,
            5220416.54583118
          ],
          [
            629251.1119561713,
            5220415.56634213
          ],
          [
            629251.3146601846,
            5220414.5868530795
          ],
          [
            629251.5173641976,
            5220413.607364029
          ],
          [
            629251.7200682109,
            5220412.627874978
          ],
          [
            629251.922772224,
            5220411.648385927
          ],
          [
            629252.1254762372,
            5220410.668896876
          ],
          [
            629252.3281802502,
            5220409.6894078255
          ],
          [
            629252.5308842635,
            5220408.709918775
          ],
          [
            629252.7335882765,
            5220407.730429724
          ],
          [
            629252.9362922898,
            5220406.750940673
          ],
          [
            629253.1389963028,
            5220405.771451623
          ],
          [
            629253.341700316,
            5220404.791962572
          ],
          [
            629253.5444043291,
            5220403.812473522
          ],
          [
            629253.7471083424,
            5220402.832984471
          ],
          [
            629253.9498123555,
            5220401.85349542
          ],
          [
            629254.1525163687,
            5220400.874006369
          ],
          [
            629254.9882595601,
            5220400.3061780445
          ],
          [
            629255.8240027516,
            5220399.73834972
          ],
          [
            629256.659745943,
            5220399.170521395
          ],
          [
            629257.4954891345,
            5220398.602693071
          ],
          [
            629258.331232326,
            5220398.034864747
          ],
          [
            629259.1669755174,
            5220397.467036422
          ],
          [
            629260.002718709,
            5220396.899208098
          ],
          [
            629260.8384619004,
            5220396.331379773
          ],
          [
            629261.6742050918,
            5220395.7635514485
          ],
          [
            629262.5099482833,
            5220395.195723124
          ],
          [
            629263.3456914747,
            5220394.627894799
          ],
          [
            629264.1814346662,
            5220394.060066475
          ],
          [
            629265.0171778577,
            5220393.49223815
          ],
          [
            629265.8529210491,
            5220392.924409825
          ],
          [
            629266.6886642405,
            5220392.356581502
          ],
          [
            629267.5244074321,
            5220391.788753177
          ],
          [
            629268.3601506235,
            5220391.220924852
          ],
          [
            629269.1958938149,
            5220390.653096528
          ],
          [
            629270.0316370064,
            5220390.085268203
          ],
          [
            629270.8673801979,
            5220389.517439879
          ],
          [
            629271.7031233894,
            5220388.949611554
          ],
          [
            629272.5388665808,
            5220388.381783229
          ],
          [
            629273.3746097722,
            5220387.813954905
          ],
          [
            629274.2103529638,
            5220387.24612658
          ],
          [
            629275.0460961552,
            5220386.678298256
          ],
          [
            629275.8818393466,
            5220386.110469932
          ],
          [
            629276.7175825381,
            5220385.542641607
          ],
          [
            629277.5533257296,
            5220384.9748132825
          ],
          [
            629278.389068921,
            5220384.406984958
          ],
          [
            629279.2248121125,
            5220383.839156633
          ],
          [
            629280.0605553039,
            5220383.271328309
          ],
          [
            629280.8962984954,
            5220382.703499984
          ],
          [
            629281.7320416869,
            5220382.135671659
          ],
          [
            629282.5677848783,
            5220381.567843335
          ],
          [
            629283.4035280698,
            5220381.000015011
          ],
          [
            629284.2392712613,
            5220380.432186686
          ],
          [
            629285.0750144527,
            5220379.864358362
          ],
          [
            629285.9107576442,
            5220379.296530037
          ],
          [
            629286.7465008355,
            5220378.728701713
          ],
          [
            629287.5679738139,
            5220378.154930127
          ],
          [
            629288.3894467922,
            5220377.581158541
          ],
          [
            629289.2109197709,
            5220377.0073869545
          ],
          [
            629290.0323927492,
            5220376.43361537
          ],
          [
            629290.8538657275,
            5220375.859843784
          ],
          [
            629291.6753387062,
            5220375.286072197
          ],
          [
            629292.4968116846,
            5220374.712300612
          ],
          [
            629293.3182846629,
            5220374.138529026
          ],
          [
            629294.1397576412,
            5220373.56475744
          ],
          [
            629294.9612306195,
            5220372.9909858545
          ],
          [
            629295.7827035983,
            5220372.417214269
          ],
          [
            629296.6041765766,
            5220371.843442683
          ],
          [
            629297.4256495549,
            5220371.269671097
          ],
          [
            629298.2471225337,
            5220370.695899512
          ],
          [
            629299.0685955121,
            5220370.122127926
          ],
          [
            629299.8900684903,
            5220369.54835634
          ],
          [
            629300.7115414686,
            5220368.974584755
          ],
          [
            629301.533014447,
            5220368.400813169
          ],
          [
            629302.3544874258,
            5220367.827041583
          ],
          [
            629303.1759604041,
            5220367.253269997
          ],
          [
            629303.9974333823,
            5220366.679498412
          ],
          [
            629304.8189063607,
            5220366.105726826
          ],
          [
            629305.6403793395,
            5220365.531955239
          ],
          [
            629306.4639681086,
            5220364.961212847
          ],
          [
            629307.30695978,
            5220364.419546271
          ],
          [
            629308.1499514515,
            5220363.877879694
          ],
          [
            629308.9929431229,
            5220363.336213117
          ],
          [
            629309.8359347944,
            5220362.794546541
          ],
          [
            629310.6789264658,
            5220362.252879964
          ],
          [
            629311.5219181372,
            5220361.711213388
          ],
          [
            629312.3649098086,
            5220361.169546811
          ],
          [
            629313.20790148,
            5220360.627880234
          ],
          [
            629314.0508931514,
            5220360.086213658
          ],
          [
            629314.893884823,
            5220359.544547081
          ],
          [
            629315.7368764944,
            5220359.002880504
          ],
          [
            629316.5798681658,
            5220358.461213928
          ],
          [
            629317.4228598372,
            5220357.919547351
          ],
          [
            629318.2658515086,
            5220357.377880774
          ],
          [
            629319.10884318,
            5220356.836214198
          ],
          [
            629319.9518348515,
            5220356.294547621
          ],
          [
            629320.7948265229,
            5220355.7528810445
          ],
          [
            629321.6378181943,
            5220355.211214468
          ],
          [
            629322.4808098658,
            5220354.669547891
          ],
          [
            629323.3238015373,
            5220354.127881315
          ],
          [
            629324.1667932087,
            5220353.586214738
          ],
          [
            629325.0097848801,
            5220353.044548161
          ],
          [
            629325.8527765515,
            5220352.502881585
          ],
          [
            629326.695768223,
            5220351.961215008
          ],
          [
            629327.5075960824,
            5220351.338914904
          ],
          [
            629328.3194239417,
            5220350.7166148
          ],
          [
            629329.131251801,
            5220350.094314695
          ],
          [
            629329.9430796603,
            5220349.472014591
          ],
          [
            629330.7549075197,
            5220348.849714488
          ],
          [
            629331.5667353789,
            5220348.227414384
          ],
          [
            629332.3785632383,
            5220347.605114279
          ],
          [
            629333.1903910976,
            5220346.982814175
          ],
          [
            629334.002218957,
            5220346.360514071
          ],
          [
            629334.8140468163,
            5220345.738213967
          ],
          [
            629335.6258746756,
            5220345.115913862
          ],
          [
            629336.437702535,
            5220344.493613758
          ],
          [
            629337.2495303942,
            5220343.871313654
          ],
          [
            629338.0613582536,
            5220343.24901355
          ],
          [
            629338.8731861128,
            5220342.626713446
          ],
          [
            629339.6850139722,
            5220342.004413342
          ],
          [
            629340.4968418315,
            5220341.382113238
          ],
          [
            629341.3086696909,
            5220340.759813134
          ],
          [
            629342.1204975501,
            5220340.137513029
          ],
          [
            629342.9323254095,
            5220339.515212925
          ],
          [
            629343.7441532689,
            5220338.892912821
          ],
          [
            629344.5559811281,
            5220338.270612717
          ],
          [
            629345.3678089875,
            5220337.648312612
          ],
          [
            629346.1796368468,
            5220337.026012509
          ],
          [
            629346.9914647061,
            5220336.403712405
          ],
          [
            629347.8032925654,
            5220335.781412301
          ],
          [
            629348.6151204248,
            5220335.159112196
          ],
          [
            629349.426948284,
            5220334.536812092
          ],
          [
            629350.2387761434,
            5220333.914511988
          ],
          [
            629351.0506040028,
            5220333.292211884
          ],
          [
            629351.862431862,
            5220332.669911779
          ],
          [
            629352.6742597214,
            5220332.047611675
          ],
          [
            629353.4860875807,
            5220331.425311571
          ],
          [
            629354.29791544,
            5220330.803011468
          ],
          [
            629355.1097432993,
            5220330.180711363
          ],
          [
            629355.9215711587,
            5220329.558411259
          ],
          [
            629356.733399018,
            5220328.936111155
          ],
          [
            629357.5452268773,
            5220328.313811051
          ],
          [
            629358.3496821489,
            5220327.719269283
          ],
          [
            629359.1541374206,
            5220327.1247275155
          ],
          [
            629359.9585926923,
            5220326.530185748
          ],
          [
            629360.7630479637,
            5220325.935643981
          ],
          [
            629361.5675032353,
            5220325.341102214
          ],
          [
            629362.3719585069,
            5220324.746560446
          ],
          [
            629363.2089844991,
            5220324.158581938
          ],
          [
            629364.0460104912,
            5220323.57060343
          ],
          [
            629364.8830364834,
            5220322.982624922
          ],
          [
            629365.7200624757,
            5220322.394646415
          ],
          [
            629366.5570884678,
            5220321.806667906
          ],
          [
            629367.39411446,
            5220321.218689398
          ],
          [
            629368.2311404522,
            5220320.6307108905
          ],
          [
            629369.0681664444,
            5220320.042732382
          ],
          [
            629369.9051924365,
            5220319.454753875
          ],
          [
            629370.7422184288,
            5220318.8667753665
          ],
          [
            629371.579244421,
            5220318.278796859
          ],
          [
            629372.4162704131,
            5220317.690818351
          ],
          [
            629373.2532964053,
            5220317.102839842
          ],
          [
            629374.0903223975,
            5220316.514861335
          ],
          [
            629374.9273483896,
            5220315.926882827
          ],
          [
            629375.7643743819,
            5220315.338904319
          ],
          [
            629376.6014003741,
            5220314.750925811
          ],
          [
            629377.4384263662,
            5220314.162947303
          ],
          [
            629378.2754523584,
            5220313.574968795
          ],
          [
            629379.1124783506,
            5220312.986990287
          ],
          [
            629379.9495043427,
            5220312.39901178
          ],
          [
            629380.786530335,
            5220311.811033271
          ],
          [
            629381.6235563272,
            5220311.223054764
          ],
          [
            629382.4605823194,
            5220310.635076256
          ],
          [
            629383.2976083115,
            5220310.047097747
          ],
          [
            629384.1346343037,
            5220309.45911924
          ],
          [
            629384.971660296,
            5220308.8711407315
          ],
          [
            629385.8086862881,
            5220308.283162224
          ],
          [
            629386.6457122803,
            5220307.695183716
          ],
          [
            629387.426818281,
            5220306.969829232
          ],
          [
            629388.2079242816,
            5220306.244474749
          ],
          [
            629388.9890302822,
            5220305.519120267
          ],
          [
            629389.7701362829,
            5220304.793765783
          ],
          [
            629390.5512422835,
            5220304.0684113
          ],
          [
            629391.3323482842,
            5220303.343056817
          ],
          [
            629392.2380522233,
            5220302.875821136
          ],
          [
            629393.1437561624,
            5220302.408585454
          ],
          [
            629394.0494601015,
            5220301.941349774
          ],
          [
            629394.9551640406,
            5220301.474114093
          ],
          [
            629395.8608679797,
            5220301.006878412
          ],
          [
            629396.7665719187,
            5220300.539642731
          ],
          [
            629397.6722758579,
            5220300.07240705
          ],
          [
            629398.5779797969,
            5220299.605171369
          ],
          [
            629399.4836837361,
            5220299.137935688
          ],
          [
            629400.3893876752,
            5220298.670700007
          ],
          [
            629401.2950916142,
            5220298.203464326
          ],
          [
            629402.2007955534,
            5220297.736228645
          ],
          [
            629403.1064994924,
            5220297.268992964
          ],
          [
            629404.0122034316,
            5220296.8017572835
          ],
          [
            629404.9179073706,
            5220296.334521603
          ],
          [
            629405.8236113098,
            5220295.867285921
          ],
          [
            629406.7293152488,
            5220295.400050241
          ],
          [
            629407.6350191879,
            5220294.93281456
          ],
          [
            629408.5407231271,
            5220294.465578878
          ],
          [
            629409.4464270661,
            5220293.998343198
          ],
          [
            629410.3521310053,
            5220293.531107517
          ],
          [
            629411.2578349443,
            5220293.063871835
          ],
          [
            629412.1635388834,
            5220292.596636155
          ],
          [
            629413.0692428225,
            5220292.129400474
          ],
          [
            629413.9749467616,
            5220291.662164793
          ],
          [
            629414.8806507007,
            5220291.194929112
          ],
          [
            629415.7863546398,
            5220290.727693431
          ],
          [
            629416.6187635233,
            5220290.139526256
          ],
          [
            629417.4511724069,
            5220289.551359083
          ],
          [
            629418.2835812904,
            5220288.963191908
          ],
          [
            629419.1159901739,
            5220288.375024733
          ],
          [
            629419.9483990574,
            5220287.786857558
          ],
          [
            629420.780807941,
            5220287.198690385
          ],
          [
            629421.6132168245,
            5220286.61052321
          ],
          [
            629422.445625708,
            5220286.022356035
          ],
          [
            629423.2780345915,
            5220285.4341888605
          ],
          [
            629424.1104434751,
            5220284.846021687
          ],
          [
            629424.9428523586,
            5220284.257854512
          ],
          [
            629425.7752612421,
            5220283.669687337
          ],
          [
            629426.6076701256,
            5220283.0815201625
          ],
          [
            629427.4400790092,
            5220282.493352989
          ],
          [
            629428.2724878927,
            5220281.905185814
          ],
          [
            629429.1048967761,
            5220281.317018639
          ],
          [
            629429.9373056598,
            5220280.7288514655
          ],
          [
            629430.7697145432,
            5220280.140684291
          ],
          [
            629431.6021234267,
            5220279.552517116
          ],
          [
            629432.4345323102,
            5220278.964349941
          ],
          [
            629433.2669411938,
            5220278.376182768
          ],
          [
            629434.0993500773,
            5220277.788015593
          ],
          [
            629434.9317589608,
            5220277.199848418
          ],
          [
            629435.7765476252,
            5220276.6347940285
          ],
          [
            629436.6081462885,
            5220276.0392399505
          ],
          [
            629437.4289856114,
            5220275.435346895
          ],
          [
            629438.2347327939,
            5220274.8425571555
          ],
          [
            629439.0404799765,
            5220274.249767416
          ],
          [
            629439.846227159,
            5220273.656977677
          ],
          [
            629440.6519743415,
            5220273.064187937
          ],
          [
            629441.457721524,
            5220272.471398198
          ],
          [
            629442.2634687065,
            5220271.878608459
          ],
          [
            629443.0692158891,
            5220271.285818719
          ],
          [
            629443.8749630715,
            5220270.69302898
          ],
          [
            629444.6807102541,
            5220270.100239241
          ],
          [
            629445.4864574366,
            5220269.507449501
          ],
          [
            629446.2922046192,
            5220268.914659762
          ],
          [
            629447.0979518016,
            5220268.321870022
          ],
          [
            629447.9036989842,
            5220267.729080283
          ],
          [
            629448.7094461666,
            5220267.136290544
          ],
          [
            629449.5151933493,
            5220266.543500803
          ],
          [
            629450.3209405319,
            5220265.950711064
          ],
          [
            629451.1266877144,
            5220265.357921325
          ],
          [
            629451.9324348969,
            5220264.765131585
          ],
          [
            629452.7381820794,
            5220264.172341846
          ],
          [
            629453.543929262,
            5220263.579552107
          ],
          [
            629454.3496764444,
            5220262.986762367
          ],
          [
            629455.1554236269,
            5220262.393972628
          ],
          [
            629455.9611708093,
            5220261.801182888
          ],
          [
            629456.7669179919,
            5220261.208393149
          ],
          [
            629457.5726651744,
            5220260.61560341
          ],
          [
            629458.378412357,
            5220260.02281367
          ],
          [
            629459.1841595394,
            5220259.430023931
          ],
          [
            629459.989906722,
            5220258.837234192
          ],
          [
            629460.7956539046,
            5220258.244444452
          ],
          [
            629461.601401087,
            5220257.651654713
          ],
          [
            629462.4071482695,
            5220257.0588649735
          ],
          [
            629463.212895452,
            5220256.466075234
          ],
          [
            629464.0186426346,
            5220255.873285495
          ],
          [
            629464.8243898171,
            5220255.280495755
          ],
          [
            629465.6301369997,
            5220254.687706016
          ],
          [
            629466.4358841821,
            5220254.094916277
          ],
          [
            629467.2976267736,
            5220253.545433364
          ],
          [
            629468.1593693652,
            5220252.99595045
          ],
          [
            629469.0211119567,
            5220252.446467537
          ],
          [
            629469.8828545482,
            5220251.896984624
          ],
          [
            629470.7445971398,
            5220251.347501711
          ],
          [
            629471.6063397313,
            5220250.798018797
          ],
          [
            629472.4680823227,
            5220250.248535885
          ],
          [
            629473.3298249143,
            5220249.699052972
          ],
          [
            629474.1915675058,
            5220249.149570058
          ],
          [
            629475.0533100973,
            5220248.600087145
          ],
          [
            629475.9150526889,
            5220248.050604232
          ],
          [
            629476.7767952804,
            5220247.501121319
          ],
          [
            629477.6385378719,
            5220246.951638405
          ],
          [
            629478.5002804635,
            5220246.402155492
          ],
          [
            629479.362023055,
            5220245.85267258
          ],
          [
            629480.2237656465,
            5220245.303189666
          ],
          [
            629481.0855082381,
            5220244.753706753
          ],
          [
            629481.9472508295,
            5220244.20422384
          ],
          [
            629482.8089934211,
            5220243.654740927
          ],
          [
            629483.6707360126,
            5220243.105258013
          ],
          [
            629484.5324786041,
            5220242.5557751
          ],
          [
            629485.3942211957,
            5220242.006292188
          ],
          [
            629486.2559637872,
            5220241.456809274
          ],
          [
            629487.1177063787,
            5220240.907326361
          ],
          [
            629487.9794489703,
            5220240.3578434475
          ],
          [
            629488.8411915618,
            5220239.808360535
          ],
          [
            629489.7029341533,
            5220239.258877621
          ],
          [
            629490.5646767449,
            5220238.709394708
          ],
          [
            629491.4264193363,
            5220238.1599117955
          ],
          [
            629492.2881619278,
            5220237.610428882
          ],
          [
            629493.1499045194,
            5220237.060945969
          ],
          [
            629494.0116471109,
            5220236.511463055
          ],
          [
            629494.8733897024,
            5220235.961980143
          ],
          [
            629495.735132294,
            5220235.412497229
          ],
          [
            629496.5968748855,
            5220234.863014316
          ],
          [
            629497.1739575608,
            5220235.68008456
          ],
          [
            629497.7510402361,
            5220236.497154804
          ],
          [
            629498.3281229115,
            5220237.314225048
          ],
          [
            629498.9052055867,
            5220238.131295291
          ],
          [
            629499.4822882621,
            5220238.948365535
          ],
          [
            629500.0593709374,
            5220239.765435779
          ],
          [
            629500.4812463067,
            5220240.764032526
          ],
          [
            629500.9031216761,
            5220241.762629273
          ],
          [
            629501.3249970453,
            5220242.761226021
          ],
          [
            629501.7468724147,
            5220243.759822768
          ],
          [
            629502.168747784,
            5220244.758419516
          ],
          [
            629502.5906231534,
            5220245.757016263
          ],
          [
            629503.0124985226,
            5220246.75561301
          ],
          [
            629503.434373892,
            5220247.754209758
          ],
          [
            629503.8562492613,
            5220248.752806505
          ],
          [
            629504.2781246307,
            5220249.751403253
          ],
          [
            629504.7,
            5220250.75
          ]
        ]
      }
    }
  ]
}