{
  "type": "FeatureCollection",
  "name": "siret3_route",
  "crs": {
    "type": "name",
    "properties": {
      "name": "EPSG:32635"
    }
  },
  "features": [
    {
      "type": "Feature",
      "properties": {
        "kind": "route",
        "closed": true,
        "length_m": 7991.683,
        "crs_measured": "EPSG:32635",
        "start_tolerance_m": 5.0,
        "start_x": 629504.7,
        "start_y": 5220250.75,
        "role": "inspector"
      },
      "geometry": {
        "type": "LineString",
        "coordinates": [
          [
            629504.7,
            5220250.75
          ],
          [
            629504.2781246307,
            5220249.751403253
          ],
          [
            629503.8562492613,
            5220248.752806505
          ],
          [
            629503.434373892,
            5220247.754209758
          ],
          [
            629503.0124985226,
            5220246.75561301
          ],
          [
            629502.5906231534,
            5220245.757016263
          ],
          [
            629502.168747784,
            5220244.758419516
          ],
          [
            629501.7468724147,
            5220243.759822768
          ],
          [
            629501.3249970453,
            5220242.761226021
          ],
          [
            629500.9031216761,
            5220241.762629273
          ],
          [
            629500.4812463067,
            5220240.764032526
          ],
          [
            629500.0593709374,
            5220239.765435779
          ],
          [
            629499.4822882621,
            5220238.948365535
          ],
          [
            629498.9052055867,
            5220238.131295291
          ],
          [
            629498.3281229115,
            5220237.314225048
          ],
          [
            629497.7510402361,
            5220236.497154804
          ],
          [
            629497.1739575608,
            5220235.68008456
          ],
          [
            629496.5968748855,
            5220234.863014316
          ],
          [
            629495.735132294,
            5220235.412497229
          ],
          [
            629494.8733897024,
            5220235.961980143
          ],
          [
            629494.0116471109,
            5220236.511463055
          ],
          [
            629493.1499045194,
            5220237.060945969
          ],
          [
            629492.2881619278,
            5220237.610428882
          ],
          [
            629491.4264193363,
            5220238.1599117955
          ],
          [
            629490.5646767449,
            5220238.709394708
          ],
          [
            629489.7029341533,
            5220239.258877621
          ],
          [
            629488.8411915618,
            5220239.808360535
          ],
          [
            629487.9794489703,
            5220240.3578434475
          ],
          [
            629487.1177063787,
            5220240.907326361
          ],
          [
            629486.2559637872,
            5220241.456809274
          ],
          [
            629485.3942211957,
            5220242.006292188
          ],
          [
            629484.5324786041,
            5220242.5557751
          ],
          [
            629483.6707360126,
            5220243.105258013
          ],
          [
            629482.8089934211,
            5220243.654740927
          ],
          [
            629481.9472508295,
            5220244.20422384
          ],
          [
            629481.0855082381,
            5220244.753706753
          ],
          [
            629480.2237656465,
            5220245.303189666
          ],
          [
            629479.362023055,
            5220245.85267258
          ],
          [
            629478.5002804635,
            5220246.402155492
          ],
          [
            629477.6385378719,
            5220246.951638405
          ],
          [
            629476.7767952804,
            5220247.501121319
          ],
          [
            629475.9150526889,
            5220248.050604232
          ],
          [
            629475.0533100973,
            5220248.600087145
          ],
          [
            629474.1915675058,
            5220249.149570058
          ],
          [
            629473.3298249143,
            5220249.699052972
          ],
          [
            629472.4680823227,
            5220250.248535885
          ],
          [
            629471.6063397313,
            5220250.798018797
          ],
          [
            629470.7445971398,
            5220251.347501711
          ],
          [
            629469.8828545482,
            5220251.896984624
          ],
          [
            629469.0211119567,
            5220252.446467537
          ],
          [
            629468.1593693652,
            5220252.99595045
          ],
          [
            629467.2976267736,
            5220253.545433364
          ],
          [
            629466.4358841821,
            5220254.094916277
          ],
          [
            629465.6301369997,
            5220254.687706016
          ],
          [
            629464.8243898171,
            5220255.280495755
          ],
          [
            629464.0186426346,
            5220255.873285495
          ],
          [
            629463.212895452,
            5220256.466075234
          ],
          [
            629462.4071482695,
            5220257.0588649735
          ],
          [
            629461.601401087,
            5220257.651654713
          ],
          [
            629460.7956539046,
            5220258.244444452
          ],
          [
            629459.989906722,
            5220258.837234192
          ],
          [
            629459.1841595394,
            5220259.430023931
          ],
          [
            629458.378412357,
            5220260.02281367
          ],
          [
            629457.5726651744,
            5220260.61560341
          ],
          [
            629456.7669179919,
            5220261.208393149
          ],
          [
            629455.9611708093,
            5220261.801182888
          ],
          [
            629455.1554236269,
            5220262.393972628
          ],
          [
            629454.3496764444,
            5220262.986762367
          ],
          [
            629453.543929262,
            5220263.579552107
          ],
          [
            629452.7381820794,
            5220264.172341846
          ],
          [
            629451.9324348969,
            5220264.765131585
          ],
          [
            629451.1266877144,
            5220265.357921325
          ],
          [
            629450.3209405319,
            5220265.950711064
          ],
          [
            629449.5151933493,
            5220266.543500803
          ],
          [
            629448.7094461666,
            5220267.136290544
          ],
          [
            629447.9036989842,
            5220267.729080283
          ],
          [
            629447.0979518016,
            5220268.321870022
          ],
          [
            629446.2922046192,
            5220268.914659762
          ],
          [
            629445.4864574366,
            5220269.507449501
          ],
          [
            629444.6807102541,
            5220270.100239241
          ],
          [
            629443.8749630715,
            5220270.69302898
          ],
          [
            629443.0692158891,
            5220271.285818719
          ],
          [
            629442.2634687065,
            5220271.878608459
          ],
          [
            629441.457721524,
            5220272.471398198
          ],
          [
            629440.6519743415,
            5220273.064187937
          ],
          [
            629439.846227159,
            5220273.656977677
          ],
          [
            629439.0404799765,
            5220274.249767416
          ],
          [
            629438.2347327939,
            5220274.8425571555
          ],
          [
            629437.4289856114,
            5220275.435346895
          ],
          [
            629436.6081462885,
            5220276.0392399505
          ],
          [
            629435.7765476252,
            5220276.6347940285
          ],
          [
            629434.9317589608,
            5220277.199848418
          ],
          [
            629434.0993500773,
            5220277.788015593
          ],
          [
            629433.2669411938,
            5220278.376182768
          ],
          [
            629432.4345323102,
            5220278.964349941
          ],
          [
            629431.6021234267,
            5220279.552517116
          ],
          [
            629430.7697145432,
            5220280.140684291
          ],
          [
            629429.9373056598,
            5220280.7288514655
          ],
          [
            629429.1048967761,
            5220281.317018639
          ],
          [
            629428.2724878927,
            5220281.905185814
          ],
          [
            629427.4400790092,
            5220282.493352989
          ],
          [
            629426.6076701256,
            5220283.0815201625
          ],
          [
            629425.7752612421,
            5220283.669687337
          ],
          [
            629424.9428523586,
            5220284.257854512
          ],
          [
            629424.1104434751,
            5220284.846021687
          ],
          [
            629423.2780345915,
            5220285.4341888605
          ],
          [
            629422.445625708,
            5220286.022356035
          ],
          [
            629421.6132168245,
            5220286.61052321
          ],
          [
            629420.780807941,
            5220287.198690385
          ],
          [
            629419.9483990574,
            5220287.786857558
          ],
          [
            629419.1159901739,
            5220288.375024733
          ],
          [
            629418.2835812904,
            5220288.963191908
          ],
          [
            629417.4511724069,
            5220289.551359083
          ],
          [
            629416.6187635233,
            5220290.139526256
          ],
          [
            629415.7863546398,
            5220290.727693431
          ],
          [
            629414.8806507007,
            5220291.194929112
          ],
          [
            629413.9749467616,
            5220291.662164793
          ],
          [
            629413.0692428225,
            5220292.129400474
          ],
          [
            629412.1635388834,
            5220292.596636155
          ],
          [
            629411.2578349443,
            5220293.063871835
          ],
          [
            629410.3521310053,
            5220293.531107517
          ],
          [
            629409.4464270661,
            5220293.998343198
          ],
          [
            629408.5407231271,
            5220294.465578878
          ],
          [
            629407.6350191879,
            5220294.93281456
          ],
          [
            629406.7293152488,
            5220295.400050241
          ],
          [
            629405.8236113098,
            5220295.867285921
          ],
          [
            629404.9179073706,
            5220296.334521603
          ],
          [
            629404.0122034316,
            5220296.8017572835
          ],
          [
            629403.1064994924,
            5220297.268992964
          ],
          [
            629402.2007955534,
            5220297.736228645
          ],
          [
            629401.2950916142,
            5220298.203464326
          ],
          [
            629400.3893876752,
            5220298.670700007
          ],
          [
            629399.4836837361,
            5220299.137935688
          ],
          [
            629398.5779797969,
            5220299.605171369
          ],
          [
            629397.6722758579,
            5220300.07240705
          ],
          [
            629396.7665719187,
            5220300.539642731
          ],
          [
            629395.8608679797,
            5220301.006878412
          ],
          [
            629394.9551640406,
            5220301.474114093
          ],
          [
            629394.0494601015,
            5220301.941349774
          ],
          [
            629393.1437561624,
            5220302.408585454
          ],
          [
            629392.2380522233,
            5220302.875821136
          ],
          [
            629391.3323482842,
            5220303.343056817
          ],
          [
            629390.5512422835,
            5220304.0684113
          ],
          [
            629389.7701362829,
            5220304.793765783
          ],
          [
            629388.9890302822,
            5220305.519120267
          ],
          [
            629388.2079242816,
            5220306.244474749
          ],
          [
            629387.426818281,
            5220306.969829232
          ],
          [
            629386.6457122803,
            5220307.695183716
          ],
          [
            629385.8086862881,
            5220308.283162224
          ],
          [
            629384.971660296,
            5220308.8711407315
          ],
          [
            629384.1346343037,
            5220309.45911924
          ],
          [
            629383.2976083115,
            5220310.047097747
          ],
          [
            629382.4605823194,
            5220310.635076256
          ],
          [
            629381.6235563272,
            5220311.223054764
          ],
          [
            629380.786530335,
            5220311.811033271
          ],
          [
            629379.9495043427,
            5220312.39901178
          ],
          [
            629379.1124783506,
            5220312.986990287
          ],
          [
            629378.2754523584,
            5220313.574968795
          ],
          [
            629377.4384263662,
            5220314.162947303
          ],
          [
            629376.6014003741,
            5220314.750925811
          ],
          [
            629375.7643743819,
            5220315.338904319
          ],
          [
            629374.9273483896,
            5220315.926882827
          ],
          [
            629374.0903223975,
            5220316.514861335
          ],
          [
            629373.2532964053,
            5220317.102839842
          ],
          [
            629372.4162704131,
            5220317.690818351
          ],
          [
            629371.579244421,
            5220318.278796859
          ],
          [
            629370.7422184288,
            5220318.8667753665
          ],
          [
            629369.9051924365,
            5220319.454753875
          ],
          [
            629369.0681664444,
            5220320.042732382
          ],
          [
            629368.2311404522,
            5220320.6307108905
          ],
          [
            629367.39411446,
            5220321.218689398
          ],
          [
            629366.5570884678,
            5220321.806667906
          ],
          [
            629365.7200624757,
            5220322.394646415
          ],
          [
            629364.8830364834,
            5220322.982624922
          ],
          [
            629364.0460104912,
            5220323.57060343
          ],
          [
            629363.2089844991,
            5220324.158581938
          ],
          [
            629362.3719585069,
            5220324.746560446
          ],
          [
            629361.5675032353,
            5220325.341102214
          ],
          [
            629360.7630479637,
            5220325.935643981
          ],
          [
            629359.9585926923,
            5220326.530185748
          ],
          [
            629359.1541374206,
            5220327.1247275155
          ],
          [
            629358.3496821489,
            5220327.719269283
          ],
          [
            629357.5452268773,
            5220328.313811051
          ],
          [
            629356.733399018,
            5220328.936111155
          ],
          [
            629355.9215711587,
            5220329.558411259
          ],
          [
            629355.1097432993,
            5220330.180711363
          ],
          [
            629354.29791544,
            5220330.803011468
          ],
          [
            629353.4860875807,
            5220331.425311571
          ],
          [
            629352.6742597214,
            5220332.047611675
          ],
          [
            629351.862431862,
            5220332.669911779
          ],
          [
            629351.0506040028,
            5220333.292211884
          ],
          [
            629350.2387761434,
            5220333.914511988
          ],
          [
            629349.426948284,
            5220334.536812092
          ],
          [
            629348.6151204248,
            5220335.159112196
          ],
          [
            629347.8032925654,
            5220335.781412301
          ],
          [
            629346.9914647061,
            5220336.403712405
          ],
          [
            629346.1796368468,
            5220337.026012509
          ],
          [
            629345.3678089875,
            5220337.648312612
          ],
          [
            629344.5559811281,
            5220338.270612717
          ],
          [
            629343.7441532689,
            5220338.892912821
          ],
          [
            629342.9323254095,
            5220339.515212925
          ],
          [
            629342.1204975501,
            5220340.137513029
          ],
          [
            629341.3086696909,
            5220340.759813134
          ],
          [
            629340.4968418315,
            5220341.382113238
          ],
          [
            629339.6850139722,
            5220342.004413342
          ],
          [
            629338.8731861128,
            5220342.626713446
          ],
          [
            629338.0613582536,
            5220343.24901355
          ],
          [
            629337.2495303942,
            5220343.871313654
          ],
          [
            629336.437702535,
            5220344.493613758
          ],
          [
            629335.6258746756,
            5220345.115913862
          ],
          [
            629334.8140468163,
            5220345.738213967
          ],
          [
            629334.002218957,
            5220346.360514071
          ],
          [
            629333.1903910976,
            5220346.982814175
          ],
          [
            629332.3785632383,
            5220347.605114279
          ],
          [
            629331.5667353789,
            5220348.227414384
          ],
          [
            629330.7549075197,
            5220348.849714488
          ],
          [
            629329.9430796603,
            5220349.472014591
          ],
          [
            629329.131251801,
            5220350.094314695
          ],
          [
            629328.3194239417,
            5220350.7166148
          ],
          [
            629327.5075960824,
            5220351.338914904
          ],
          [
            629326.695768223,
            5220351.961215008
          ],
          [
            629325.8527765515,
            5220352.502881585
          ],
          [
            629325.0097848801,
            5220353.044548161
          ],
          [
            629324.1667932087,
            5220353.586214738
          ],
          [
            629323.3238015373,
            5220354.127881315
          ],
          [
            629322.4808098658,
            5220354.669547891
          ],
          [
            629321.6378181943,
            5220355.211214468
          ],
          [
            629320.7948265229,
            5220355.7528810445
          ],
          [
            629319.9518348515,
            5220356.294547621
          ],
          [
            629319.1088431801,
            5220356.836214198
          ],
          [
            629318.2658515086,
            5220357.377880774
          ],
          [
            629317.4228598372,
            5220357.919547351
          ],
          [
            629316.5798681658,
            5220358.461213928
          ],
          [
            629315.7368764944,
            5220359.002880504
          ],
          [
            629314.893884823,
            5220359.544547081
          ],
          [
            629314.0508931516,
            5220360.086213658
          ],
          [
            629313.20790148,
            5220360.627880234
          ],
          [
            629312.3649098086,
            5220361.169546811
          ],
          [
            629311.5219181372,
            5220361.711213388
          ],
          [
            629310.6789264658,
            5220362.252879964
          ],
          [
            629309.8359347944,
            5220362.794546541
          ],
          [
            629308.9929431229,
            5220363.336213117
          ],
          [
            629308.1499514515,
            5220363.877879694
          ],
          [
            629307.30695978,
            5220364.419546271
          ],
          [
            629306.4639681086,
            5220364.961212847
          ],
          [
            629305.6403793395,
            5220365.531955239
          ],
          [
            629304.8189063611,
            5220366.105726825
          ],
          [
            629303.9974333823,
            5220366.679498412
          ],
          [
            629303.1759604041,
            5220367.253269997
          ],
          [
            629302.3544874258,
            5220367.827041583
          ],
          [
            629301.533014447,
            5220368.400813169
          ],
          [
            629300.7115414686,
            5220368.974584755
          ],
          [
            629299.8900684903,
            5220369.54835634
          ],
          [
            629299.0685955121,
            5220370.122127926
          ],
          [
            629298.2471225337,
            5220370.695899512
          ],
          [
            629297.4256495549,
            5220371.269671097
          ],
          [
            629296.6041765766,
            5220371.843442683
          ],
          [
            629295.7827035983,
            5220372.417214269
          ],
          [
            629294.9612306195,
            5220372.9909858545
          ],
          [
            629294.1397576412,
            5220373.56475744
          ],
          [
            629293.3182846629,
            5220374.138529026
          ],
          [
            629292.4968116846,
            5220374.712300612
          ],
          [
            629291.6753387062,
            5220375.286072197
          ],
          [
            629290.8538657275,
            5220375.859843784
          ],
          [
            629290.0323927492,
            5220376.43361537
          ],
          [
            629289.2109197709,
            5220377.0073869545
          ],
          [
            629288.3894467925,
            5220377.58115854
          ],
          [
            629287.5679738139,
            5220378.154930127
          ],
          [
            629286.7465008355,
            5220378.728701713
          ],
          [
            629285.9107576442,
            5220379.296530037
          ],
          [
            629285.0750144527,
            5220379.864358362
          ],
          [
            629284.2392712613,
            5220380.432186686
          ],
          [
            629283.4035280698,
            5220381.000015011
          ],
          [
            629282.5677848783,
            5220381.567843335
          ],
          [
            629281.7320416869,
            5220382.135671659
          ],
          [
            629280.8962984954,
            5220382.703499984
          ],
          [
            629280.0605553039,
            5220383.271328309
          ],
          [
            629279.2248121125,
            5220383.839156633
          ],
          [
            629278.389068921,
            5220384.406984958
          ],
          [
            629277.5533257296,
            5220384.9748132825
          ],
          [
            629276.7175825381,
            5220385.542641607
          ],
          [
            629275.8818393466,
            5220386.110469932
          ],
          [
            629275.0460961552,
            5220386.678298256
          ],
          [
            629274.2103529638,
            5220387.24612658
          ],
          [
            629273.3746097722,
            5220387.813954905
          ],
          [
            629272.5388665808,
            5220388.381783229
          ],
          [
            629271.7031233894,
            5220388.949611554
          ],
          [
            629270.8673801979,
            5220389.517439879
          ],
          [
            629270.0316370064,
            5220390.085268203
          ],
          [
            629269.1958938149,
            5220390.653096528
          ],
          [
            629268.3601506235,
            5220391.220924852
          ],
          [
            629267.5244074321,
            5220391.788753177
          ],
          [
            629266.6886642405,
            5220392.356581502
          ],
          [
            629265.8529210491,
            5220392.924409825
          ],
          [
            629265.0171778577,
            5220393.49223815
          ],
          [
            629264.1814346662,
            5220394.060066475
          ],
          [
            629263.3456914747,
            5220394.627894799
          ],
          [
            629262.5099482833,
            5220395.195723124
          ],
          [
            629261.6742050918,
            5220395.7635514485
          ],
          [
            629260.8384619004,
            5220396.331379773
          ],
          [
            629260.002718709,
            5220396.899208098
          ],
          [
            629259.1669755174,
            5220397.467036422
          ],
          [
            629258.331232326,
            5220398.034864747
          ],
          [
            629257.4954891345,
            5220398.602693071
          ],
          [
            629256.659745943,
            5220399.170521395
          ],
          [
            629255.8240027516,
            5220399.73834972
          ],
          [
            629254.9882595601,
            5220400.3061780445
          ],
          [
            629254.1525163687,
            5220400.874006369
          ],
          [
            629253.9498123555,
            5220401.85349542
          ],
          [
            629253.7471083424,
            5220402.832984471
          ],
          [
            629253.5444043291,
            5220403.812473522
          ],
          [
            629253.341700316,
            5220404.791962572
          ],
          [
            629253.1389963028,
            5220405.771451622
          ],
          [
            629252.9362922898,
            5220406.750940673
          ],
          [
            629252.7335882765,
            5220407.730429724
          ],
          [
            629252.5308842635,
            5220408.709918775
          ],
          [
            629252.3281802502,
            5220409.6894078255
          ],
          [
            629252.1254762372,
            5220410.668896876
          ],
          [
            629251.922772224,
            5220411.648385927
          ],
          [
            629251.7200682109,
            5220412.627874978
          ],
          [
            629251.5173641976,
            5220413.607364029
          ],
          [
            629251.3146601846,
            5220414.5868530795
          ],
          [
            629251.1119561713,
            5220415.56634213
          ],
          [
            629250.9092521581,
            5220416.54583118
          ],
          [
            629250.706548145,
            5220417.525320231
          ],
          [
            629250.5038441318,
            5220418.504809282
          ],
          [
            629250.3011401187,
            5220419.484298333
          ],
          [
            629250.0984361055,
            5220420.463787383
          ],
          [
            629249.8957320924,
            5220421.443276434
          ],
          [
            629249.6930280792,
            5220422.422765485
          ],
          [
            629249.4903240661,
            5220423.402254536
          ],
          [
            629249.2876200529,
            5220424.381743587
          ],
          [
            629249.0849160398,
            5220425.3612326365
          ],
          [
            629248.8822120266,
            5220426.340721687
          ],
          [
            629248.6795080135,
            5220427.320210738
          ],
          [
            629248.4768040003,
            5220428.299699789
          ],
          [
            629248.2740999872,
            5220429.27918884
          ],
          [
            629248.071395974,
            5220430.2586778905
          ],
          [
            629247.8667065519,
            5220431.27205253
          ],
          [
            629247.6620171296,
            5220432.285427169
          ],
          [
            629247.4573277074,
            5220433.298801809
          ],
          [
            629247.2526382853,
            5220434.312176448
          ],
          [
            629247.0479488631,
            5220435.325551088
          ],
          [
            629246.8432594409,
            5220436.338925727
          ],
          [
            629246.6385700187,
            5220437.352300366
          ],
          [
            629246.4338805965,
            5220438.365675006
          ],
          [
            629246.2291911744,
            5220439.379049646
          ],
          [
            629246.0245017521,
            5220440.3924242845
          ],
          [
            629245.81981233,
            5220441.405798924
          ],
          [
            629245.6151229078,
            5220442.419173564
          ],
          [
            629245.4104334856,
            5220443.4325482035
          ],
          [
            629245.2057440634,
            5220444.445922842
          ],
          [
            629245.0010546412,
            5220445.459297482
          ],
          [
            629244.796365219,
            5220446.472672122
          ],
          [
            629244.5916757969,
            5220447.486046761
          ],
          [
            629244.3869863746,
            5220448.4994214
          ],
          [
            629244.1822969525,
            5220449.51279604
          ],
          [
            629243.9776075303,
            5220450.526170679
          ],
          [
            629243.7729181082,
            5220451.539545319
          ],
          [
            629243.5682286859,
            5220452.552919958
          ],
          [
            629243.3635392637,
            5220453.566294597
          ],
          [
            629243.1588498416,
            5220454.579669237
          ],
          [
            629242.9541604194,
            5220455.593043877
          ],
          [
            629242.7494709971,
            5220456.606418516
          ],
          [
            629242.544781575,
            5220457.619793155
          ],
          [
            629242.0343658014,
            5220458.497646115
          ],
          [
            629241.5239500277,
            5220459.375499074
          ],
          [
            629241.013534254,
            5220460.253352034
          ],
          [
            629240.5031184803,
            5220461.131204994
          ],
          [
            629239.9927027067,
            5220462.009057954
          ],
          [
            629239.4822869331,
            5220462.8869109135
          ],
          [
            629238.9718711594,
            5220463.764763873
          ],
          [
            629238.4614553858,
            5220464.642616833
          ],
          [
            629238.3592584186,
            5220465.637619715
          ],
          [
            629238.2570614511,
            5220466.632622598
          ],
          [
            629238.1548644839,
            5220467.62762548
          ],
          [
            629238.0526675164,
            5220468.622628363
          ],
          [
            629237.9504705492,
            5220469.617631245
          ],
          [
            629237.8482735818,
            5220470.612634127
          ],
          [
            629237.7460766145,
            5220471.6076370105
          ],
          [
            629237.6438796473,
            5220472.602639892
          ],
          [
            629237.5416826799,
            5220473.597642775
          ],
          [
            629237.4394857126,
            5220474.592645657
          ],
          [
            629237.3372887452,
            5220475.58764854
          ],
          [
            629237.235091778,
            5220476.582651421
          ],
          [
            629237.1328948106,
            5220477.577654305
          ],
          [
            629237.0306978433,
            5220478.572657187
          ],
          [
            629236.928500876,
            5220479.56766007
          ],
          [
            629236.8263039086,
            5220480.562662952
          ],
          [
            629236.7241069414,
            5220481.557665834
          ],
          [
            629236.621909974,
            5220482.552668718
          ],
          [
            629236.5197130067,
            5220483.547671599
          ],
          [
            629236.4175160393,
            5220484.542674483
          ],
          [
            629236.315319072,
            5220485.537677364
          ],
          [
            629236.2131221048,
            5220486.532680247
          ],
          [
            629236.1109251374,
            5220487.5276831295
          ],
          [
            629235.9745515735,
            5220488.519175726
          ],
          [
            629235.7667425096,
            5220489.497666191
          ],
          [
            629235.5589334457,
            5220490.476156656
          ],
          [
            629235.3511243816,
            5220491.454647121
          ],
          [
            629235.1433153177,
            5220492.433137586
          ],
          [
            629234.9355062537,
            5220493.411628052
          ],
          [
            629234.7276971899,
            5220494.390118516
          ],
          [
            629234.5198881258,
            5220495.368608981
          ],
          [
            629234.3120790619,
            5220496.347099447
          ],
          [
            629234.1042699979,
            5220497.325589912
          ],
          [
            629233.8964609341,
            5220498.304080376
          ],
          [
            629233.68865187,
            5220499.282570842
          ],
          [
            629233.480842806,
            5220500.261061307
          ],
          [
            629233.2730337422,
            5220501.239551771
          ],
          [
            629233.0652246781,
            5220502.218042237
          ],
          [
            629232.8574156142,
            5220503.196532702
          ],
          [
            629232.6496065502,
            5220504.175023167
          ],
          [
            629232.4417974864,
            5220505.153513632
          ],
          [
            629232.2339884224,
            5220506.132004097
          ],
          [
            629232.0261793585,
            5220507.110494562
          ],
          [
            629231.8183702945,
            5220508.088985027
          ],
          [
            629231.6105612306,
            5220509.067475492
          ],
          [
            629231.4027521666,
            5220510.045965957
          ],
          [
            629231.1949431027,
            5220511.024456423
          ],
          [
            629230.9871340387,
            5220512.002946887
          ],
          [
            629230.7793249747,
            5220512.9814373525
          ],
          [
            629230.5715159108,
            5220513.959927818
          ],
          [
            629230.3637068468,
            5220514.938418282
          ],
          [
            629230.1558977829,
            5220515.9169087475
          ],
          [
            629229.9480887189,
            5220516.895399213
          ],
          [
            629229.740279655,
            5220517.873889678
          ],
          [
            629229.532470591,
            5220518.852380143
          ],
          [
            629229.3246615271,
            5220519.830870608
          ],
          [
            629229.1168524631,
            5220520.809361073
          ],
          [
            629228.9090433992,
            5220521.7878515385
          ],
          [
            629228.7012343352,
            5220522.766342003
          ],
          [
            629228.4934252712,
            5220523.744832468
          ],
          [
            629228.2856162073,
            5220524.723322934
          ],
          [
            629228.0778071433,
            5220525.701813398
          ],
          [
            629227.8699980794,
            5220526.680303863
          ],
          [
            629227.6621890154,
            5220527.658794329
          ],
          [
            629227.4543799515,
            5220528.637284794
          ],
          [
            629227.2465708875,
            5220529.615775258
          ],
          [
            629227.0387618236,
            5220530.594265724
          ],
          [
            629226.8309527596,
            5220531.572756189
          ],
          [
            629226.6231436956,
            5220532.551246654
          ],
          [
            629226.4153346317,
            5220533.529737119
          ],
          [
            629226.2075255677,
            5220534.508227584
          ],
          [
            629225.9997165038,
            5220535.486718049
          ],
          [
            629225.7919074399,
            5220536.465208514
          ],
          [
            629225.5840983759,
            5220537.443698979
          ],
          [
            629225.3762893119,
            5220538.422189444
          ],
          [
            629225.168480248,
            5220539.40067991
          ],
          [
            629224.960671184,
            5220540.379170374
          ],
          [
            629224.75286212,
            5220541.357660839
          ],
          [
            629224.545095644,
            5220542.335950775
          ],
          [
            629224.3373291679,
            5220543.314240711
          ],
          [
            629224.1295626918,
            5220544.292530647
          ],
          [
            629223.9078464276,
            5220545.26908026
          ],
          [
            629223.6691565908,
            5220546.240191632
          ],
          [
            629223.4304667539,
            5220547.211303003
          ],
          [
            629223.1869754421,
            5220548.201949211
          ],
          [
            629222.9434841303,
            5220549.192595419
          ],
          [
            629222.6999928186,
            5220550.183241626
          ],
          [
            629222.4565015069,
            5220551.173887834
          ],
          [
            629222.2130101951,
            5220552.164534042
          ],
          [
            629221.9695188834,
            5220553.155180248
          ],
          [
            629221.7260275716,
            5220554.145826456
          ],
          [
            629221.4825362598,
            5220555.136472664
          ],
          [
            629221.239044948,
            5220556.127118872
          ],
          [
            629220.9955536362,
            5220557.117765079
          ],
          [
            629220.7520623244,
            5220558.108411287
          ],
          [
            629220.5085710126,
            5220559.099057495
          ],
          [
            629220.2650797009,
            5220560.089703702
          ],
          [
            629220.0215883892,
            5220561.08034991
          ],
          [
            629219.7780970774,
            5220562.070996118
          ],
          [
            629219.5346057656,
            5220563.0616423255
          ],
          [
            629219.2911144538,
            5220564.052288532
          ],
          [
            629219.047623142,
            5220565.04293474
          ],
          [
            629218.8041318302,
            5220566.033580948
          ],
          [
            629218.5606405186,
            5220567.024227155
          ],
          [
            629218.3171492068,
            5220568.014873363
          ],
          [
            629218.073657895,
            5220569.005519571
          ],
          [
            629217.8301665832,
            5220569.9961657785
          ],
          [
            629217.5866752714,
            5220570.986811986
          ],
          [
            629217.3431839597,
            5220571.977458194
          ],
          [
            629217.0996926479,
            5220572.968104402
          ],
          [
            629216.8562013361,
            5220573.958750609
          ],
          [
            629216.6127100243,
            5220574.949396816
          ],
          [
            629216.3692187126,
            5220575.940043024
          ],
          [
            629216.1257274009,
            5220576.9306892315
          ],
          [
            629215.8822360891,
            5220577.921335439
          ],
          [
            629215.6387447773,
            5220578.911981647
          ],
          [
            629215.3952534655,
            5220579.902627855
          ],
          [
            629215.1564922658,
            5220580.8740295665
          ],
          [
            629214.9177310658,
            5220581.845431279
          ],
          [
            629214.678969866,
            5220582.816832991
          ],
          [
            629214.440208666,
            5220583.788234704
          ],
          [
            629214.2014474662,
            5220584.759636416
          ],
          [
            629213.9626862663,
            5220585.731038129
          ],
          [
            629213.7239250664,
            5220586.702439841
          ],
          [
            629213.4851638665,
            5220587.673841553
          ],
          [
            629213.2464026666,
            5220588.645243266
          ],
          [
            629213.0076414668,
            5220589.616644978
          ],
          [
            629212.7688802668,
            5220590.58804669
          ],
          [
            629212.530119067,
            5220591.559448402
          ],
          [
            629212.2913578672,
            5220592.530850114
          ],
          [
            629212.0525966672,
            5220593.502251827
          ],
          [
            629211.8138354674,
            5220594.473653539
          ],
          [
            629211.5750742675,
            5220595.445055252
          ],
          [
            629211.3363130676,
            5220596.416456964
          ],
          [
            629211.0975518678,
            5220597.387858676
          ],
          [
            629210.8587906678,
            5220598.359260389
          ],
          [
            629210.6200294681,
            5220599.330662101
          ],
          [
            629210.381268268,
            5220600.302063813
          ],
          [
            629210.1425070682,
            5220601.273465525
          ],
          [
            629209.9037458682,
            5220602.244867238
          ],
          [
            629209.6649846685,
            5220603.21626895
          ],
          [
            629209.4262234686,
            5220604.187670662
          ],
          [
            629209.1874622686,
            5220605.159072375
          ],
          [
            629208.9487010689,
            5220606.130474087
          ],
          [
            629208.7099398689,
            5220607.1018758
          ],
          [
            629208.4711786691,
            5220608.073277512
          ],
          [
            629208.2324174691,
            5220609.0446792245
          ],
          [
            629207.9936562693,
            5220610.016080936
          ],
          [
            629207.7548950695,
            5220610.987482648
          ],
          [
            629207.5161338695,
            5220611.958884361
          ],
          [
            629207.2773726697,
            5220612.930286073
          ],
          [
            629207.0386114697,
            5220613.901687786
          ],
          [
            629206.7998502699,
            5220614.873089498
          ],
          [
            629206.6402720864,
            5220615.872326685
          ],
          [
            629206.4806939029,
            5220616.871563871
          ],
          [
            629206.3211157195,
            5220617.870801059
          ],
          [
            629206.1615375361,
            5220618.870038245
          ],
          [
            629206.0019593526,
            5220619.869275432
          ],
          [
            629205.8423811692,
            5220620.868512618
          ],
          [
            629205.6828029858,
            5220621.867749806
          ],
          [
            629205.5232248023,
            5220622.866986993
          ],
          [
            629205.3636466189,
            5220623.866224179
          ],
          [
            629205.2040684355,
            5220624.865461366
          ],
          [
            629205.044490252,
            5220625.8646985525
          ],
          [
            629204.8849120686,
            5220626.86393574
          ],
          [
            629204.7253338852,
            5220627.863172926
          ],
          [
            629204.5657557017,
            5220628.862410113
          ],
          [
            629204.4061775183,
            5220629.8616472995
          ],
          [
            629204.2465993349,
            5220630.860884487
          ],
          [
            629204.0870211514,
            5220631.860121674
          ],
          [
            629203.927442968,
            5220632.85935886
          ],
          [
            629203.7678647846,
            5220633.858596047
          ],
          [
            629203.6082866013,
            5220634.857833234
          ],
          [
            629203.4487084178,
            5220635.857070421
          ],
          [
            629203.2891302344,
            5220636.856307607
          ],
          [
            629203.129552051,
            5220637.855544794
          ],
          [
            629202.9699738675,
            5220638.854781982
          ],
          [
            629202.8103956841,
            5220639.854019168
          ],
          [
            629202.6508175007,
            5220640.853256355
          ],
          [
            629202.4912393172,
            5220641.852493541
          ],
          [
            629202.3316611338,
            5220642.8517307285
          ],
          [
            629202.1720829504,
            5220643.850967915
          ],
          [
            629202.0125047669,
            5220644.850205102
          ],
          [
            629201.8529265835,
            5220645.849442288
          ],
          [
            629201.6933484001,
            5220646.8486794755
          ],
          [
            629201.5337702166,
            5220647.847916663
          ],
          [
            629201.3741920332,
            5220648.847153849
          ],
          [
            629201.2146138498,
            5220649.846391036
          ],
          [
            629201.0550356663,
            5220650.845628222
          ],
          [
            629200.8954574829,
            5220651.84486541
          ],
          [
            629200.7358792995,
            5220652.844102596
          ],
          [
            629200.576301116,
            5220653.843339783
          ],
          [
            629200.4078433226,
            5220654.832879574
          ],
          [
            629200.2393855292,
            5220655.822419366
          ],
          [
            629200.0709277359,
            5220656.811959157
          ],
          [
            629199.9024699426,
            5220657.801498948
          ],
          [
            629199.7340121492,
            5220658.791038739
          ],
          [
            629199.5655543557,
            5220659.780578529
          ],
          [
            629199.3970965623,
            5220660.770118321
          ],
          [
            629199.228638769,
            5220661.759658112
          ],
          [
            629199.0601809757,
            5220662.749197903
          ],
          [
            629198.8917231822,
            5220663.738737695
          ],
          [
            629198.7232653889,
            5220664.728277486
          ],
          [
            629198.5548075956,
            5220665.717817277
          ],
          [
            629198.3439845917,
            5220666.722095771
          ],
          [
            629198.1331615879,
            5220667.726374264
          ],
          [
            629197.922338584,
            5220668.730652758
          ],
          [
            629197.7115155802,
            5220669.734931252
          ],
          [
            629197.5006925763,
            5220670.739209746
          ],
          [
            629197.2898695725,
            5220671.743488239
          ],
          [
            629197.0790465686,
            5220672.747766733
          ],
          [
            629196.8682235648,
            5220673.752045227
          ],
          [
            629196.6574005609,
            5220674.75632372
          ],
          [
            629196.4465775571,
            5220675.760602214
          ],
          [
            629196.2357545532,
            5220676.764880708
          ],
          [
            629196.0249315494,
            5220677.7691592015
          ],
          [
            629195.8141085455,
            5220678.773437696
          ],
          [
            629195.6032855418,
            5220679.77771619
          ],
          [
            629195.3924625379,
            5220680.781994684
          ],
          [
            629195.1816395341,
            5220681.786273177
          ],
          [
            629194.9708165302,
            5220682.790551671
          ],
          [
            629194.7599935264,
            5220683.794830165
          ],
          [
            629194.5491705225,
            5220684.799108658
          ],
          [
            629194.3383475187,
            5220685.803387152
          ],
          [
            629194.1275245148,
            5220686.807665646
          ],
          [
            629193.916701511,
            5220687.811944139
          ],
          [
            629193.7058785071,
            5220688.816222633
          ],
          [
            629193.4950555033,
            5220689.820501127
          ],
          [
            629193.2842324994,
            5220690.824779621
          ],
          [
            629193.0734094956,
            5220691.829058114
          ],
          [
            629192.8625864917,
            5220692.8333366085
          ],
          [
            629192.651763488,
            5220693.8376151025
          ],
          [
            629192.440940484,
            5220694.841893596
          ],
          [
            629192.2301174803,
            5220695.84617209
          ],
          [
            629192.0192944764,
            5220696.850450584
          ],
          [
            629191.8084714726,
            5220697.854729077
          ],
          [
            629191.5976484687,
            5220698.859007571
          ],
          [
            629191.3868254649,
            5220699.863286065
          ],
          [
            629191.176002461,
            5220700.867564559
          ],
          [
            629190.9651794572,
            5220701.871843052
          ],
          [
            629190.7543564533,
            5220702.876121546
          ],
          [
            629191.6498428849,
            5220703.336705361
          ],
          [
            629192.5453293164,
            5220703.797289174
          ],
          [
            629193.440815748,
            5220704.2578729885
          ],
          [
            629194.3363021795,
            5220704.718456803
          ],
          [
            629195.2240821299,
            5220705.194043806
          ],
          [
            629196.1198171577,
            5220705.654143646
          ],
          [
            629197.0155521856,
            5220706.114243487
          ],
          [
            629197.911287213,
            5220706.5743433265
          ],
          [
            629198.8070222408,
            5220707.034443167
          ],
          [
            629199.7027572688,
            5220707.494543008
          ],
          [
            629200.5984922963,
            5220707.954642847
          ],
          [
            629201.4942273241,
            5220708.414742688
          ],
          [
            629202.389962352,
            5220708.874842528
          ],
          [
            629203.2856973794,
            5220709.334942368
          ],
          [
            629204.1814324072,
            5220709.795042208
          ],
          [
            629205.0771674351,
            5220710.255142049
          ],
          [
            629205.9729024626,
            5220710.715241889
          ],
          [
            629206.8686374904,
            5220711.175341729
          ],
          [
            629207.7643725183,
            5220711.63544157
          ],
          [
            629208.6601075457,
            5220712.095541409
          ],
          [
            629209.5558425735,
            5220712.55564125
          ],
          [
            629210.4515776014,
            5220713.01574109
          ],
          [
            629211.3473126289,
            5220713.475840931
          ],
          [
            629212.2430476567,
            5220713.93594077
          ],
          [
            629213.1387826846,
            5220714.396040611
          ],
          [
            629214.034517712,
            5220714.8561404515
          ],
          [
            629214.9302527399,
            5220715.316240291
          ],
          [
            629215.8259877678,
            5220715.776340132
          ],
          [
            629216.7217227953,
            5220716.236439972
          ],
          [
            629217.6174578231,
            5220716.696539812
          ],
          [
            629218.5131928509,
            5220717.156639652
          ],
          [
            629219.4089278784,
            5220717.616739493
          ],
          [
            629220.3046629062,
            5220718.076839333
          ],
          [
            629221.2003979341,
            5220718.536939173
          ],
          [
            629222.0961329616,
            5220718.997039014
          ],
          [
            629222.9918679892,
            5220719.457138854
          ],
          [
            629223.8094586546,
            5220720.044963005
          ],
          [
            629224.62704932,
            5220720.632787156
          ],
          [
            629225.4446399856,
            5220721.220611307
          ],
          [
            629226.262230651,
            5220721.808435458
          ],
          [
            629227.0798213164,
            5220722.396259609
          ],
          [
            629227.8974119818,
            5220722.984083759
          ],
          [
            629228.7150026474,
            5220723.57190791
          ],
          [
            629229.5325933128,
            5220724.1597320605
          ],
          [
            629230.3501839782,
            5220724.747556211
          ],
          [
            629231.1677746436,
            5220725.335380362
          ],
          [
            629231.9853653092,
            5220725.923204513
          ],
          [
            629232.8029559746,
            5220726.511028664
          ],
          [
            629233.62054664,
            5220727.098852815
          ],
          [
            629234.4381373054,
            5220727.686676966
          ],
          [
            629235.2557279709,
            5220728.274501117
          ],
          [
            629236.0733186364,
            5220728.862325268
          ],
          [
            629236.8909093018,
            5220729.450149419
          ],
          [
            629237.7084999672,
            5220730.037973569
          ],
          [
            629238.5260906327,
            5220730.62579772
          ],
          [
            629239.3436812982,
            5220731.213621871
          ],
          [
            629240.1612719636,
            5220731.801446022
          ],
          [
            629240.978862629,
            5220732.389270172
          ],
          [
            629241.7964532945,
            5220732.977094323
          ],
          [
            629242.6140439599,
            5220733.564918474
          ],
          [
            629243.4316346254,
            5220734.152742625
          ],
          [
            629244.2492252908,
            5220734.740566776
          ],
          [
            629245.0668159563,
            5220735.328390927
          ],
          [
            629245.8844066217,
            5220735.916215078
          ],
          [
            629246.7019972872,
            5220736.504039229
          ],
          [
            629247.5195879526,
            5220737.091863379
          ],
          [
            629248.3371786181,
            5220737.67968753
          ],
          [
            629249.1547692835,
            5220738.267511681
          ],
          [
            629249.972359949,
            5220738.855335832
          ],
          [
            629250.7899506144,
            5220739.443159983
          ],
          [
            629251.6075412799,
            5220740.0309841335
          ],
          [
            629252.446913386,
            5220740.575118919
          ],
          [
            629253.2862854921,
            5220741.119253704
          ],
          [
            629254.1256575983,
            5220741.66338849
          ],
          [
            629254.9650297045,
            5220742.207523275
          ],
          [
            629255.8044018106,
            5220742.751658061
          ],
          [
            629256.6437739168,
            5220743.295792846
          ],
          [
            629257.4831460229,
            5220743.839927631
          ],
          [
            629258.322518129,
            5220744.384062417
          ],
          [
            629259.1618902353,
            5220744.928197202
          ],
          [
            629260.0012623414,
            5220745.472331988
          ],
          [
            629260.8406344475,
            5220746.016466773
          ],
          [
            629261.6800065537,
            5220746.560601559
          ],
          [
            629262.5193786598,
            5220747.104736344
          ],
          [
            629263.3587507659,
            5220747.648871129
          ],
          [
            629264.198122872,
            5220748.193005915
          ],
          [
            629265.0374949783,
            5220748.7371407
          ],
          [
            629265.8768670844,
            5220749.281275486
          ],
          [
            629266.7162391905,
            5220749.825410271
          ],
          [
            629267.5556112967,
            5220750.3695450565
          ],
          [
            629268.3949834028,
            5220750.913679842
          ],
          [
            629269.234355509,
            5220751.457814627
          ],
          [
            629270.0737276152,
            5220752.001949413
          ],
          [
            629270.9130997213,
            5220752.546084198
          ],
          [
            629271.7524718274,
            5220753.090218984
          ],
          [
            629272.7513567777,
            5220752.926812694
          ],
          [
            629273.750241728,
            5220752.763406406
          ],
          [
            629274.7491266783,
            5220752.600000117
          ],
          [
            629275.7480116287,
            5220752.436593828
          ],
          [
            629276.746896579,
            5220752.27318754
          ],
          [
            629277.7457815293,
            5220752.10978125
          ],
          [
            629278.7446664796,
            5220751.946374961
          ],
          [
            629279.74355143,
            5220751.782968672
          ],
          [
            629280.7424363802,
            5220751.619562384
          ],
          [
            629281.7413213307,
            5220751.456156095
          ],
          [
            629282.740206281,
            5220751.292749805
          ],
          [
            629283.7390912313,
            5220751.129343517
          ],
          [
            629284.7379761814,
            5220750.965937228
          ],
          [
            629285.4168484928,
            5220750.230278652
          ],
          [
            629286.095720804,
            5220749.494620076
          ],
          [
            629286.7745931152,
            5220748.758961501
          ],
          [
            629287.4534654263,
            5220748.023302926
          ],
          [
            629288.1323377376,
            5220747.28764435
          ],
          [
            629288.8112100487,
            5220746.551985774
          ],
          [
            629289.49008236,
            5220745.816327198
          ],
          [
            629290.1689546711,
            5220745.080668623
          ],
          [
            629290.8478269824,
            5220744.345010048
          ],
          [
            629291.5266992936,
            5220743.609351472
          ],
          [
            629292.2055716048,
            5220742.873692896
          ],
          [
            629292.884443916,
            5220742.13803432
          ],
          [
            629293.5633162272,
            5220741.402375745
          ],
          [
            629294.2421885384,
            5220740.666717169
          ],
          [
            629294.9210608496,
            5220739.931058593
          ],
          [
            629295.5999331608,
            5220739.195400018
          ],
          [
            629296.278805472,
            5220738.459741442
          ],
          [
            629296.9576777832,
            5220737.724082867
          ],
          [
            629296.278805472,
            5220738.459741442
          ],
          [
            629295.5999331608,
            5220739.195400018
          ],
          [
            629294.9210608496,
            5220739.931058593
          ],
          [
            629294.2421885384,
            5220740.666717169
          ],
          [
            629293.5633162272,
            5220741.402375745
          ],
          [
            629292.884443916,
            5220742.13803432
          ],
          [
            629292.2055716048,
            5220742.873692896
          ],
          [
            629291.5266992936,
            5220743.609351472
          ],
          [
            629290.8478269824,
            5220744.345010048
          ],
          [
            629290.1689546711,
            5220745.080668623
          ],
          [
            629289.49008236,
            5220745.816327198
          ],
          [
            629288.8112100487,
            5220746.551985774
          ],
          [
            629288.1323377376,
            5220747.28764435
          ],
          [
            629287.4534654263,
            5220748.023302926
          ],
          [
            629286.7745931152,
            5220748.758961501
          ],
          [
            629286.095720804,
            5220749.494620076
          ],
          [
            629285.4168484928,
            5220750.230278652
          ],
          [
            629284.7379761814,
            5220750.965937228
          ],
          [
            629283.7390912313,
            5220751.129343517
          ],
          [
            629282.740206281,
            5220751.292749805
          ],
          [
            629281.7413213307,
            5220751.456156095
          ],
          [
            629280.7424363802,
            5220751.619562384
          ],
          [
            629279.74355143,
            5220751.782968672
          ],
          [
            629278.7446664796,
            5220751.946374961
          ],
          [
            629277.7457815293,
            5220752.10978125
          ],
          [
            629276.746896579,
            5220752.27318754
          ],
          [
            629275.7480116287,
            5220752.436593828
          ],
          [
            629274.7491266783,
            5220752.600000117
          ],
          [
            629273.750241728,
            5220752.763406406
          ],
          [
            629272.7513567777,
            5220752.926812694
          ],
          [
            629271.7524718274,
            5220753.090218984
          ],
          [
            629270.9130997213,
            5220752.546084198
          ],
          [
            629270.0737276152,
            5220752.001949413
          ],
          [
            629269.234355509,
            5220751.457814627
          ],
          [
            629268.3949834028,
            5220750.913679842
          ],
          [
            629267.5556112967,
            5220750.3695450565
          ],
          [
            629266.7162391905,
            5220749.825410271
          ],
          [
            629265.8768670844,
            5220749.281275486
          ],
          [
            629265.0374949783,
            5220748.7371407
          ],
          [
            629264.198122872,
            5220748.193005915
          ],
          [
            629263.3587507659,
            5220747.648871129
          ],
          [
            629262.5193786598,
            5220747.104736344
          ],
          [
            629261.6800065537,
            5220746.560601559
          ],
          [
            629260.8406344475,
            5220746.016466773
          ],
          [
            629260.0012623414,
            5220745.472331988
          ],
          [
            629259.1618902353,
            5220744.928197202
          ],
          [
            629258.322518129,
            5220744.384062417
          ],
          [
            629257.4831460229,
            5220743.839927631
          ],
          [
            629256.6437739168,
            5220743.295792846
          ],
          [
            629255.8044018106,
            5220742.751658061
          ],
          [
            629254.9650297045,
            5220742.207523275
          ],
          [
            629254.1256575983,
            5220741.66338849
          ],
          [
            629253.2862854921,
            5220741.119253704
          ],
          [
            629252.446913386,
            5220740.575118919
          ],
          [
            629251.6075412799,
            5220740.0309841335
          ],
          [
            629250.7899506144,
            5220739.443159983
          ],
          [
            629249.972359949,
            5220738.855335832
          ],
          [
            629249.1547692835,
            5220738.267511681
          ],
          [
            629248.3371786181,
            5220737.67968753
          ],
          [
            629247.5195879526,
            5220737.091863379
          ],
          [
            629246.7019972872,
            5220736.504039229
          ],
          [
            629245.8844066217,
            5220735.916215078
          ],
          [
            629245.0668159563,
            5220735.328390927
          ],
          [
            629244.2492252908,
            5220734.740566776
          ],
          [
            629243.4316346254,
            5220734.152742625
          ],
          [
            629242.6140439599,
            5220733.564918474
          ],
          [
            629241.7964532945,
            5220732.977094323
          ],
          [
            629240.978862629,
            5220732.389270172
          ],
          [
            629240.1612719636,
            5220731.801446022
          ],
          [
            629239.3436812982,
            5220731.213621871
          ],
          [
            629238.5260906327,
            5220730.62579772
          ],
          [
            629237.7084999672,
            5220730.037973569
          ],
          [
            629236.8909093018,
            5220729.450149419
          ],
          [
            629236.0733186364,
            5220728.862325268
          ],
          [
            629235.2557279709,
            5220728.274501117
          ],
          [
            629234.4381373054,
            5220727.686676966
          ],
          [
            629233.62054664,
            5220727.098852815
          ],
          [
            629232.8029559746,
            5220726.511028664
          ],
          [
            629231.9853653092,
            5220725.923204513
          ],
          [
            629231.1677746436,
            5220725.335380362
          ],
          [
            629230.3501839782,
            5220724.747556211
          ],
          [
            629229.5325933128,
            5220724.1597320605
          ],
          [
            629228.7150026474,
            5220723.57190791
          ],
          [
            629227.8974119818,
            5220722.984083759
          ],
          [
            629227.0798213164,
            5220722.396259609
          ],
          [
            629226.262230651,
            5220721.808435458
          ],
          [
            629225.4446399856,
            5220721.220611307
          ],
          [
            629224.62704932,
            5220720.632787156
          ],
          [
            629223.8094586546,
            5220720.044963005
          ],
          [
            629222.9918679892,
            5220719.457138854
          ],
          [
            629222.1020731966,
            5220719.000090253
          ],
          [
            629221.212278404,
            5220718.54304165
          ],
          [
            629220.3224836114,
            5220718.085993049
          ],
          [
            629219.4326888188,
            5220717.628944447
          ],
          [
            629218.5428940261,
            5220717.171895846
          ],
          [
            629217.6530992336,
            5220716.714847243
          ],
          [
            629216.763304441,
            5220716.257798642
          ],
          [
            629215.8735096484,
            5220715.80075004
          ],
          [
            629214.9837148557,
            5220715.343701439
          ],
          [
            629214.0939200632,
            5220714.886652837
          ],
          [
            629213.2041252706,
            5220714.429604235
          ],
          [
            629212.314330478,
            5220713.972555634
          ],
          [
            629211.4245356855,
            5220713.515507031
          ],
          [
            629210.5347408928,
            5220713.05845843
          ],
          [
            629209.6449461002,
            5220712.601409828
          ],
          [
            629208.7551513076,
            5220712.144361227
          ],
          [
            629207.865356515,
            5220711.687312624
          ],
          [
            629206.9755617224,
            5220711.230264023
          ],
          [
            629206.046886765,
            5220710.816927612
          ],
          [
            629205.1182118078,
            5220710.403591201
          ],
          [
            629204.1895368504,
            5220709.9902547905
          ],
          [
            629203.2608618932,
            5220709.576918379
          ],
          [
            629202.3321869358,
            5220709.163581968
          ],
          [
            629201.4035119785,
            5220708.750245557
          ],
          [
            629200.4748370212,
            5220708.336909146
          ],
          [
            629199.5461620638,
            5220707.923572736
          ],
          [
            629198.6174871066,
            5220707.510236325
          ],
          [
            629197.6888121492,
            5220707.096899914
          ],
          [
            629196.760137192,
            5220706.6835635025
          ],
          [
            629195.8314622346,
            5220706.270227091
          ],
          [
            629194.9027872772,
            5220705.856890681
          ],
          [
            629193.97411232,
            5220705.44355427
          ],
          [
            629193.0454373626,
            5220705.030217859
          ],
          [
            629192.1167624054,
            5220704.616881448
          ],
          [
            629191.188087448,
            5220704.203545038
          ],
          [
            629190.2594124906,
            5220703.790208627
          ],
          [
            629189.3307375334,
            5220703.376872215
          ],
          [
            629188.402062576,
            5220702.963535804
          ],
          [
            629187.4733876188,
            5220702.550199393
          ],
          [
            629186.5447126614,
            5220702.136862983
          ],
          [
            629185.616037704,
            5220701.723526572
          ],
          [
            629184.6873627468,
            5220701.310190161
          ],
          [
            629183.7586877894,
            5220700.89685375
          ],
          [
            629182.8300128322,
            5220700.4835173385
          ],
          [
            629181.9013378748,
            5220700.070180928
          ],
          [
            629180.9726629176,
            5220699.656844517
          ],
          [
            629180.0439879602,
            5220699.243508106
          ],
          [
            629179.1153130028,
            5220698.830171695
          ],
          [
            629178.1866380456,
            5220698.416835284
          ],
          [
            629177.2579630882,
            5220698.003498874
          ],
          [
            629176.329288131,
            5220697.590162463
          ],
          [
            629175.4006131736,
            5220697.176826051
          ],
          [
            629174.483611308,
            5220696.7771564685
          ],
          [
            629173.5666094422,
            5220696.377486885
          ],
          [
            629172.6496075768,
            5220695.977817302
          ],
          [
            629171.7326057112,
            5220695.578147719
          ],
          [
            629170.8156038453,
            5220695.178478136
          ],
          [
            629169.8986019798,
            5220694.778808552
          ],
          [
            629168.7981303922,
            5220694.842769026
          ],
          [
            629167.6976588045,
            5220694.9067295
          ],
          [
            629166.5971872167,
            5220694.970689974
          ],
          [
            629165.496715629,
            5220695.034650447
          ],
          [
            629164.3962440413,
            5220695.098610921
          ],
          [
            629163.2957724535,
            5220695.162571395
          ],
          [
            629162.1953008658,
            5220695.226531869
          ],
          [
            629161.0948292781,
            5220695.290492343
          ],
          [
            629160.7519145217,
            5220696.245013192
          ],
          [
            629160.4089997652,
            5220697.199534041
          ],
          [
            629160.0660850088,
            5220698.15405489
          ],
          [
            629159.7231702524,
            5220699.108575739
          ],
          [
            629159.3802554959,
            5220700.0630965885
          ],
          [
            629159.0373407395,
            5220701.017617438
          ],
          [
            629158.694425983,
            5220701.972138287
          ],
          [
            629158.3515112266,
            5220702.926659136
          ],
          [
            629158.0085964702,
            5220703.881179985
          ],
          [
            629157.6656817137,
            5220704.835700834
          ],
          [
            629157.3227669573,
            5220705.790221684
          ],
          [
            629156.979852201,
            5220706.744742532
          ],
          [
            629156.6369374444,
            5220707.699263382
          ],
          [
            629156.2940226881,
            5220708.65378423
          ],
          [
            629155.9511079316,
            5220709.60830508
          ],
          [
            629155.6081931752,
            5220710.562825929
          ],
          [
            629155.2652784188,
            5220711.517346778
          ],
          [
            629154.9223636623,
            5220712.471867627
          ],
          [
            629154.5794489059,
            5220713.426388476
          ],
          [
            629154.2365341495,
            5220714.380909326
          ],
          [
            629153.893619393,
            5220715.335430175
          ],
          [
            629153.5507046366,
            5220716.289951024
          ],
          [
            629153.2077898802,
            5220717.244471873
          ],
          [
            629152.8648751237,
            5220718.198992723
          ],
          [
            629152.5219603673,
            5220719.153513571
          ],
          [
            629152.1790456108,
            5220720.108034421
          ],
          [
            629151.8361308544,
            5220721.062555269
          ],
          [
            629151.493216098,
            5220722.017076119
          ],
          [
            629151.1503013415,
            5220722.971596968
          ],
          [
            629150.8073865852,
            5220723.926117817
          ],
          [
            629150.4644718288,
            5220724.880638666
          ],
          [
            629150.1215570723,
            5220725.835159515
          ],
          [
            629149.7786423159,
            5220726.789680365
          ],
          [
            629149.4357275594,
            5220727.744201214
          ],
          [
            629149.092812803,
            5220728.698722063
          ],
          [
            629148.7498980466,
            5220729.653242912
          ],
          [
            629148.4069832901,
            5220730.607763761
          ],
          [
            629148.0640685337,
            5220731.56228461
          ],
          [
            629147.7201342479,
            5220732.501612777
          ],
          [
            629147.3761999621,
            5220733.440940944
          ],
          [
            629147.0322656763,
            5220734.38026911
          ],
          [
            629146.6883313907,
            5220735.319597276
          ],
          [
            629146.3443971049,
            5220736.258925443
          ],
          [
            629146.0004628191,
            5220737.198253609
          ],
          [
            629145.6565285333,
            5220738.137581776
          ],
          [
            629145.3125942476,
            5220739.076909943
          ],
          [
            629144.9686599621,
            5220740.016238108
          ],
          [
            629144.6247256763,
            5220740.955566275
          ],
          [
            629144.2807913905,
            5220741.894894442
          ],
          [
            629143.9368571047,
            5220742.834222608
          ],
          [
            629143.5929228188,
            5220743.773550775
          ],
          [
            629143.248988533,
            5220744.712878942
          ],
          [
            629142.9050542472,
            5220745.652207108
          ],
          [
            629142.5611199618,
            5220746.591535274
          ],
          [
            629142.217185676,
            5220747.530863441
          ],
          [
            629141.8732513902,
            5220748.470191607
          ],
          [
            629141.5293171044,
            5220749.409519774
          ],
          [
            629141.1853828186,
            5220750.348847941
          ],
          [
            629140.841448533,
            5220751.288176106
          ],
          [
            629140.4975142473,
            5220752.227504273
          ],
          [
            629140.1535799615,
            5220753.16683244
          ],
          [
            629139.8096456757,
            5220754.106160606
          ],
          [
            629139.4657113899,
            5220755.045488773
          ],
          [
            629139.1217771041,
            5220755.98481694
          ],
          [
            629138.7778428183,
            5220756.924145106
          ],
          [
            629138.4339085328,
            5220757.863473272
          ],
          [
            629138.089974247,
            5220758.802801439
          ],
          [
            629137.7460399612,
            5220759.742129605
          ],
          [
            629137.4021056754,
            5220760.681457772
          ],
          [
            629137.0581713896,
            5220761.620785939
          ],
          [
            629136.7142371042,
            5220762.560114104
          ],
          [
            629136.3703028184,
            5220763.499442271
          ],
          [
            629136.0263685326,
            5220764.438770438
          ],
          [
            629135.6824342468,
            5220765.378098604
          ],
          [
            629135.3385193349,
            5220766.317373858
          ],
          [
            629134.9946044232,
            5220767.256649112
          ],
          [
            629134.6506895113,
            5220768.195924366
          ],
          [
            629134.3067745992,
            5220769.13519962
          ],
          [
            629133.9628596874,
            5220770.074474874
          ],
          [
            629133.6189447755,
            5220771.013750128
          ],
          [
            629133.2750298638,
            5220771.953025382
          ],
          [
            629132.931114952,
            5220772.892300636
          ],
          [
            629132.5872000399,
            5220773.83157589
          ],
          [
            629132.2616803224,
            5220774.778332125
          ],
          [
            629131.9380855853,
            5220775.724674799
          ],
          [
            629131.6144908482,
            5220776.671017471
          ],
          [
            629131.2806153008,
            5220777.647426051
          ],
          [
            629130.9467397532,
            5220778.623834631
          ],
          [
            629130.6128642057,
            5220779.600243213
          ],
          [
            629130.2789886583,
            5220780.576651793
          ],
          [
            629129.9451131108,
            5220781.553060373
          ],
          [
            629129.6112375633,
            5220782.529468954
          ],
          [
            629129.2773620159,
            5220783.505877535
          ],
          [
            629128.9434864684,
            5220784.482286115
          ],
          [
            629128.609610921,
            5220785.4586946955
          ],
          [
            629128.2757353735,
            5220786.435103276
          ],
          [
            629127.9651912407,
            5220787.419489858
          ],
          [
            629128.3593311529,
            5220786.500097707
          ],
          [
            629128.7534710652,
            5220785.580705556
          ],
          [
            629129.1476109775,
            5220784.661313405
          ],
          [
            629129.5417508896,
            5220783.741921255
          ],
          [
            629129.935890802,
            5220782.822529105
          ],
          [
            629130.3300307142,
            5220781.903136954
          ],
          [
            629131.8124695963,
            5220781.954883644
          ],
          [
            629133.2949084785,
            5220782.006630336
          ],
          [
            629134.2349798159,
            5220781.661626641
          ],
          [
            629135.1750511532,
            5220781.316622946
          ],
          [
            629136.1151224906,
            5220780.971619251
          ],
          [
            629137.0551938278,
            5220780.626615557
          ],
          [
            629137.9952651652,
            5220780.281611862
          ],
          [
            629138.9353365025,
            5220779.936608167
          ],
          [
            629139.8754078398,
            5220779.591604472
          ],
          [
            629140.6027645777,
            5220778.733550314
          ],
          [
            629141.3301213154,
            5220777.875496155
          ],
          [
            629142.0574780533,
            5220777.017441995
          ],
          [
            629142.784834791,
            5220776.159387837
          ],
          [
            629143.5121915288,
            5220775.301333679
          ],
          [
            629144.2395482666,
            5220774.44327952
          ],
          [
            629144.9669050043,
            5220773.5852253605
          ],
          [
            629145.6942617422,
            5220772.727171202
          ],
          [
            629146.8674895273,
            5220772.837540893
          ],
          [
            629148.0407173124,
            5220772.9479105845
          ],
          [
            629149.2139450975,
            5220773.058280276
          ],
          [
            629150.3871728827,
            5220773.168649967
          ],
          [
            629150.9160689915,
            5220772.193632683
          ],
          [
            629151.4449651004,
            5220771.218615399
          ],
          [
            629151.9738612091,
            5220770.243598115
          ],
          [
            629152.5027573181,
            5220769.268580831
          ],
          [
            629152.5793271201,
            5220770.352133026
          ],
          [
            629152.6558969222,
            5220771.435685222
          ],
          [
            629152.7324667245,
            5220772.519237417
          ],
          [
            629152.8090365266,
            5220773.6027896125
          ],
          [
            629152.8856063287,
            5220774.686341808
          ],
          [
            629152.8090365266,
            5220773.6027896125
          ],
          [
            629152.7324667245,
            5220772.519237417
          ],
          [
            629152.6558969222,
            5220771.435685222
          ],
          [
            629152.5793271201,
            5220770.352133026
          ],
          [
            629152.5027573181,
            5220769.268580831
          ],
          [
            629151.9738612091,
            5220770.243598115
          ],
          [
            629151.4449651004,
            5220771.218615399
          ],
          [
            629150.9160689915,
            5220772.193632683
          ],
          [
            629150.3871728827,
            5220773.168649967
          ],
          [
            629149.2139450975,
            5220773.058280276
          ],
          [
            629148.0407173124,
            5220772.9479105845
          ],
          [
            629146.8674895273,
            5220772.837540893
          ],
          [
            629145.6942617422,
            5220772.727171202
          ],
          [
            629144.9669050043,
            5220773.5852253605
          ],
          [
            629144.2395482666,
            5220774.44327952
          ],
          [
            629143.5121915288,
            5220775.301333679
          ],
          [
            629142.784834791,
            5220776.159387837
          ],
          [
            629142.0574780533,
            5220777.017441995
          ],
          [
            629141.3301213154,
            5220777.875496155
          ],
          [
            629140.6027645777,
            5220778.733550314
          ],
          [
            629139.8754078398,
            5220779.591604472
          ],
          [
            629138.9353365025,
            5220779.936608167
          ],
          [
            629137.9952651652,
            5220780.281611862
          ],
          [
            629137.0551938278,
            5220780.626615557
          ],
          [
            629136.1151224906,
            5220780.971619251
          ],
          [
            629135.1750511532,
            5220781.316622946
          ],
          [
            629134.2349798159,
            5220781.661626641
          ],
          [
            629133.2949084785,
            5220782.006630336
          ],
          [
            629131.8124695963,
            5220781.954883644
          ],
          [
            629130.3300307142,
            5220781.903136954
          ],
          [
            629129.935890802,
            5220782.822529105
          ],
          [
            629129.5417508896,
            5220783.741921255
          ],
          [
            629129.1476109775,
            5220784.661313405
          ],
          [
            629128.7534710652,
            5220785.580705556
          ],
          [
            629128.3593311529,
            5220786.500097707
          ],
          [
            629127.9651912407,
            5220787.419489858
          ],
          [
            629128.2757353735,
            5220786.435103276
          ],
          [
            629128.609610921,
            5220785.4586946955
          ],
          [
            629128.9434864684,
            5220784.482286115
          ],
          [
            629129.2773620159,
            5220783.505877535
          ],
          [
            629129.6112375633,
            5220782.529468954
          ],
          [
            629129.9451131108,
            5220781.553060373
          ],
          [
            629130.2789886583,
            5220780.576651793
          ],
          [
            629130.6128642057,
            5220779.600243213
          ],
          [
            629130.9467397532,
            5220778.623834631
          ],
          [
            629131.2806153008,
            5220777.647426051
          ],
          [
            629131.6144908482,
            5220776.671017471
          ],
          [
            629131.9380855853,
            5220775.724674799
          ],
          [
            629132.2616803224,
            5220774.778332125
          ],
          [
            629132.5872000399,
            5220773.83157589
          ],
          [
            629132.931114952,
            5220772.892300636
          ],
          [
            629133.2750298638,
            5220771.953025382
          ],
          [
            629133.6189447755,
            5220771.013750128
          ],
          [
            629133.9628596874,
            5220770.074474874
          ],
          [
            629134.3067745992,
            5220769.13519962
          ],
          [
            629134.6506895113,
            5220768.195924366
          ],
          [
            629134.9946044232,
            5220767.256649112
          ],
          [
            629135.3385193349,
            5220766.317373858
          ],
          [
            629135.6824342468,
            5220765.378098604
          ],
          [
            629136.0263685326,
            5220764.438770438
          ],
          [
            629136.3703028184,
            5220763.499442271
          ],
          [
            629136.7142371042,
            5220762.560114104
          ],
          [
            629137.0581713896,
            5220761.620785939
          ],
          [
            629137.4021056754,
            5220760.681457772
          ],
          [
            629137.7460399612,
            5220759.742129605
          ],
          [
            629138.089974247,
            5220758.802801439
          ],
          [
            629138.4339085328,
            5220757.863473272
          ],
          [
            629138.7778428183,
            5220756.924145106
          ],
          [
            629139.1217771041,
            5220755.98481694
          ],
          [
            629139.4657113899,
            5220755.045488773
          ],
          [
            629139.8096456757,
            5220754.106160606
          ],
          [
            629140.1535799615,
            5220753.16683244
          ],
          [
            629140.4975142473,
            5220752.227504273
          ],
          [
            629140.8414485331,
            5220751.288176106
          ],
          [
            629141.1853828186,
            5220750.348847941
          ],
          [
            629141.5293171044,
            5220749.409519774
          ],
          [
            629141.8732513902,
            5220748.470191607
          ],
          [
            629142.217185676,
            5220747.530863441
          ],
          [
            629142.5611199618,
            5220746.591535274
          ],
          [
            629142.9050542474,
            5220745.652207108
          ],
          [
            629143.248988533,
            5220744.712878942
          ],
          [
            629143.5929228188,
            5220743.773550775
          ],
          [
            629143.9368571047,
            5220742.834222608
          ],
          [
            629144.2807913905,
            5220741.894894442
          ],
          [
            629144.6247256763,
            5220740.955566275
          ],
          [
            629144.9686599621,
            5220740.016238108
          ],
          [
            629145.3125942476,
            5220739.076909943
          ],
          [
            629145.6565285333,
            5220738.137581776
          ],
          [
            629146.0004628191,
            5220737.198253609
          ],
          [
            629146.3443971049,
            5220736.258925443
          ],
          [
            629146.6883313907,
            5220735.319597276
          ],
          [
            629147.0322656763,
            5220734.38026911
          ],
          [
            629147.3761999621,
            5220733.440940944
          ],
          [
            629147.7201342479,
            5220732.501612777
          ],
          [
            629148.0640685337,
            5220731.56228461
          ],
          [
            629148.4069832901,
            5220730.607763761
          ],
          [
            629148.7498980466,
            5220729.653242912
          ],
          [
            629149.092812803,
            5220728.698722063
          ],
          [
            629149.4357275594,
            5220727.744201214
          ],
          [
            629149.7786423159,
            5220726.789680365
          ],
          [
            629150.1215570723,
            5220725.835159515
          ],
          [
            629150.4644718288,
            5220724.880638666
          ],
          [
            629150.8073865852,
            5220723.926117817
          ],
          [
            629151.1503013415,
            5220722.971596968
          ],
          [
            629151.493216098,
            5220722.017076119
          ],
          [
            629151.8361308544,
            5220721.062555269
          ],
          [
            629152.1790456108,
            5220720.108034421
          ],
          [
            629152.5219603673,
            5220719.153513571
          ],
          [
            629152.8648751237,
            5220718.198992723
          ],
          [
            629153.2077898802,
            5220717.244471873
          ],
          [
            629153.5507046366,
            5220716.289951024
          ],
          [
            629153.893619393,
            5220715.335430175
          ],
          [
            629154.2365341495,
            5220714.380909326
          ],
          [
            629154.5794489059,
            5220713.426388476
          ],
          [
            629154.9223636623,
            5220712.471867627
          ],
          [
            629155.2652784188,
            5220711.517346778
          ],
          [
            629155.6081931752,
            5220710.562825929
          ],
          [
            629155.9511079316,
            5220709.60830508
          ],
          [
            629156.2940226881,
            5220708.65378423
          ],
          [
            629156.6369374444,
            5220707.699263382
          ],
          [
            629156.979852201,
            5220706.744742532
          ],
          [
            629157.3227669573,
            5220705.790221684
          ],
          [
            629157.6656817137,
            5220704.835700834
          ],
          [
            629158.0085964702,
            5220703.881179985
          ],
          [
            629158.3515112266,
            5220702.926659136
          ],
          [
            629158.694425983,
            5220701.972138287
          ],
          [
            629159.0373407395,
            5220701.017617438
          ],
          [
            629159.3802554959,
            5220700.0630965885
          ],
          [
            629159.7231702524,
            5220699.108575739
          ],
          [
            629160.0660850088,
            5220698.15405489
          ],
          [
            629160.4089997652,
            5220697.199534041
          ],
          [
            629160.7519145217,
            5220696.245013192
          ],
          [
            629161.0948292781,
            5220695.290492343
          ],
          [
            629162.1953008658,
            5220695.226531869
          ],
          [
            629163.2957724535,
            5220695.162571395
          ],
          [
            629164.3962440413,
            5220695.098610921
          ],
          [
            629165.496715629,
            5220695.034650447
          ],
          [
            629166.5971872167,
            5220694.970689974
          ],
          [
            629167.6976588045,
            5220694.9067295
          ],
          [
            629168.7981303922,
            5220694.842769026
          ],
          [
            629169.8986019798,
            5220694.778808552
          ],
          [
            629170.7211534804,
            5220695.494951913
          ],
          [
            629171.5437049808,
            5220696.211095274
          ],
          [
            629172.3662564812,
            5220696.927238636
          ],
          [
            629173.1888079816,
            5220697.643381997
          ],
          [
            629174.011359482,
            5220698.359525357
          ],
          [
            629174.8339109824,
            5220699.075668719
          ],
          [
            629175.6564624828,
            5220699.79181208
          ],
          [
            629176.4790139832,
            5220700.507955441
          ],
          [
            629177.3015654836,
            5220701.224098803
          ],
          [
            629178.3613712782,
            5220701.3440804025
          ],
          [
            629179.4211770728,
            5220701.4640620025
          ],
          [
            629180.4809828673,
            5220701.5840436015
          ],
          [
            629181.5407886619,
            5220701.7040252015
          ],
          [
            629182.6005944565,
            5220701.8240068015
          ],
          [
            629183.6604002512,
            5220701.943988401
          ],
          [
            629184.7202060458,
            5220702.063970001
          ],
          [
            629185.7800118404,
            5220702.183951601
          ],
          [
            629186.839817635,
            5220702.303933201
          ],
          [
            629187.8996234295,
            5220702.4239148
          ],
          [
            629188.9594292241,
            5220702.5438964
          ],
          [
            629190.0192350188,
            5220702.663878
          ],
          [
            629190.1458223156,
            5220701.64520041
          ],
          [
            629190.2724096125,
            5220700.6265228195
          ],
          [
            629190.3989969094,
            5220699.607845229
          ],
          [
            629190.5255842062,
            5220698.589167639
          ],
          [
            629190.6521715032,
            5220697.570490048
          ],
          [
            629190.7787588,
            5220696.551812458
          ],
          [
            629190.9053460968,
            5220695.533134867
          ],
          [
            629191.0319333938,
            5220694.514457277
          ],
          [
            629191.1585206906,
            5220693.495779687
          ],
          [
            629191.2851079876,
            5220692.477102096
          ],
          [
            629191.4116952844,
            5220691.458424506
          ],
          [
            629191.5382825813,
            5220690.439746915
          ],
          [
            629191.6648698782,
            5220689.421069325
          ],
          [
            629191.791457175,
            5220688.4023917345
          ],
          [
            629191.9180444719,
            5220687.383714144
          ],
          [
            629192.0446317688,
            5220686.365036554
          ],
          [
            629192.1712190657,
            5220685.346358963
          ],
          [
            629192.4235832887,
            5220684.362040267
          ],
          [
            629192.6759475118,
            5220683.377721572
          ],
          [
            629192.9283117348,
            5220682.393402876
          ],
          [
            629193.1806759578,
            5220681.409084181
          ],
          [
            629193.433040181,
            5220680.424765485
          ],
          [
            629193.685404404,
            5220679.440446789
          ],
          [
            629193.937768627,
            5220678.456128094
          ],
          [
            629194.1901328501,
            5220677.471809398
          ],
          [
            629194.4424970731,
            5220676.487490703
          ],
          [
            629194.6948612961,
            5220675.503172007
          ],
          [
            629194.9472255191,
            5220674.518853311
          ],
          [
            629195.1995897422,
            5220673.534534616
          ],
          [
            629195.4519539652,
            5220672.55021592
          ],
          [
            629195.7043181882,
            5220671.565897225
          ],
          [
            629195.9566824114,
            5220670.581578529
          ],
          [
            629196.2090466344,
            5220669.5972598335
          ],
          [
            629196.4614108574,
            5220668.612941138
          ],
          [
            629196.7137750805,
            5220667.6286224425
          ],
          [
            629196.9661393035,
            5220666.6443037465
          ],
          [
            629197.2185035265,
            5220665.6599850515
          ],
          [
            629197.4708677497,
            5220664.6756663555
          ],
          [
            629197.7232319727,
            5220663.6913476605
          ],
          [
            629197.9755961957,
            5220662.707028965
          ],
          [
            629198.2279604188,
            5220661.722710269
          ],
          [
            629198.4803246418,
            5220660.738391574
          ],
          [
            629198.7326888648,
            5220659.754072878
          ],
          [
            629198.9850530879,
            5220658.769754183
          ],
          [
            629199.237417311,
            5220657.785435487
          ],
          [
            629199.489781534,
            5220656.801116791
          ],
          [
            629199.742145757,
            5220655.816798096
          ],
          [
            629199.9945099801,
            5220654.8324794
          ],
          [
            629200.2468742031,
            5220653.848160705
          ],
          [
            629200.4992384261,
            5220652.863842009
          ],
          [
            629200.7516026492,
            5220651.879523313
          ],
          [
            629201.0039668722,
            5220650.895204618
          ],
          [
            629201.2563310952,
            5220649.910885922
          ],
          [
            629201.5086953184,
            5220648.926567227
          ],
          [
            629201.7610595413,
            5220647.942248531
          ],
          [
            629202.0006471524,
            5220646.967484558
          ],
          [
            629202.2402347638,
            5220645.992720584
          ],
          [
            629202.479822375,
            5220645.017956612
          ],
          [
            629202.7194099862,
            5220644.043192639
          ],
          [
            629202.9589975975,
            5220643.068428665
          ],
          [
            629203.1985852086,
            5220642.093664693
          ],
          [
            629203.4381728198,
            5220641.11890072
          ],
          [
            629203.6777604312,
            5220640.144136746
          ],
          [
            629203.9173480424,
            5220639.169372774
          ],
          [
            629204.1569356534,
            5220638.194608801
          ],
          [
            629204.3965232648,
            5220637.219844827
          ],
          [
            629204.636110876,
            5220636.245080855
          ],
          [
            629204.8756984872,
            5220635.270316882
          ],
          [
            629205.1152860984,
            5220634.295552908
          ],
          [
            629205.3548737096,
            5220633.320788936
          ],
          [
            629205.5944613208,
            5220632.346024963
          ],
          [
            629205.8340489322,
            5220631.371260989
          ],
          [
            629206.0736365434,
            5220630.396497017
          ],
          [
            629206.3132241545,
            5220629.421733044
          ],
          [
            629206.5528117658,
            5220628.4469690705
          ],
          [
            629206.792399377,
            5220627.472205098
          ],
          [
            629207.0319869881,
            5220626.497441125
          ],
          [
            629207.2715745994,
            5220625.5226771515
          ],
          [
            629207.5111622107,
            5220624.547913179
          ],
          [
            629207.7507498218,
            5220623.573149206
          ],
          [
            629207.9903374332,
            5220622.5983852325
          ],
          [
            629208.2299250443,
            5220621.62362126
          ],
          [
            629208.4695126555,
            5220620.648857287
          ],
          [
            629208.7091002668,
            5220619.6740933135
          ],
          [
            629208.948687878,
            5220618.699329341
          ],
          [
            629209.1882754891,
            5220617.724565368
          ],
          [
            629209.4278631004,
            5220616.7498013945
          ],
          [
            629209.6674507117,
            5220615.775037422
          ],
          [
            629209.9070383229,
            5220614.800273449
          ],
          [
            629210.1466259342,
            5220613.825509476
          ],
          [
            629210.3862135453,
            5220612.850745503
          ],
          [
            629210.6258011565,
            5220611.87598153
          ],
          [
            629210.8653887678,
            5220610.901217557
          ],
          [
            629211.104976379,
            5220609.926453584
          ],
          [
            629211.3445639901,
            5220608.951689611
          ],
          [
            629211.5841516014,
            5220607.976925638
          ],
          [
            629211.8237392127,
            5220607.002161665
          ],
          [
            629212.0633268239,
            5220606.027397692
          ],
          [
            629212.302914435,
            5220605.052633719
          ],
          [
            629212.5425020463,
            5220604.077869746
          ],
          [
            629212.7820896575,
            5220603.103105773
          ],
          [
            629213.0216772688,
            5220602.1283418
          ],
          [
            629213.26126488,
            5220601.153577827
          ],
          [
            629213.5008524911,
            5220600.178813854
          ],
          [
            629213.7404401024,
            5220599.204049881
          ],
          [
            629213.9800277136,
            5220598.229285908
          ],
          [
            629214.2196153249,
            5220597.254521935
          ],
          [
            629214.459202936,
            5220596.279757963
          ],
          [
            629214.6987905473,
            5220595.304993989
          ],
          [
            629214.9383781585,
            5220594.330230016
          ],
          [
            629215.1779657697,
            5220593.355466044
          ],
          [
            629215.4175533808,
            5220592.380702071
          ],
          [
            629215.6571409921,
            5220591.405938097
          ],
          [
            629215.8967286034,
            5220590.431174125
          ],
          [
            629216.1363162145,
            5220589.456410152
          ],
          [
            629216.3759038259,
            5220588.481646178
          ],
          [
            629216.615491437,
            5220587.506882206
          ],
          [
            629216.8550790482,
            5220586.532118233
          ],
          [
            629217.0946666594,
            5220585.55735426
          ],
          [
            629217.3342542707,
            5220584.582590287
          ],
          [
            629217.5738418818,
            5220583.607826314
          ],
          [
            629217.8164665197,
            5220582.620706175
          ],
          [
            629218.0590911576,
            5220581.633586037
          ],
          [
            629218.3017157956,
            5220580.646465898
          ],
          [
            629218.5443404336,
            5220579.659345759
          ],
          [
            629218.7869650715,
            5220578.672225621
          ],
          [
            629219.0295897094,
            5220577.685105482
          ],
          [
            629219.2722143473,
            5220576.697985344
          ],
          [
            629219.5148389852,
            5220575.710865205
          ],
          [
            629219.7574636232,
            5220574.723745066
          ],
          [
            629220.0000882611,
            5220573.736624927
          ],
          [
            629220.242712899,
            5220572.749504789
          ],
          [
            629219.4046795601,
            5220573.382456938
          ],
          [
            629218.5666462211,
            5220574.015409087
          ],
          [
            629217.7286128822,
            5220574.648361236
          ],
          [
            629216.8905795432,
            5220575.281313385
          ],
          [
            629216.0525462043,
            5220575.914265534
          ],
          [
            629215.2145128653,
            5220576.547217683
          ],
          [
            629214.3764795264,
            5220577.180169832
          ],
          [
            629213.5384461875,
            5220577.813121982
          ],
          [
            629212.7004128485,
            5220578.446074131
          ],
          [
            629211.8623795096,
            5220579.07902628
          ],
          [
            629211.0243461706,
            5220579.711978429
          ],
          [
            629210.1863128317,
            5220580.344930578
          ],
          [
            629209.3482794927,
            5220580.977882727
          ],
          [
            629208.5102461537,
            5220581.610834876
          ],
          [
            629207.4256655762,
            5220581.768744198
          ],
          [
            629206.3410849986,
            5220581.92665352
          ],
          [
            629205.256504421,
            5220582.084562842
          ],
          [
            629204.1719238434,
            5220582.242472163
          ],
          [
            629203.0873432659,
            5220582.400381485
          ],
          [
            629202.0027626882,
            5220582.5582908075
          ],
          [
            629200.9181821106,
            5220582.716200129
          ],
          [
            629201.5489821008,
            5220581.863616428
          ],
          [
            629202.1797820908,
            5220581.011032728
          ],
          [
            629202.810582081,
            5220580.158449028
          ],
          [
            629203.441382071,
            5220579.305865327
          ],
          [
            629204.0721820612,
            5220578.453281626
          ],
          [
            629204.7029820513,
            5220577.600697925
          ],
          [
            629205.3337820413,
            5220576.7481142245
          ],
          [
            629205.9645820315,
            5220575.895530525
          ],
          [
            629206.5953820215,
            5220575.042946824
          ],
          [
            629207.2261820117,
            5220574.190363123
          ],
          [
            629207.8569820018,
            5220573.337779422
          ],
          [
            629208.4877819918,
            5220572.4851957215
          ],
          [
            629209.118581982,
            5220571.632612022
          ],
          [
            629209.749381972,
            5220570.780028321
          ],
          [
            629210.3801819622,
            5220569.92744462
          ],
          [
            629211.3664350559,
            5220570.209650637
          ],
          [
            629212.3526881495,
            5220570.491856654
          ],
          [
            629213.3389412432,
            5220570.774062671
          ],
          [
            629214.3251943369,
            5220571.056268687
          ],
          [
            629215.3114474306,
            5220571.338474704
          ],
          [
            629216.2977005242,
            5220571.6206807215
          ],
          [
            629217.2839536179,
            5220571.902886738
          ],
          [
            629218.2702067116,
            5220572.185092755
          ],
          [
            629219.2564598053,
            5220572.467298772
          ],
          [
            629220.242712899,
            5220572.749504789
          ],
          [
            629220.3702230531,
            5220571.727976717
          ],
          [
            629220.4977332074,
            5220570.706448646
          ],
          [
            629220.6252433616,
            5220569.684920575
          ],
          [
            629220.7527535157,
            5220568.663392503
          ],
          [
            629220.88026367,
            5220567.641864432
          ],
          [
            629221.0077738242,
            5220566.62033636
          ],
          [
            629221.1352839784,
            5220565.598808289
          ],
          [
            629221.2627941326,
            5220564.577280218
          ],
          [
            629221.3903042867,
            5220563.555752146
          ],
          [
            629221.517814441,
            5220562.534224074
          ],
          [
            629221.6453245952,
            5220561.512696004
          ],
          [
            629221.7728347493,
            5220560.491167932
          ],
          [
            629221.9003449036,
            5220559.46963986
          ],
          [
            629222.0278550577,
            5220558.448111788
          ],
          [
            629222.1553652119,
            5220557.426583718
          ],
          [
            629222.2828753662,
            5220556.405055646
          ],
          [
            629222.4103855203,
            5220555.383527574
          ],
          [
            629222.5378956745,
            5220554.361999503
          ],
          [
            629222.6654058287,
            5220553.340471432
          ],
          [
            629222.7929159829,
            5220552.31894336
          ],
          [
            629222.9204261372,
            5220551.297415289
          ],
          [
            629223.0479362913,
            5220550.275887217
          ],
          [
            629223.1754464455,
            5220549.254359146
          ],
          [
            629223.3029565997,
            5220548.232831075
          ],
          [
            629223.4304667539,
            5220547.211303003
          ],
          [
            629224.3387476833,
            5220546.761931643
          ],
          [
            629225.2470286128,
            5220546.312560283
          ],
          [
            629226.1553095422,
            5220545.8631889215
          ],
          [
            629227.0635904716,
            5220545.413817561
          ],
          [
            629227.971871401,
            5220544.964446201
          ],
          [
            629228.8801523304,
            5220544.515074841
          ],
          [
            629229.7884332598,
            5220544.06570348
          ],
          [
            629230.6967141893,
            5220543.616332119
          ],
          [
            629231.6049951187,
            5220543.166960759
          ],
          [
            629232.5132760481,
            5220542.717589399
          ],
          [
            629233.4215569776,
            5220542.268218039
          ],
          [
            629234.329837907,
            5220541.818846677
          ],
          [
            629235.2381188364,
            5220541.369475317
          ],
          [
            629236.1463997657,
            5220540.920103957
          ],
          [
            629237.0546806952,
            5220540.470732597
          ],
          [
            629237.9629616246,
            5220540.0213612355
          ],
          [
            629238.871242554,
            5220539.571989875
          ],
          [
            629239.7795234835,
            5220539.122618515
          ],
          [
            629240.5785475195,
            5220538.51354098
          ],
          [
            629241.3775715556,
            5220537.904463446
          ],
          [
            629242.1765955917,
            5220537.295385911
          ],
          [
            629242.9756196277,
            5220536.6863083765
          ],
          [
            629243.7746436638,
            5220536.077230841
          ],
          [
            629244.5736676998,
            5220535.468153306
          ],
          [
            629245.3726917359,
            5220534.859075772
          ],
          [
            629246.1717157719,
            5220534.249998237
          ],
          [
            629246.970739808,
            5220533.640920702
          ],
          [
            629247.7697638441,
            5220533.031843168
          ],
          [
            629248.5687878801,
            5220532.422765633
          ],
          [
            629249.3678119162,
            5220531.813688098
          ],
          [
            629250.1668359522,
            5220531.204610563
          ],
          [
            629250.9658599882,
            5220530.595533028
          ],
          [
            629251.7648840244,
            5220529.986455494
          ],
          [
            629252.5639080604,
            5220529.377377959
          ],
          [
            629253.3629320965,
            5220528.768300424
          ],
          [
            629254.1619561325,
            5220528.15922289
          ],
          [
            629254.9609801685,
            5220527.550145355
          ],
          [
            629255.7600042047,
            5220526.94106782
          ],
          [
            629256.5590282407,
            5220526.331990286
          ],
          [
            629257.3580522768,
            5220525.72291275
          ],
          [
            629258.1570763128,
            5220525.113835216
          ],
          [
            629258.9561003488,
            5220524.504757681
          ],
          [
            629259.7551243849,
            5220523.895680146
          ],
          [
            629260.554148421,
            5220523.286602612
          ],
          [
            629261.3531724571,
            5220522.677525077
          ],
          [
            629262.1521964931,
            5220522.068447542
          ],
          [
            629262.9512205292,
            5220521.459370008
          ],
          [
            629263.7502445652,
            5220520.850292472
          ],
          [
            629264.5492686012,
            5220520.2412149375
          ],
          [
            629265.3482926374,
            5220519.632137403
          ],
          [
            629266.1473166734,
            5220519.023059868
          ],
          [
            629266.9463407095,
            5220518.413982334
          ],
          [
            629267.7503453946,
            5220517.815973885
          ],
          [
            629268.5543500797,
            5220517.217965436
          ],
          [
            629269.3583547648,
            5220516.619956988
          ],
          [
            629270.16235945,
            5220516.021948539
          ],
          [
            629270.966364135,
            5220515.42394009
          ],
          [
            629271.7703688203,
            5220514.825931641
          ],
          [
            629272.5743735052,
            5220514.227923193
          ],
          [
            629273.3783781906,
            5220513.629914744
          ],
          [
            629274.1823828755,
            5220513.031906296
          ],
          [
            629274.9863875606,
            5220512.433897847
          ],
          [
            629275.7903922459,
            5220511.835889398
          ],
          [
            629276.5943969308,
            5220511.23788095
          ],
          [
            629277.3984016161,
            5220510.639872501
          ],
          [
            629278.202406301,
            5220510.041864052
          ],
          [
            629279.0064109864,
            5220509.443855603
          ],
          [
            629279.8104156713,
            5220508.845847155
          ],
          [
            629280.6144203567,
            5220508.247838707
          ],
          [
            629281.4184250416,
            5220507.6498302575
          ],
          [
            629282.2224297266,
            5220507.051821809
          ],
          [
            629283.026434412,
            5220506.45381336
          ],
          [
            629283.8304390968,
            5220505.855804912
          ],
          [
            629284.6344437823,
            5220505.257796463
          ],
          [
            629285.4384484672,
            5220504.659788014
          ],
          [
            629286.2424531522,
            5220504.061779566
          ],
          [
            629287.0464578375,
            5220503.463771117
          ],
          [
            629287.8504625225,
            5220502.865762669
          ],
          [
            629288.6544672078,
            5220502.2677542195
          ],
          [
            629289.4584718928,
            5220501.669745771
          ],
          [
            629290.2624765778,
            5220501.071737323
          ],
          [
            629291.066481263,
            5220500.473728874
          ],
          [
            629291.870485948,
            5220499.8757204255
          ],
          [
            629292.6744906332,
            5220499.277711977
          ],
          [
            629293.4784953182,
            5220498.679703528
          ],
          [
            629294.2825000033,
            5220498.08169508
          ],
          [
            629295.0865046886,
            5220497.483686631
          ],
          [
            629295.8905093736,
            5220496.885678182
          ],
          [
            629296.6945140589,
            5220496.287669733
          ],
          [
            629297.4985187439,
            5220495.689661285
          ],
          [
            629298.302523429,
            5220495.091652837
          ],
          [
            629299.1065281141,
            5220494.493644387
          ],
          [
            629299.9105327995,
            5220493.895635938
          ],
          [
            629300.7145374845,
            5220493.29762749
          ],
          [
            629301.5185421695,
            5220492.699619042
          ],
          [
            629302.3225468547,
            5220492.101610593
          ],
          [
            629303.1265515396,
            5220491.503602144
          ],
          [
            629303.930556225,
            5220490.905593695
          ],
          [
            629304.73456091,
            5220490.307585247
          ],
          [
            629305.5385655949,
            5220489.709576799
          ],
          [
            629306.3425702802,
            5220489.111568349
          ],
          [
            629307.1465749652,
            5220488.513559901
          ],
          [
            629307.9505796506,
            5220487.915551452
          ],
          [
            629308.7545843355,
            5220487.317543004
          ],
          [
            629309.5585890209,
            5220486.7195345545
          ],
          [
            629310.3625937058,
            5220486.121526106
          ],
          [
            629311.1665812059,
            5220485.5235304395
          ],
          [
            629311.9705687065,
            5220484.925534773
          ],
          [
            629312.7745562068,
            5220484.327539106
          ],
          [
            629313.5785437074,
            5220483.729543439
          ],
          [
            629314.3825312075,
            5220483.131547772
          ],
          [
            629315.1865187081,
            5220482.533552106
          ],
          [
            629315.9905062084,
            5220481.935556439
          ],
          [
            629316.7944937085,
            5220481.337560772
          ],
          [
            629317.5984812093,
            5220480.739565104
          ],
          [
            629318.4024687094,
            5220480.141569438
          ],
          [
            629319.20645621,
            5220479.543573771
          ],
          [
            629320.0104437101,
            5220478.945578104
          ],
          [
            629320.8144312103,
            5220478.347582437
          ],
          [
            629321.618418711,
            5220477.74958677
          ],
          [
            629322.4224062111,
            5220477.1515911035
          ],
          [
            629323.2263937118,
            5220476.553595437
          ],
          [
            629324.0303812119,
            5220475.95559977
          ],
          [
            629324.834368712,
            5220475.357604103
          ],
          [
            629325.6383562128,
            5220474.759608436
          ],
          [
            629326.4423437129,
            5220474.16161277
          ],
          [
            629327.2463312135,
            5220473.563617103
          ],
          [
            629328.0503187136,
            5220472.965621436
          ],
          [
            629328.8543062143,
            5220472.367625769
          ],
          [
            629329.6582937145,
            5220471.769630102
          ],
          [
            629330.4622812147,
            5220471.171634436
          ],
          [
            629331.2662687153,
            5220470.573638768
          ],
          [
            629332.0702562154,
            5220469.975643102
          ],
          [
            629332.8742437161,
            5220469.377647434
          ],
          [
            629333.6782312163,
            5220468.779651768
          ],
          [
            629334.4822187169,
            5220468.181656101
          ],
          [
            629335.2862062171,
            5220467.583660434
          ],
          [
            629336.0901937173,
            5220466.985664767
          ],
          [
            629336.8941812179,
            5220466.3876691
          ],
          [
            629337.698168718,
            5220465.789673434
          ],
          [
            629338.4961324689,
            5220465.181724038
          ],
          [
            629339.2789848988,
            5220464.557167869
          ],
          [
            629340.0622701515,
            5220463.932266396
          ],
          [
            629340.845555404,
            5220463.307364922
          ],
          [
            629341.6288406566,
            5220462.6824634485
          ],
          [
            629342.4121259092,
            5220462.057561976
          ],
          [
            629343.1954111618,
            5220461.432660502
          ],
          [
            629343.9786964144,
            5220460.807759029
          ],
          [
            629344.7619816669,
            5220460.182857555
          ],
          [
            629345.5452669195,
            5220459.557956082
          ],
          [
            629346.3285521722,
            5220458.933054609
          ],
          [
            629347.1118374247,
            5220458.308153136
          ],
          [
            629347.8951226773,
            5220457.683251662
          ],
          [
            629348.67840793,
            5220457.058350189
          ],
          [
            629349.4616931825,
            5220456.433448715
          ],
          [
            629350.2449784351,
            5220455.808547242
          ],
          [
            629351.0282636876,
            5220455.183645768
          ],
          [
            629351.8115489403,
            5220454.5587442955
          ],
          [
            629352.5948341929,
            5220453.933842822
          ],
          [
            629353.3781194454,
            5220453.308941348
          ],
          [
            629354.161404698,
            5220452.684039875
          ],
          [
            629354.9446899507,
            5220452.059138401
          ],
          [
            629355.7279752032,
            5220451.434236929
          ],
          [
            629356.5112604558,
            5220450.809335455
          ],
          [
            629357.2945457085,
            5220450.184433982
          ],
          [
            629358.077830961,
            5220449.559532508
          ],
          [
            629358.8611162136,
            5220448.934631035
          ],
          [
            629359.6444014661,
            5220448.309729561
          ],
          [
            629360.4276867188,
            5220447.684828088
          ],
          [
            629361.2109719714,
            5220447.059926615
          ],
          [
            629361.9942572239,
            5220446.435025142
          ],
          [
            629362.7775424765,
            5220445.810123668
          ],
          [
            629363.6115735281,
            5220445.25080281
          ],
          [
            629364.4456045798,
            5220444.691481953
          ],
          [
            629365.2796356314,
            5220444.132161095
          ],
          [
            629366.113666683,
            5220443.572840236
          ],
          [
            629366.9476977347,
            5220443.013519378
          ],
          [
            629367.7817287863,
            5220442.454198521
          ],
          [
            629368.6157598379,
            5220441.894877663
          ],
          [
            629369.4497908895,
            5220441.335556805
          ],
          [
            629370.2838219411,
            5220440.776235947
          ],
          [
            629371.1178529927,
            5220440.216915089
          ],
          [
            629371.9518840443,
            5220439.657594231
          ],
          [
            629372.7859150959,
            5220439.098273373
          ],
          [
            629373.6199461475,
            5220438.538952515
          ],
          [
            629374.4539771992,
            5220437.979631658
          ],
          [
            629375.2880082509,
            5220437.4203108
          ],
          [
            629376.1220393025,
            5220436.860989941
          ],
          [
            629376.9560703541,
            5220436.301669084
          ],
          [
            629377.7901014057,
            5220435.742348226
          ],
          [
            629378.6241324573,
            5220435.183027368
          ],
          [
            629379.4581635089,
            5220434.62370651
          ],
          [
            629380.2921945605,
            5220434.064385653
          ],
          [
            629381.1262256121,
            5220433.505064795
          ],
          [
            629381.9602566637,
            5220432.945743936
          ],
          [
            629382.7942877155,
            5220432.386423078
          ],
          [
            629383.6283187671,
            5220431.827102221
          ],
          [
            629384.4623498187,
            5220431.267781363
          ],
          [
            629385.2963808703,
            5220430.708460505
          ],
          [
            629386.1304119219,
            5220430.149139647
          ],
          [
            629386.9644429735,
            5220429.589818789
          ],
          [
            629387.7984740251,
            5220429.030497931
          ],
          [
            629388.6325050767,
            5220428.471177073
          ],
          [
            629389.4665361283,
            5220427.911856215
          ],
          [
            629390.3005671799,
            5220427.352535358
          ],
          [
            629391.1345982316,
            5220426.7932145
          ],
          [
            629391.9686292832,
            5220426.233893641
          ],
          [
            629392.8026603349,
            5220425.6745727835
          ],
          [
            629393.6212201191,
            5220425.09067399
          ],
          [
            629394.470722438,
            5220424.555931068
          ],
          [
            629395.2930455166,
            5220423.947402491
          ],
          [
            629396.115368595,
            5220423.338873915
          ],
          [
            629396.9376916735,
            5220422.730345339
          ],
          [
            629397.7600147519,
            5220422.121816762
          ],
          [
            629398.5823378304,
            5220421.513288186
          ],
          [
            629399.4046609089,
            5220420.904759609
          ],
          [
            629400.2269839874,
            5220420.296231032
          ],
          [
            629401.0493070659,
            5220419.6877024565
          ],
          [
            629401.8716301443,
            5220419.07917388
          ],
          [
            629402.6939532228,
            5220418.470645303
          ],
          [
            629403.5162763012,
            5220417.862116727
          ],
          [
            629404.3385993798,
            5220417.25358815
          ],
          [
            629405.1609224582,
            5220416.645059573
          ],
          [
            629405.9832455367,
            5220416.036530998
          ],
          [
            629406.8055686151,
            5220415.428002421
          ],
          [
            629407.6278916936,
            5220414.819473844
          ],
          [
            629408.4502147721,
            5220414.210945268
          ],
          [
            629409.2725378505,
            5220413.602416691
          ],
          [
            629410.0948609291,
            5220412.993888115
          ],
          [
            629410.9171840075,
            5220412.385359539
          ],
          [
            629411.739507086,
            5220411.776830962
          ],
          [
            629412.5618301644,
            5220411.168302385
          ],
          [
            629413.3841532429,
            5220410.559773809
          ],
          [
            629414.2064763214,
            5220409.9512452325
          ],
          [
            629415.0287993998,
            5220409.342716656
          ],
          [
            629415.8511224784,
            5220408.73418808
          ],
          [
            629416.6734455568,
            5220408.125659503
          ],
          [
            629417.4957686353,
            5220407.517130926
          ],
          [
            629418.3180917137,
            5220406.90860235
          ],
          [
            629419.1404147922,
            5220406.300073774
          ],
          [
            629419.9627378706,
            5220405.691545197
          ],
          [
            629420.7850609492,
            5220405.083016621
          ],
          [
            629421.6073840277,
            5220404.474488044
          ],
          [
            629422.4297071061,
            5220403.865959467
          ],
          [
            629423.2520301846,
            5220403.2574308915
          ],
          [
            629424.074353263,
            5220402.648902315
          ],
          [
            629424.8966763415,
            5220402.040373738
          ],
          [
            629425.71899942,
            5220401.431845162
          ],
          [
            629426.5413224985,
            5220400.823316585
          ],
          [
            629427.3893200238,
            5220400.289520898
          ],
          [
            629428.237317549,
            5220399.755725211
          ],
          [
            629429.0853150743,
            5220399.221929524
          ],
          [
            629429.9333125995,
            5220398.688133838
          ],
          [
            629430.7813101248,
            5220398.15433815
          ],
          [
            629431.62930765,
            5220397.620542463
          ],
          [
            629432.4773051753,
            5220397.0867467765
          ],
          [
            629433.3253027005,
            5220396.552951089
          ],
          [
            629434.1733002259,
            5220396.019155402
          ],
          [
            629435.0212977511,
            5220395.485359715
          ],
          [
            629435.8692952764,
            5220394.951564028
          ],
          [
            629436.7172928017,
            5220394.417768341
          ],
          [
            629437.5652903268,
            5220393.883972654
          ],
          [
            629438.4132878521,
            5220393.350176967
          ],
          [
            629439.2612853774,
            5220392.81638128
          ],
          [
            629440.1092829027,
            5220392.282585593
          ],
          [
            629440.957280428,
            5220391.748789906
          ],
          [
            629441.8052779532,
            5220391.214994219
          ],
          [
            629442.6532754784,
            5220390.681198532
          ],
          [
            629443.5012730036,
            5220390.147402845
          ],
          [
            629444.3492705289,
            5220389.613607158
          ],
          [
            629445.1972680542,
            5220389.079811471
          ],
          [
            629446.0452655795,
            5220388.546015784
          ],
          [
            629446.8932631047,
            5220388.012220097
          ],
          [
            629447.7412606301,
            5220387.478424409
          ],
          [
            629448.5892581552,
            5220386.944628723
          ],
          [
            629449.4372556806,
            5220386.410833036
          ],
          [
            629450.2852532059,
            5220385.877037348
          ],
          [
            629451.133250731,
            5220385.343241662
          ],
          [
            629451.9812482563,
            5220384.809445974
          ],
          [
            629452.8292457815,
            5220384.275650288
          ],
          [
            629453.6772433069,
            5220383.741854601
          ],
          [
            629454.5252408321,
            5220383.208058913
          ],
          [
            629455.3732383574,
            5220382.674263227
          ],
          [
            629456.2212358826,
            5220382.140467539
          ],
          [
            629457.069233408,
            5220381.606671852
          ],
          [
            629457.9172309332,
            5220381.072876166
          ],
          [
            629458.7652284584,
            5220380.539080478
          ],
          [
            629459.6132259838,
            5220380.005284791
          ],
          [
            629460.4612235089,
            5220379.471489104
          ],
          [
            629461.3092210342,
            5220378.937693417
          ],
          [
            629462.1572185594,
            5220378.403897731
          ],
          [
            629463.0052160848,
            5220377.870102043
          ],
          [
            629463.85321361,
            5220377.336306356
          ],
          [
            629464.7012111353,
            5220376.802510669
          ],
          [
            629465.5492086605,
            5220376.268714982
          ],
          [
            629466.3972061859,
            5220375.734919295
          ],
          [
            629467.2452037111,
            5220375.201123608
          ],
          [
            629468.0932012363,
            5220374.667327921
          ],
          [
            629468.9411987617,
            5220374.133532234
          ],
          [
            629469.7891962868,
            5220373.599736547
          ],
          [
            629470.637193812,
            5220373.06594086
          ],
          [
            629471.4851913375,
            5220372.532145172
          ],
          [
            629472.3331888627,
            5220371.998349486
          ],
          [
            629473.181186388,
            5220371.464553799
          ],
          [
            629474.0291839131,
            5220370.930758112
          ],
          [
            629474.8771814384,
            5220370.396962425
          ],
          [
            629475.7251789639,
            5220369.863166737
          ],
          [
            629476.573176489,
            5220369.329371051
          ],
          [
            629477.4211740142,
            5220368.795575364
          ],
          [
            629477.7558815395,
            5220367.851113342
          ],
          [
            629478.090589065,
            5220366.90665132
          ],
          [
            629478.4252965903,
            5220365.962189298
          ],
          [
            629478.7600041159,
            5220365.017727275
          ],
          [
            629479.0947116412,
            5220364.073265254
          ],
          [
            629479.4294191666,
            5220363.128803232
          ],
          [
            629479.8495296258,
            5220362.195237758
          ],
          [
            629480.2696400852,
            5220361.2616722835
          ],
          [
            629480.6897505446,
            5220360.328106809
          ],
          [
            629481.109861004,
            5220359.394541334
          ],
          [
            629481.5299714634,
            5220358.46097586
          ],
          [
            629481.9500819228,
            5220357.527410386
          ],
          [
            629482.3701923823,
            5220356.593844912
          ],
          [
            629482.7903028416,
            5220355.660279438
          ],
          [
            629483.210413301,
            5220354.726713964
          ],
          [
            629483.6305237605,
            5220353.79314849
          ],
          [
            629484.0506342199,
            5220352.859583015
          ],
          [
            629484.4707446792,
            5220351.9260175405
          ],
          [
            629484.8908551387,
            5220350.992452066
          ],
          [
            629485.3109655981,
            5220350.058886592
          ],
          [
            629485.7310760574,
            5220349.125321118
          ],
          [
            629486.1511865169,
            5220348.191755644
          ],
          [
            629486.5712969763,
            5220347.25819017
          ],
          [
            629486.9914074356,
            5220346.324624695
          ],
          [
            629487.4115178951,
            5220345.391059221
          ],
          [
            629487.8316283545,
            5220344.457493747
          ],
          [
            629488.2517388138,
            5220343.523928273
          ],
          [
            629488.6718492733,
            5220342.590362798
          ],
          [
            629489.0919597327,
            5220341.656797324
          ],
          [
            629489.512070192,
            5220340.72323185
          ],
          [
            629489.9321806515,
            5220339.789666375
          ],
          [
            629490.3522911109,
            5220338.856100901
          ],
          [
            629490.7724015703,
            5220337.922535427
          ],
          [
            629491.1925120297,
            5220336.988969953
          ],
          [
            629491.6126224891,
            5220336.055404479
          ],
          [
            629492.0327329485,
            5220335.121839005
          ],
          [
            629492.4528434079,
            5220334.18827353
          ],
          [
            629492.8729538673,
            5220333.254708055
          ],
          [
            629493.2930643267,
            5220332.321142581
          ],
          [
            629493.7209889082,
            5220331.391015443
          ],
          [
            629494.1332852455,
            5220330.454011633
          ],
          [
            629494.5368481197,
            5220329.536855897
          ],
          [
            629494.9404109941,
            5220328.61970016
          ],
          [
            629495.3439738683,
            5220327.702544424
          ],
          [
            629495.7475367425,
            5220326.785388688
          ],
          [
            629496.1510996168,
            5220325.868232951
          ],
          [
            629496.554662491,
            5220324.951077214
          ],
          [
            629496.9582253653,
            5220324.033921478
          ],
          [
            629497.3617882396,
            5220323.116765741
          ],
          [
            629497.7653511136,
            5220322.199610005
          ],
          [
            629498.1689139879,
            5220321.282454269
          ],
          [
            629498.5724768622,
            5220320.365298532
          ],
          [
            629498.9760397364,
            5220319.448142796
          ],
          [
            629499.4197039477,
            5220318.4398508975
          ],
          [
            629499.8279338103,
            5220317.415967331
          ],
          [
            629500.2538808472,
            5220316.399879599
          ],
          [
            629500.6798278842,
            5220315.383791867
          ],
          [
            629501.1057749212,
            5220314.367704134
          ],
          [
            629501.5317219582,
            5220313.351616402
          ],
          [
            629501.9576689951,
            5220312.33552867
          ],
          [
            629502.3836160321,
            5220311.319440938
          ],
          [
            629502.809563069,
            5220310.303353205
          ],
          [
            629502.849480138,
            5220309.300660706
          ],
          [
            629502.8893972071,
            5220308.297968207
          ],
          [
            629502.9293142761,
            5220307.295275708
          ],
          [
            629502.9692313451,
            5220306.2925832085
          ],
          [
            629503.0091484142,
            5220305.289890709
          ],
          [
            629503.0490654833,
            5220304.28719821
          ],
          [
            629503.0889825523,
            5220303.284505712
          ],
          [
            629503.1288996213,
            5220302.281813213
          ],
          [
            629503.1688166903,
            5220301.2791207135
          ],
          [
            629503.2087337594,
            5220300.276428214
          ],
          [
            629503.2486508285,
            5220299.273735715
          ],
          [
            629503.2885678975,
            5220298.271043216
          ],
          [
            629503.3284849665,
            5220297.268350717
          ],
          [
            629503.3684020356,
            5220296.2656582175
          ],
          [
            629503.4083191046,
            5220295.262965718
          ],
          [
            629503.4482361737,
            5220294.260273219
          ],
          [
            629503.4881532427,
            5220293.25758072
          ],
          [
            629503.5280703118,
            5220292.254888221
          ],
          [
            629503.5679873808,
            5220291.2521957215
          ],
          [
            629503.6079044498,
            5220290.249503222
          ],
          [
            629503.6478215188,
            5220289.246810723
          ],
          [
            629503.687738588,
            5220288.244118224
          ],
          [
            629503.727655657,
            5220287.241425725
          ],
          [
            629503.767572726,
            5220286.238733226
          ],
          [
            629503.807489795,
            5220285.236040727
          ],
          [
            629503.847406864,
            5220284.233348228
          ],
          [
            629503.8873239332,
            5220283.230655729
          ],
          [
            629503.9272410022,
            5220282.22796323
          ],
          [
            629503.9671580712,
            5220281.22527073
          ],
          [
            629504.0070751403,
            5220280.222578231
          ],
          [
            629504.0469922093,
            5220279.219885732
          ],
          [
            629504.0869092784,
            5220278.217193233
          ],
          [
            629504.1268263474,
            5220277.214500734
          ],
          [
            629504.1667434165,
            5220276.211808234
          ],
          [
            629504.2066604855,
            5220275.209115735
          ],
          [
            629504.2465775546,
            5220274.206423236
          ],
          [
            629504.2864946236,
            5220273.203730737
          ],
          [
            629504.3264116927,
            5220272.201038238
          ],
          [
            629504.3663287617,
            5220271.198345738
          ],
          [
            629504.4062458308,
            5220270.195653239
          ],
          [
            629504.4461628998,
            5220269.19296074
          ],
          [
            629504.4860799689,
            5220268.190268241
          ],
          [
            629504.5259970379,
            5220267.187575742
          ],
          [
            629504.5659141069,
            5220266.1848832425
          ],
          [
            629504.6058311759,
            5220265.182190744
          ],
          [
            629504.645748245,
            5220264.179498245
          ],
          [
            629504.6856653141,
            5220263.176805746
          ],
          [
            629504.7255823831,
            5220262.174113247
          ],
          [
            629504.723256712,
            5220261.135557497
          ],
          [
            629504.7209310407,
            5220260.097001747
          ],
          [
            629504.7186053696,
            5220259.058445998
          ],
          [
            629504.7162796983,
            5220258.019890248
          ],
          [
            629504.7139540272,
            5220256.981334498
          ],
          [
            629504.7116283559,
            5220255.942778748
          ],
          [
            629504.7093026848,
            5220254.904222999
          ],
          [
            629504.7069770135,
            5220253.865667249
          ],
          [
            629504.7046513424,
            5220252.827111499
          ],
          [
            629504.7023256711,
            5220251.78855575
          ],
          [
            629504.7,
            5220250.75
          ],
          [
            629505.0888763566,
            5220249.738788135
          ],
          [
            629505.4777527134,
            5220248.727576271
          ],
          [
            629505.86662907,
            5220247.716364406
          ],
          [
            629506.2555054268,
            5220246.705152541
          ],
          [
            629506.6443817834,
            5220245.693940678
          ],
          [
            629507.0332581402,
            5220244.682728813
          ],
          [
            629507.4221344969,
            5220243.671516948
          ],
          [
            629507.8110108536,
            5220242.660305084
          ],
          [
            629508.1998872103,
            5220241.649093219
          ],
          [
            629508.2594936899,
            5220240.574314196
          ],
          [
            629508.3191001695,
            5220239.499535171
          ],
          [
            629508.3787066491,
            5220238.424756147
          ],
          [
            629508.4383131287,
            5220237.349977124
          ],
          [
            629508.4979196083,
            5220236.2751981
          ],
          [
            629508.5575260881,
            5220235.200419076
          ],
          [
            629509.2290270143,
            5220234.424226449
          ],
          [
            629509.900527941,
            5220233.648033822
          ],
          [
            629510.5720288674,
            5220232.871841196
          ],
          [
            629511.2435297939,
            5220232.095648569
          ],
          [
            629511.9150307204,
            5220231.319455942
          ],
          [
            629512.586531647,
            5220230.543263315
          ],
          [
            629513.2580325735,
            5220229.767070688
          ],
          [
            629513.9295335,
            5220228.990878062
          ],
          [
            629514.6010344266,
            5220228.214685435
          ],
          [
            629515.2725353531,
            5220227.4384928085
          ],
          [
            629515.9440362796,
            5220226.662300182
          ],
          [
            629516.6155372062,
            5220225.886107555
          ],
          [
            629517.2870381327,
            5220225.109914929
          ],
          [
            629517.9585390592,
            5220224.333722302
          ],
          [
            629518.6300399858,
            5220223.557529675
          ],
          [
            629519.3015409122,
            5220222.781337048
          ],
          [
            629519.9730418387,
            5220222.005144421
          ],
          [
            629520.6445427652,
            5220221.228951795
          ],
          [
            629521.3160436918,
            5220220.452759168
          ],
          [
            629521.9875446183,
            5220219.676566541
          ],
          [
            629522.6590455448,
            5220218.900373914
          ],
          [
            629523.3305464714,
            5220218.124181287
          ],
          [
            629524.0020473979,
            5220217.347988661
          ],
          [
            629524.6735483244,
            5220216.571796034
          ],
          [
            629525.3450492509,
            5220215.795603408
          ],
          [
            629526.0165501775,
            5220215.019410781
          ],
          [
            629526.688051104,
            5220214.243218154
          ],
          [
            629527.3595520305,
            5220213.467025528
          ],
          [
            629528.031052957,
            5220212.690832901
          ],
          [
            629528.7025538835,
            5220211.914640274
          ],
          [
            629529.6418144614,
            5220211.513491473
          ],
          [
            629530.5810750393,
            5220211.112342672
          ],
          [
            629531.5203356172,
            5220210.711193872
          ],
          [
            629532.4595961951,
            5220210.310045071
          ],
          [
            629533.398856773,
            5220209.90889627
          ],
          [
            629534.3381173508,
            5220209.5077474695
          ],
          [
            629535.2773779287,
            5220209.106598669
          ],
          [
            629536.2166385066,
            5220208.705449868
          ],
          [
            629537.1558990845,
            5220208.304301067
          ],
          [
            629538.0951596624,
            5220207.9031522665
          ],
          [
            629539.0344202403,
            5220207.502003467
          ],
          [
            629539.9736808182,
            5220207.100854666
          ],
          [
            629540.9129413961,
            5220206.699705865
          ],
          [
            629541.852201974,
            5220206.2985570645
          ],
          [
            629542.7914625519,
            5220205.897408264
          ],
          [
            629543.7307231298,
            5220205.496259463
          ],
          [
            629544.6699837076,
            5220205.095110662
          ],
          [
            629545.6092442855,
            5220204.693961862
          ],
          [
            629546.5485048634,
            5220204.292813061
          ],
          [
            629547.4877654413,
            5220203.89166426
          ],
          [
            629548.4270260192,
            5220203.490515459
          ],
          [
            629549.366286597,
            5220203.089366659
          ],
          [
            629549.2732859218,
            5220204.095742631
          ],
          [
            629549.1802852465,
            5220205.102118603
          ],
          [
            629549.0872845713,
            5220206.108494575
          ],
          [
            629548.9942838959,
            5220207.114870547
          ],
          [
            629548.9012832206,
            5220208.1212465195
          ],
          [
            629548.8082825453,
            5220209.127622492
          ],
          [
            629548.71528187,
            5220210.133998464
          ],
          [
            629548.6222811948,
            5220211.140374436
          ],
          [
            629548.5292805195,
            5220212.146750408
          ],
          [
            629548.4362798441,
            5220213.15312638
          ],
          [
            629548.3432791688,
            5220214.1595023535
          ],
          [
            629548.2502784935,
            5220215.165878326
          ],
          [
            629548.1572778182,
            5220216.172254298
          ],
          [
            629548.064277143,
            5220217.17863027
          ],
          [
            629547.9712764677,
            5220218.185006242
          ],
          [
            629547.8782757923,
            5220219.191382214
          ],
          [
            629547.785275117,
            5220220.197758187
          ],
          [
            629547.6922744417,
            5220221.204134159
          ],
          [
            629547.5992737665,
            5220222.210510131
          ],
          [
            629547.5062730912,
            5220223.216886103
          ],
          [
            629547.4132724159,
            5220224.223262075
          ],
          [
            629546.9780089627,
            5220225.150728851
          ],
          [
            629546.5427455097,
            5220226.078195625
          ],
          [
            629546.1074820565,
            5220227.0056624
          ],
          [
            629545.6722186033,
            5220227.933129175
          ],
          [
            629545.2369551503,
            5220228.86059595
          ],
          [
            629544.8016916971,
            5220229.788062724
          ],
          [
            629544.3664282439,
            5220230.7155295
          ],
          [
            629543.9311647909,
            5220231.642996274
          ],
          [
            629543.4959013377,
            5220232.570463049
          ],
          [
            629543.0606378845,
            5220233.497929824
          ],
          [
            629542.6253744315,
            5220234.425396599
          ],
          [
            629542.1901109783,
            5220235.352863373
          ],
          [
            629541.7548475252,
            5220236.2803301485
          ],
          [
            629541.3195840721,
            5220237.207796924
          ],
          [
            629540.8843206189,
            5220238.135263698
          ],
          [
            629540.4490571659,
            5220239.0627304735
          ],
          [
            629540.0137937127,
            5220239.990197248
          ],
          [
            629539.5785302595,
            5220240.917664023
          ],
          [
            629539.1432668065,
            5220241.8451307975
          ],
          [
            629538.7080033533,
            5220242.772597573
          ],
          [
            629538.2727399002,
            5220243.700064347
          ],
          [
            629537.8374764471,
            5220244.627531122
          ],
          [
            629537.4022129939,
            5220245.554997897
          ],
          [
            629536.9669495408,
            5220246.482464672
          ],
          [
            629536.5316860877,
            5220247.409931446
          ],
          [
            629536.0964226347,
            5220248.337398222
          ],
          [
            629535.5048270279,
            5220249.15449341
          ],
          [
            629534.9132314213,
            5220249.971588599
          ],
          [
            629534.3216358146,
            5220250.788683787
          ],
          [
            629533.730040208,
            5220251.605778975
          ],
          [
            629533.1384446013,
            5220252.422874164
          ],
          [
            629532.5468489947,
            5220253.239969352
          ],
          [
            629531.8272672101,
            5220254.271195863
          ],
          [
            629531.1076854256,
            5220255.3024223745
          ],
          [
            629531.8272672101,
            5220254.271195863
          ],
          [
            629532.5468489947,
            5220253.239969352
          ],
          [
            629533.1384446013,
            5220252.422874164
          ],
          [
            629533.730040208,
            5220251.605778975
          ],
          [
            629534.3216358146,
            5220250.788683787
          ],
          [
            629534.9132314213,
            5220249.971588599
          ],
          [
            629535.5048270279,
            5220249.15449341
          ],
          [
            629536.0964226347,
            5220248.337398222
          ],
          [
            629536.5316860877,
            5220247.409931446
          ],
          [
            629536.9669495408,
            5220246.482464672
          ],
          [
            629537.4022129939,
            5220245.554997897
          ],
          [
            629537.8374764471,
            5220244.627531122
          ],
          [
            629538.2727399002,
            5220243.700064347
          ],
          [
            629538.7080033533,
            5220242.772597573
          ],
          [
            629539.1432668065,
            5220241.8451307975
          ],
          [
            629539.5785302595,
            5220240.917664023
          ],
          [
            629540.0137937127,
            5220239.990197248
          ],
          [
            629540.4490571659,
            5220239.0627304735
          ],
          [
            629540.8843206189,
            5220238.135263698
          ],
          [
            629541.3195840721,
            5220237.207796924
          ],
          [
            629541.7548475252,
            5220236.2803301485
          ],
          [
            629542.1901109783,
            5220235.352863373
          ],
          [
            629542.6253744315,
            5220234.425396599
          ],
          [
            629543.0606378845,
            5220233.497929824
          ],
          [
            629543.4959013377,
            5220232.570463049
          ],
          [
            629543.9311647909,
            5220231.642996274
          ],
          [
            629544.3664282439,
            5220230.7155295
          ],
          [
            629544.8016916971,
            5220229.788062724
          ],
          [
            629545.2369551503,
            5220228.86059595
          ],
          [
            629545.6722186033,
            5220227.933129175
          ],
          [
            629546.1074820565,
            5220227.0056624
          ],
          [
            629546.5427455097,
            5220226.078195625
          ],
          [
            629546.9780089627,
            5220225.150728851
          ],
          [
            629547.4132724159,
            5220224.223262075
          ],
          [
            629546.9620537309,
            5220223.2479217
          ],
          [
            629546.5108350458,
            5220222.272581324
          ],
          [
            629546.04420311,
            5220221.28571708
          ],
          [
            629545.6083976759,
            5220220.321900572
          ],
          [
            629545.1571789909,
            5220219.346560196
          ],
          [
            629544.7059603059,
            5220218.37121982
          ],
          [
            629543.3668810425,
            5220217.871947683
          ],
          [
            629542.027801779,
            5220217.372675547
          ],
          [
            629541.4221537308,
            5220218.18273388
          ],
          [
            629540.8165056829,
            5220218.9927922115
          ],
          [
            629540.2108576345,
            5220219.802850544
          ],
          [
            629539.6052095867,
            5220220.6129088765
          ],
          [
            629538.9995615385,
            5220221.4229672095
          ],
          [
            629538.3939134901,
            5220222.2330255415
          ],
          [
            629537.7882654422,
            5220223.043083874
          ],
          [
            629537.182617394,
            5220223.853142207
          ],
          [
            629536.646838415,
            5220224.715284811
          ],
          [
            629536.0436744846,
            5220225.527208526
          ],
          [
            629535.4405105544,
            5220226.339132239
          ],
          [
            629534.8373466245,
            5220227.1510559525
          ],
          [
            629534.2341826942,
            5220227.962979667
          ],
          [
            629533.6310187643,
            5220228.77490338
          ],
          [
            629533.0278548341,
            5220229.586827095
          ],
          [
            629532.4246909039,
            5220230.398750809
          ],
          [
            629531.821526974,
            5220231.210674522
          ],
          [
            629531.2183630437,
            5220232.022598237
          ],
          [
            629530.6151991134,
            5220232.834521951
          ],
          [
            629530.0120351836,
            5220233.646445665
          ],
          [
            629529.4088712533,
            5220234.458369378
          ],
          [
            629528.8057073235,
            5220235.270293092
          ],
          [
            629528.2025433931,
            5220236.082216806
          ],
          [
            629527.5993794629,
            5220236.89414052
          ],
          [
            629526.996215533,
            5220237.706064234
          ],
          [
            629526.3930516028,
            5220238.517987948
          ],
          [
            629525.7898876729,
            5220239.329911661
          ],
          [
            629525.1867237428,
            5220240.141835376
          ],
          [
            629524.5789366054,
            5220240.959982425
          ],
          [
            629523.9711494679,
            5220241.778129475
          ],
          [
            629523.3633623305,
            5220242.5962765245
          ],
          [
            629523.9711494679,
            5220241.778129475
          ],
          [
            629524.5789366054,
            5220240.959982425
          ],
          [
            629525.1867237428,
            5220240.141835376
          ],
          [
            629525.7908511974,
            5220239.328614654
          ],
          [
            629526.3949786521,
            5220238.515393931
          ],
          [
            629526.9991061068,
            5220237.70217321
          ],
          [
            629527.6032335615,
            5220236.888952488
          ],
          [
            629528.2073610163,
            5220236.075731766
          ],
          [
            629528.811488471,
            5220235.262511044
          ],
          [
            629529.4156159257,
            5220234.449290322
          ],
          [
            629530.0197433804,
            5220233.6360696005
          ],
          [
            629530.623870835,
            5220232.822848879
          ],
          [
            629531.2279982897,
            5220232.009628156
          ],
          [
            629531.8321257444,
            5220231.1964074345
          ],
          [
            629532.4362531991,
            5220230.383186713
          ],
          [
            629533.0403806538,
            5220229.56996599
          ],
          [
            629533.6445081086,
            5220228.756745269
          ],
          [
            629534.2486355633,
            5220227.943524547
          ],
          [
            629534.852763018,
            5220227.130303825
          ],
          [
            629535.4568904727,
            5220226.317083103
          ],
          [
            629536.0610179274,
            5220225.503862381
          ],
          [
            629536.57275903,
            5220224.641766392
          ],
          [
            629537.0845001327,
            5220223.779670402
          ],
          [
            629537.5962412354,
            5220222.917574413
          ],
          [
            629538.107982338,
            5220222.055478424
          ],
          [
            629538.6197234407,
            5220221.193382435
          ],
          [
            629539.1314645434,
            5220220.331286445
          ],
          [
            629539.6432056462,
            5220219.469190456
          ],
          [
            629540.1549467489,
            5220218.607094467
          ],
          [
            629540.6666878515,
            5220217.744998477
          ],
          [
            629541.1784289542,
            5220216.882902488
          ],
          [
            629541.6901700569,
            5220216.020806499
          ],
          [
            629542.2019111596,
            5220215.15871051
          ],
          [
            629542.7136522622,
            5220214.29661452
          ],
          [
            629543.2253933649,
            5220213.43451853
          ],
          [
            629543.7371344676,
            5220212.572422541
          ],
          [
            629544.2488755703,
            5220211.710326551
          ],
          [
            629544.7606166729,
            5220210.848230562
          ],
          [
            629545.2723577756,
            5220209.986134573
          ],
          [
            629545.7840988783,
            5220209.124038584
          ],
          [
            629546.2958399811,
            5220208.261942594
          ],
          [
            629546.8075810837,
            5220207.399846605
          ],
          [
            629547.3193221864,
            5220206.537750616
          ],
          [
            629547.8310632891,
            5220205.675654626
          ],
          [
            629548.3428043918,
            5220204.813558637
          ],
          [
            629548.8545454944,
            5220203.951462648
          ],
          [
            629549.366286597,
            5220203.089366659
          ],
          [
            629548.7512177576,
            5220203.893593744
          ],
          [
            629548.1361489178,
            5220204.697820831
          ],
          [
            629547.5210800786,
            5220205.502047917
          ],
          [
            629546.9060112393,
            5220206.306275003
          ],
          [
            629546.2909423994,
            5220207.110502089
          ],
          [
            629545.6758735601,
            5220207.914729175
          ],
          [
            629545.0608047209,
            5220208.718956261
          ],
          [
            629544.4457358811,
            5220209.523183348
          ],
          [
            629543.8306670418,
            5220210.327410433
          ],
          [
            629543.2155982024,
            5220211.131637519
          ],
          [
            629542.6005293627,
            5220211.935864606
          ],
          [
            629541.9854605234,
            5220212.740091692
          ],
          [
            629541.370391684,
            5220213.5443187775
          ],
          [
            629540.7553228443,
            5220214.348545864
          ],
          [
            629540.140254005,
            5220215.15277295
          ],
          [
            629539.5251851656,
            5220215.957000036
          ],
          [
            629538.910116326,
            5220216.7612271225
          ],
          [
            629538.2950474866,
            5220217.565454208
          ],
          [
            629537.6799786472,
            5220218.369681294
          ],
          [
            629537.0649098075,
            5220219.173908381
          ],
          [
            629536.4498409682,
            5220219.978135467
          ],
          [
            629535.8347721288,
            5220220.782362552
          ],
          [
            629535.2197032891,
            5220221.586589639
          ],
          [
            629534.6046344498,
            5220222.390816725
          ],
          [
            629533.9895656104,
            5220223.195043811
          ],
          [
            629533.3744967707,
            5220223.999270897
          ],
          [
            629532.7594279314,
            5220224.803497983
          ],
          [
            629532.144359092,
            5220225.607725069
          ],
          [
            629531.5292902524,
            5220226.411952156
          ],
          [
            629530.9142214131,
            5220227.216179241
          ],
          [
            629530.2991525736,
            5220228.020406327
          ],
          [
            629529.6840837339,
            5220228.824633414
          ],
          [
            629529.0690148947,
            5220229.6288605
          ],
          [
            629528.4539460551,
            5220230.4330875855
          ],
          [
            629527.8388772155,
            5220231.237314672
          ],
          [
            629527.2238083762,
            5220232.041541758
          ],
          [
            629526.5689224164,
            5220232.89783132
          ],
          [
            629525.9140364564,
            5220233.754120883
          ],
          [
            629525.2591504967,
            5220234.610410444
          ],
          [
            629524.6042645369,
            5220235.466700006
          ],
          [
            629523.9493785771,
            5220236.322989568
          ],
          [
            629523.2944926171,
            5220237.179279131
          ],
          [
            629522.6396066574,
            5220238.035568693
          ],
          [
            629523.2299851874,
            5220237.201078632
          ],
          [
            629523.8203637174,
            5220236.366588571
          ],
          [
            629524.4107422474,
            5220235.53209851
          ],
          [
            629525.0011207775,
            5220234.69760845
          ],
          [
            629525.5914993074,
            5220233.86311839
          ],
          [
            629526.1818778374,
            5220233.028628329
          ],
          [
            629526.7722563674,
            5220232.194138268
          ],
          [
            629527.3626348973,
            5220231.359648207
          ],
          [
            629527.9530134273,
            5220230.525158146
          ],
          [
            629528.5433919573,
            5220229.690668086
          ],
          [
            629529.1337704874,
            5220228.856178026
          ],
          [
            629529.7241490174,
            5220228.021687965
          ],
          [
            629530.3145275473,
            5220227.187197904
          ],
          [
            629530.9049060773,
            5220226.352707843
          ],
          [
            629531.4952846073,
            5220225.5182177825
          ],
          [
            629532.0856631373,
            5220224.683727722
          ],
          [
            629532.6760416672,
            5220223.849237661
          ],
          [
            629533.2664201973,
            5220223.014747601
          ],
          [
            629533.8567987273,
            5220222.18025754
          ],
          [
            629534.4471772573,
            5220221.345767479
          ],
          [
            629535.0375557872,
            5220220.511277419
          ],
          [
            629535.6279343172,
            5220219.676787358
          ],
          [
            629536.2183128472,
            5220218.842297297
          ],
          [
            629536.8086913772,
            5220218.007807236
          ],
          [
            629537.3990699073,
            5220217.173317176
          ],
          [
            629537.9894484372,
            5220216.3388271155
          ],
          [
            629538.5798269672,
            5220215.504337055
          ],
          [
            629539.1702054972,
            5220214.669846994
          ],
          [
            629539.7605840272,
            5220213.835356933
          ],
          [
            629540.3509625571,
            5220213.000866872
          ],
          [
            629540.9413410871,
            5220212.166376811
          ],
          [
            629541.5317196172,
            5220211.331886752
          ],
          [
            629542.1220981472,
            5220210.497396691
          ],
          [
            629542.7124766771,
            5220209.66290663
          ],
          [
            629543.3028552071,
            5220208.828416569
          ],
          [
            629542.2296821678,
            5220208.503204856
          ],
          [
            629541.1565091284,
            5220208.177993144
          ],
          [
            629540.083336089,
            5220207.852781432
          ],
          [
            629539.0101630497,
            5220207.527569719
          ],
          [
            629538.073107671,
            5220207.9263943145
          ],
          [
            629537.1360522922,
            5220208.32521891
          ],
          [
            629536.1989969135,
            5220208.724043506
          ],
          [
            629535.2619415347,
            5220209.122868102
          ],
          [
            629534.324886156,
            5220209.521692698
          ],
          [
            629533.3878307772,
            5220209.920517295
          ],
          [
            629532.4507753985,
            5220210.3193418905
          ],
          [
            629531.5137200197,
            5220210.718166486
          ],
          [
            629530.576664641,
            5220211.116991082
          ],
          [
            629529.6396092622,
            5220211.515815678
          ],
          [
            629528.7025538835,
            5220211.914640274
          ],
          [
            629528.1217704332,
            5220212.735747911
          ],
          [
            629527.540986983,
            5220213.556855547
          ],
          [
            629526.9602035328,
            5220214.377963183
          ],
          [
            629526.3794200826,
            5220215.199070821
          ],
          [
            629525.798636632,
            5220216.020178458
          ],
          [
            629525.2178531819,
            5220216.841286094
          ],
          [
            629524.6044578807,
            5220217.6503377035
          ],
          [
            629523.9910625796,
            5220218.459389314
          ],
          [
            629523.3776672783,
            5220219.268440925
          ],
          [
            629522.764271977,
            5220220.077492534
          ],
          [
            629522.1508766758,
            5220220.886544144
          ],
          [
            629521.5374813746,
            5220221.695595754
          ],
          [
            629520.9240860734,
            5220222.504647365
          ],
          [
            629520.3106907721,
            5220223.313698974
          ],
          [
            629519.6972954709,
            5220224.122750585
          ],
          [
            629519.0839001697,
            5220224.931802195
          ],
          [
            629518.4705048684,
            5220225.740853805
          ],
          [
            629517.8571095672,
            5220226.549905415
          ],
          [
            629517.243714266,
            5220227.358957024
          ],
          [
            629516.6303189647,
            5220228.168008635
          ],
          [
            629516.0169236636,
            5220228.977060245
          ],
          [
            629515.4035283623,
            5220229.786111855
          ],
          [
            629514.790133061,
            5220230.595163465
          ],
          [
            629514.1767377598,
            5220231.404215075
          ],
          [
            629513.5633424586,
            5220232.213266686
          ],
          [
            629512.9499471573,
            5220233.022318295
          ],
          [
            629512.3365518561,
            5220233.831369905
          ],
          [
            629511.7231565549,
            5220234.640421515
          ],
          [
            629511.1097612536,
            5220235.449473126
          ],
          [
            629510.4963659524,
            5220236.258524735
          ],
          [
            629509.8829706511,
            5220237.067576345
          ],
          [
            629509.26957535,
            5220237.876627956
          ],
          [
            629508.6561800487,
            5220238.685679566
          ],
          [
            629508.0427847474,
            5220239.494731176
          ],
          [
            629507.4293894463,
            5220240.303782785
          ],
          [
            629506.815994145,
            5220241.112834396
          ],
          [
            629506.2025988437,
            5220241.921886006
          ],
          [
            629505.5892035426,
            5220242.730937616
          ],
          [
            629504.9758082413,
            5220243.539989226
          ],
          [
            629504.3624129401,
            5220244.349040836
          ],
          [
            629503.7490176389,
            5220245.158092447
          ],
          [
            629503.1356223376,
            5220245.967144056
          ],
          [
            629502.5222270364,
            5220246.776195666
          ],
          [
            629501.9088317353,
            5220247.585247276
          ],
          [
            629502.8569599182,
            5220247.914164236
          ],
          [
            629503.8050881012,
            5220248.243081196
          ],
          [
            629504.7532162841,
            5220248.571998156
          ],
          [
            629505.7013444671,
            5220248.900915116
          ],
          [
            629506.6494726501,
            5220249.229832076
          ],
          [
            629507.5976008332,
            5220249.558749036
          ],
          [
            629508.5457290162,
            5220249.887665995
          ],
          [
            629509.4938571992,
            5220250.216582955
          ],
          [
            629510.4419853821,
            5220250.545499915
          ],
          [
            629511.3901135651,
            5220250.874416875
          ],
          [
            629512.3382417482,
            5220251.203333835
          ],
          [
            629513.2863699312,
            5220251.532250795
          ],
          [
            629514.2344981142,
            5220251.861167755
          ],
          [
            629515.1826262971,
            5220252.190084714
          ],
          [
            629516.1307544801,
            5220252.519001674
          ],
          [
            629517.0788826632,
            5220252.847918634
          ],
          [
            629518.0270108462,
            5220253.176835594
          ],
          [
            629518.9751390292,
            5220253.505752554
          ],
          [
            629519.9232672122,
            5220253.834669514
          ],
          [
            629520.8713953951,
            5220254.163586473
          ],
          [
            629521.8195235782,
            5220254.4925034335
          ],
          [
            629522.7676517612,
            5220254.821420393
          ],
          [
            629523.7157799442,
            5220255.150337353
          ],
          [
            629524.6639081272,
            5220255.479254313
          ],
          [
            629525.6120363101,
            5220255.808171273
          ],
          [
            629526.5601644932,
            5220256.137088233
          ],
          [
            629527.5082926762,
            5220256.466005192
          ],
          [
            629528.4564208592,
            5220256.7949221525
          ],
          [
            629529.4045490422,
            5220257.123839112
          ],
          [
            629530.3389165238,
            5220257.484641525
          ],
          [
            629531.2910171231,
            5220257.811375256
          ],
          [
            629532.2440394488,
            5220258.125441104
          ],
          [
            629533.1970617741,
            5220258.439506952
          ],
          [
            629534.1522766371,
            5220258.754295344
          ],
          [
            629535.1074915003,
            5220259.069083737
          ],
          [
            629536.0627063634,
            5220259.38387213
          ],
          [
            629537.0179212264,
            5220259.698660523
          ],
          [
            629537.9731360896,
            5220260.013448915
          ],
          [
            629538.9283509527,
            5220260.328237308
          ],
          [
            629539.8835658157,
            5220260.643025702
          ],
          [
            629540.8387806788,
            5220260.957814095
          ],
          [
            629541.7939955421,
            5220261.272602487
          ],
          [
            629542.7492104052,
            5220261.58739088
          ],
          [
            629543.7044252682,
            5220261.902179273
          ],
          [
            629544.6596401314,
            5220262.216967666
          ],
          [
            629545.6148549945,
            5220262.531756058
          ],
          [
            629546.5700698575,
            5220262.846544451
          ],
          [
            629547.5252847207,
            5220263.161332844
          ],
          [
            629548.4804995838,
            5220263.476121237
          ],
          [
            629549.4357144468,
            5220263.790909629
          ],
          [
            629550.3909293099,
            5220264.105698022
          ],
          [
            629551.3461441731,
            5220264.420486415
          ],
          [
            629552.3013590361,
            5220264.735274808
          ],
          [
            629553.2565738992,
            5220265.0500632
          ],
          [
            629554.2117887624,
            5220265.364851593
          ],
          [
            629555.1670036254,
            5220265.679639986
          ],
          [
            629556.1222184885,
            5220265.9944283785
          ],
          [
            629557.0774333515,
            5220266.309216771
          ],
          [
            629558.0326482146,
            5220266.624005164
          ],
          [
            629558.9878630777,
            5220266.938793557
          ],
          [
            629559.943077941,
            5220267.25358195
          ],
          [
            629560.898292804,
            5220267.568370343
          ],
          [
            629561.8535076671,
            5220267.883158736
          ],
          [
            629562.8087225301,
            5220268.197947129
          ],
          [
            629563.7639373933,
            5220268.512735521
          ],
          [
            629564.7191522564,
            5220268.827523914
          ],
          [
            629565.6743671194,
            5220269.142312307
          ],
          [
            629566.6295819826,
            5220269.4571007
          ],
          [
            629567.5847968457,
            5220269.771889092
          ],
          [
            629568.5400117087,
            5220270.086677485
          ],
          [
            629569.4952265719,
            5220270.401465878
          ],
          [
            629570.450441435,
            5220270.716254271
          ],
          [
            629571.405656298,
            5220271.031042663
          ],
          [
            629572.3608711611,
            5220271.345831056
          ],
          [
            629573.3160860243,
            5220271.660619449
          ],
          [
            629574.2713008873,
            5220271.975407842
          ],
          [
            629575.2265157504,
            5220272.290196234
          ],
          [
            629576.1817306136,
            5220272.604984627
          ],
          [
            629577.1369454766,
            5220272.91977302
          ],
          [
            629578.0921603397,
            5220273.234561413
          ],
          [
            629579.0473752029,
            5220273.549349805
          ],
          [
            629580.0025900659,
            5220273.864138198
          ],
          [
            629580.957804929,
            5220274.178926591
          ],
          [
            629581.9130197922,
            5220274.4937149845
          ],
          [
            629582.8682346552,
            5220274.808503377
          ],
          [
            629583.8234495183,
            5220275.12329177
          ],
          [
            629584.7786643814,
            5220275.438080163
          ],
          [
            629585.7338792445,
            5220275.7528685555
          ],
          [
            629586.6890941076,
            5220276.067656948
          ],
          [
            629587.6443089707,
            5220276.382445341
          ],
          [
            629588.5995238338,
            5220276.697233734
          ],
          [
            629589.5547386969,
            5220277.0120221265
          ],
          [
            629590.50995356,
            5220277.326810519
          ],
          [
            629591.465168423,
            5220277.641598912
          ],
          [
            629592.4203832862,
            5220277.956387305
          ],
          [
            629593.3755981493,
            5220278.271175697
          ],
          [
            629594.3308130123,
            5220278.58596409
          ],
          [
            629595.2860278755,
            5220278.900752483
          ],
          [
            629596.2412427386,
            5220279.215540876
          ],
          [
            629597.211831169,
            5220279.479674569
          ],
          [
            629598.1882579369,
            5220279.720097046
          ],
          [
            629599.164684705,
            5220279.960519523
          ],
          [
            629600.1411114732,
            5220280.200942001
          ],
          [
            629601.1175382411,
            5220280.441364478
          ],
          [
            629602.0939650093,
            5220280.681786955
          ],
          [
            629603.058810863,
            5220281.002846487
          ],
          [
            629604.0236567166,
            5220281.3239060175
          ],
          [
            629604.9885025702,
            5220281.644965549
          ],
          [
            629605.9533484239,
            5220281.9660250805
          ],
          [
            629606.9181942776,
            5220282.287084611
          ],
          [
            629607.8830401312,
            5220282.608144143
          ],
          [
            629608.8478859848,
            5220282.929203674
          ],
          [
            629609.8127318384,
            5220283.250263205
          ],
          [
            629610.7775776921,
            5220283.571322736
          ],
          [
            629611.7424235458,
            5220283.892382267
          ],
          [
            629612.7072693994,
            5220284.213441798
          ],
          [
            629613.672115253,
            5220284.53450133
          ],
          [
            629614.6369611067,
            5220284.855560861
          ],
          [
            629615.6018069603,
            5220285.176620392
          ],
          [
            629616.5666528139,
            5220285.497679924
          ],
          [
            629617.5314986677,
            5220285.818739454
          ],
          [
            629618.4963445213,
            5220286.139798986
          ],
          [
            629619.4611903749,
            5220286.460858517
          ],
          [
            629620.4260362285,
            5220286.781918048
          ],
          [
            629621.3908820822,
            5220287.102977579
          ],
          [
            629622.3557279358,
            5220287.424037111
          ],
          [
            629623.3205737895,
            5220287.745096642
          ],
          [
            629624.2854196432,
            5220288.066156173
          ],
          [
            629625.2502654968,
            5220288.387215705
          ],
          [
            629626.2151113504,
            5220288.708275235
          ],
          [
            629627.179957204,
            5220289.029334767
          ],
          [
            629628.1448030577,
            5220289.350394298
          ],
          [
            629629.1096489114,
            5220289.671453829
          ],
          [
            629630.074494765,
            5220289.99251336
          ],
          [
            629631.0393406186,
            5220290.313572891
          ],
          [
            629632.0041864723,
            5220290.634632423
          ],
          [
            629632.9690323259,
            5220290.955691954
          ],
          [
            629633.9338781795,
            5220291.276751485
          ],
          [
            629634.8987240333,
            5220291.597811016
          ],
          [
            629635.8635698869,
            5220291.918870548
          ],
          [
            629636.8284157405,
            5220292.239930078
          ],
          [
            629637.7932615941,
            5220292.56098961
          ],
          [
            629637.9625491172,
            5220291.51386614
          ],
          [
            629638.1318366401,
            5220290.466742668
          ],
          [
            629638.3011241631,
            5220289.419619198
          ],
          [
            629638.4704116861,
            5220288.372495727
          ],
          [
            629638.6396992091,
            5220287.325372256
          ],
          [
            629638.808986732,
            5220286.278248785
          ],
          [
            629638.9782742551,
            5220285.231125315
          ],
          [
            629639.5839553459,
            5220284.428207148
          ],
          [
            629640.1896364368,
            5220283.62528898
          ],
          [
            629640.7953175275,
            5220282.822370813
          ],
          [
            629641.4009986183,
            5220282.019452646
          ],
          [
            629642.0066797092,
            5220281.216534479
          ],
          [
            629642.6123607999,
            5220280.413616312
          ],
          [
            629643.2180418908,
            5220279.610698145
          ],
          [
            629643.8237229816,
            5220278.807779977
          ],
          [
            629644.4294040723,
            5220278.00486181
          ],
          [
            629645.0350851632,
            5220277.201943643
          ],
          [
            629645.640766254,
            5220276.399025476
          ],
          [
            629646.2464473448,
            5220275.596107309
          ],
          [
            629646.8521284356,
            5220274.793189142
          ],
          [
            629647.4578095265,
            5220273.990270974
          ],
          [
            629648.0634906172,
            5220273.187352807
          ],
          [
            629648.669171708,
            5220272.38443464
          ],
          [
            629649.2748527989,
            5220271.581516473
          ],
          [
            629649.8805338896,
            5220270.778598306
          ],
          [
            629650.5177504583,
            5220269.933875287
          ],
          [
            629651.1549670267,
            5220269.089152269
          ],
          [
            629651.7921835952,
            5220268.24442925
          ],
          [
            629652.4294001637,
            5220267.399706232
          ],
          [
            629653.0666167323,
            5220266.554983214
          ],
          [
            629652.4294001637,
            5220267.399706232
          ],
          [
            629651.7921835952,
            5220268.24442925
          ],
          [
            629651.1549670267,
            5220269.089152269
          ],
          [
            629650.5177504583,
            5220269.933875287
          ],
          [
            629649.8805338896,
            5220270.778598306
          ],
          [
            629649.2748527989,
            5220271.581516473
          ],
          [
            629648.669171708,
            5220272.38443464
          ],
          [
            629648.0634906172,
            5220273.187352807
          ],
          [
            629647.4578095265,
            5220273.990270974
          ],
          [
            629646.8521284356,
            5220274.793189142
          ],
          [
            629646.2464473448,
            5220275.596107309
          ],
          [
            629645.640766254,
            5220276.399025476
          ],
          [
            629645.0350851632,
            5220277.201943643
          ],
          [
            629644.4294040723,
            5220278.00486181
          ],
          [
            629643.8237229816,
            5220278.807779977
          ],
          [
            629643.2180418908,
            5220279.610698145
          ],
          [
            629642.6123607999,
            5220280.413616312
          ],
          [
            629642.0066797092,
            5220281.216534479
          ],
          [
            629641.4009986183,
            5220282.019452646
          ],
          [
            629640.7953175275,
            5220282.822370813
          ],
          [
            629640.1896364368,
            5220283.62528898
          ],
          [
            629639.5839553459,
            5220284.428207148
          ],
          [
            629638.9782742551,
            5220285.231125315
          ],
          [
            629638.808986732,
            5220286.278248785
          ],
          [
            629638.6396992091,
            5220287.325372256
          ],
          [
            629638.4704116861,
            5220288.372495727
          ],
          [
            629638.3011241631,
            5220289.419619198
          ],
          [
            629638.1318366401,
            5220290.466742668
          ],
          [
            629637.9625491172,
            5220291.51386614
          ],
          [
            629637.7932615941,
            5220292.56098961
          ],
          [
            629638.8283338492,
            5220292.514534163
          ],
          [
            629639.8634061043,
            5220292.468078717
          ],
          [
            629640.8984783593,
            5220292.42162327
          ],
          [
            629641.9335506144,
            5220292.375167823
          ],
          [
            629642.9686228695,
            5220292.328712377
          ],
          [
            629644.0036951245,
            5220292.28225693
          ],
          [
            629645.0387673795,
            5220292.2358014835
          ],
          [
            629646.0738396345,
            5220292.189346037
          ],
          [
            629647.1089118896,
            5220292.14289059
          ],
          [
            629648.1439841447,
            5220292.096435144
          ],
          [
            629649.1790563997,
            5220292.049979697
          ],
          [
            629650.2141286548,
            5220292.00352425
          ],
          [
            629651.2492009099,
            5220291.957068804
          ],
          [
            629651.7776674202,
            5220291.107744752
          ],
          [
            629652.3061339308,
            5220290.2584207
          ],
          [
            629652.8346004412,
            5220289.409096649
          ],
          [
            629653.3630669515,
            5220288.559772598
          ],
          [
            629653.8915334621,
            5220287.710448545
          ],
          [
            629654.4199999726,
            5220286.861124494
          ],
          [
            629654.9484664829,
            5220286.011800443
          ],
          [
            629655.4769329935,
            5220285.162476391
          ],
          [
            629656.005399504,
            5220284.313152339
          ],
          [
            629656.5338660143,
            5220283.463828288
          ],
          [
            629657.0623325248,
            5220282.614504236
          ],
          [
            629657.5907990353,
            5220281.7651801845
          ],
          [
            629658.1943303096,
            5220280.966809621
          ],
          [
            629658.8240244742,
            5220280.189637208
          ],
          [
            629659.4537186385,
            5220279.4124647975
          ],
          [
            629660.0834128032,
            5220278.635292385
          ],
          [
            629660.7131069675,
            5220277.858119974
          ],
          [
            629661.3428011322,
            5220277.080947562
          ],
          [
            629661.9724952965,
            5220276.30377515
          ],
          [
            629662.6021894611,
            5220275.526602739
          ],
          [
            629663.2318836255,
            5220274.749430327
          ],
          [
            629663.8615777901,
            5220273.972257915
          ],
          [
            629664.4912719544,
            5220273.195085503
          ],
          [
            629665.1209661191,
            5220272.417913091
          ],
          [
            629665.7506602834,
            5220271.64074068
          ],
          [
            629666.3803544481,
            5220270.863568268
          ],
          [
            629667.0100486124,
            5220270.086395856
          ],
          [
            629667.639742777,
            5220269.309223444
          ],
          [
            629668.2694369412,
            5220268.532051032
          ],
          [
            629668.899131106,
            5220267.754878621
          ],
          [
            629669.5288252702,
            5220266.977706209
          ],
          [
            629670.1585194345,
            5220266.200533798
          ],
          [
            629670.7882135992,
            5220265.423361385
          ],
          [
            629671.4179077634,
            5220264.646188974
          ],
          [
            629672.0476019281,
            5220263.869016562
          ],
          [
            629672.6772960924,
            5220263.091844151
          ],
          [
            629673.3069902571,
            5220262.314671738
          ],
          [
            629673.9366844214,
            5220261.537499327
          ],
          [
            629674.5663785861,
            5220260.7603269145
          ],
          [
            629675.1960727504,
            5220259.983154504
          ],
          [
            629675.8257669151,
            5220259.205982091
          ],
          [
            629676.4554610793,
            5220258.42880968
          ],
          [
            629677.085155244,
            5220257.651637267
          ],
          [
            629677.7148494083,
            5220256.874464856
          ],
          [
            629678.344543573,
            5220256.097292445
          ],
          [
            629678.9742377372,
            5220255.320120033
          ],
          [
            629679.603931902,
            5220254.542947621
          ],
          [
            629680.2336260661,
            5220253.765775209
          ],
          [
            629680.8633568903,
            5220252.988557552
          ],
          [
            629681.4930877142,
            5220252.211339895
          ],
          [
            629682.1228185379,
            5220251.434122238
          ],
          [
            629682.752549362,
            5220250.656904581
          ],
          [
            629683.382280186,
            5220249.879686924
          ],
          [
            629684.0120110101,
            5220249.102469266
          ],
          [
            629684.6417418341,
            5220248.325251609
          ],
          [
            629685.2714726581,
            5220247.548033952
          ],
          [
            629685.9012034822,
            5220246.7708162945
          ],
          [
            629686.5309343059,
            5220245.993598638
          ],
          [
            629687.1606651299,
            5220245.216380981
          ],
          [
            629687.790395954,
            5220244.4391633235
          ],
          [
            629688.4201267781,
            5220243.661945666
          ],
          [
            629689.0498576021,
            5220242.884728009
          ],
          [
            629689.6795884258,
            5220242.1075103525
          ],
          [
            629690.3093192498,
            5220241.330292695
          ],
          [
            629690.9390500739,
            5220240.553075038
          ],
          [
            629691.568780898,
            5220239.775857381
          ],
          [
            629692.198511722,
            5220238.998639723
          ],
          [
            629692.8282425461,
            5220238.221422066
          ],
          [
            629693.45797337,
            5220237.444204409
          ],
          [
            629694.0877041938,
            5220236.666986752
          ],
          [
            629694.7174350178,
            5220235.889769095
          ],
          [
            629695.3471658418,
            5220235.112551438
          ],
          [
            629695.9768966659,
            5220234.33533378
          ],
          [
            629696.60662749,
            5220233.558116123
          ],
          [
            629697.2363583136,
            5220232.780898467
          ],
          [
            629697.8660891376,
            5220232.003680809
          ],
          [
            629698.4958199618,
            5220231.226463152
          ],
          [
            629699.1255507858,
            5220230.449245495
          ],
          [
            629699.7552816098,
            5220229.6720278375
          ],
          [
            629700.3850124339,
            5220228.89481018
          ],
          [
            629701.0147432579,
            5220228.117592523
          ],
          [
            629701.6444740816,
            5220227.3403748665
          ],
          [
            629702.2742049056,
            5220226.563157209
          ],
          [
            629702.9039357296,
            5220225.785939552
          ],
          [
            629703.5336665538,
            5220225.008721895
          ],
          [
            629704.1633973778,
            5220224.231504237
          ],
          [
            629704.7931282014,
            5220223.454286581
          ],
          [
            629705.4228590254,
            5220222.677068924
          ],
          [
            629706.0525898496,
            5220221.899851266
          ],
          [
            629706.6823206736,
            5220221.122633609
          ],
          [
            629707.3120514976,
            5220220.345415952
          ],
          [
            629707.9417823217,
            5220219.568198294
          ],
          [
            629708.5715131457,
            5220218.790980637
          ],
          [
            629709.2012439694,
            5220218.013762981
          ],
          [
            629709.8309747934,
            5220217.236545323
          ],
          [
            629710.4607056174,
            5220216.459327666
          ],
          [
            629709.8775606683,
            5220215.5207514
          ],
          [
            629709.2944157189,
            5220214.582175133
          ],
          [
            629708.7112707694,
            5220213.643598867
          ],
          [
            629708.12812582,
            5220212.7050226
          ],
          [
            629707.5449808706,
            5220211.766446333
          ],
          [
            629706.961835921,
            5220210.827870067
          ],
          [
            629706.3786909716,
            5220209.8892938
          ],
          [
            629705.7955460221,
            5220208.950717534
          ],
          [
            629705.0039521541,
            5220209.749730376
          ],
          [
            629704.2123582859,
            5220210.548743216
          ],
          [
            629703.4207644177,
            5220211.347756058
          ],
          [
            629703.7748055742,
            5220210.329573731
          ],
          [
            629704.1288467308,
            5220209.311391404
          ],
          [
            629704.4828878874,
            5220208.293209078
          ],
          [
            629704.8369290439,
            5220207.275026751
          ],
          [
            629705.1909702003,
            5220206.256844424
          ],
          [
            629705.5450113569,
            5220205.238662097
          ],
          [
            629705.8990525135,
            5220204.22047977
          ],
          [
            629706.25309367,
            5220203.2022974435
          ],
          [
            629706.6071348265,
            5220202.1841151165
          ],
          [
            629706.9611759831,
            5220201.165932789
          ],
          [
            629706.465357143,
            5220199.477202381
          ],
          [
            629706.3031741704,
            5220198.25693528
          ],
          [
            629705.5428721594,
            5220199.052294886
          ],
          [
            629704.7825701482,
            5220199.847654493
          ],
          [
            629704.0222681372,
            5220200.6430140985
          ],
          [
            629703.1183927181,
            5220199.977656406
          ],
          [
            629702.2145172991,
            5220199.312298715
          ],
          [
            629701.3106418801,
            5220198.646941023
          ],
          [
            629702.1524388643,
            5220197.847773028
          ],
          [
            629702.9942358485,
            5220197.048605031
          ],
          [
            629703.8360328329,
            5220196.249437036
          ],
          [
            629705.3186659666,
            5220196.470391413
          ],
          [
            629706.8012991005,
            5220196.691345791
          ],
          [
            629707.4665623945,
            5220195.820735404
          ],
          [
            629708.1318256885,
            5220194.950125018
          ],
          [
            629708.7970889824,
            5220194.079514632
          ],
          [
            629709.4623522765,
            5220193.208904245
          ],
          [
            629710.2192432417,
            5220192.4777927
          ],
          [
            629710.9761342071,
            5220191.746681156
          ],
          [
            629711.7330251724,
            5220191.0155696105
          ],
          [
            629712.4899161377,
            5220190.284458066
          ],
          [
            629713.2468071029,
            5220189.553346521
          ],
          [
            629714.0036980683,
            5220188.822234977
          ],
          [
            629714.7605890336,
            5220188.091123432
          ],
          [
            629715.5174799989,
            5220187.360011888
          ],
          [
            629716.2743709643,
            5220186.628900343
          ],
          [
            629717.0312619295,
            5220185.897788798
          ],
          [
            629717.7881528948,
            5220185.166677253
          ],
          [
            629718.5450438602,
            5220184.435565709
          ],
          [
            629719.3019348255,
            5220183.704454164
          ],
          [
            629720.0588257908,
            5220182.97334262
          ],
          [
            629720.815716756,
            5220182.242231075
          ],
          [
            629721.5726077214,
            5220181.511119531
          ],
          [
            629722.3294986867,
            5220180.780007985
          ],
          [
            629723.0993665168,
            5220179.803200275
          ],
          [
            629723.8692343469,
            5220178.826392564
          ],
          [
            629723.0965834379,
            5220179.496614329
          ],
          [
            629722.3239325287,
            5220180.166836093
          ],
          [
            629721.5512816197,
            5220180.837057858
          ],
          [
            629720.7786307107,
            5220181.507279622
          ],
          [
            629720.0059798016,
            5220182.177501387
          ],
          [
            629719.2333288926,
            5220182.847723152
          ],
          [
            629718.4606779835,
            5220183.517944916
          ],
          [
            629717.6880270744,
            5220184.188166681
          ],
          [
            629716.9475465687,
            5220184.937066089
          ],
          [
            629716.2070660628,
            5220185.685965499
          ],
          [
            629715.4665855571,
            5220186.434864908
          ],
          [
            629714.7261050513,
            5220187.183764317
          ],
          [
            629713.9856245455,
            5220187.932663726
          ],
          [
            629713.2451440397,
            5220188.681563135
          ],
          [
            629712.5046635339,
            5220189.430462545
          ],
          [
            629711.7641830281,
            5220190.179361953
          ],
          [
            629711.8458683405,
            5220189.09473147
          ],
          [
            629711.9275536528,
            5220188.010100986
          ],
          [
            629712.0092389651,
            5220186.925470502
          ],
          [
            629712.0909242774,
            5220185.840840019
          ],
          [
            629712.1726095898,
            5220184.7562095355
          ],
          [
            629712.2542949021,
            5220183.671579052
          ],
          [
            629712.3359802144,
            5220182.586948568
          ],
          [
            629712.4176655267,
            5220181.502318084
          ],
          [
            629713.0134934686,
            5220180.45967651
          ],
          [
            629713.6093214105,
            5220179.417034935
          ],
          [
            629714.2051493524,
            5220178.374393361
          ],
          [
            629714.8009772943,
            5220177.331751786
          ],
          [
            629714.7590427826,
            5220176.2866364205
          ],
          [
            629714.7171082709,
            5220175.241521055
          ],
          [
            629714.6751737591,
            5220174.196405689
          ],
          [
            629714.6332392474,
            5220173.151290324
          ],
          [
            629714.1946146836,
            5220172.160511698
          ],
          [
            629713.7559901198,
            5220171.169733073
          ],
          [
            629713.317365556,
            5220170.178954447
          ],
          [
            629712.8787409922,
            5220169.188175821
          ],
          [
            629712.4401164284,
            5220168.197397196
          ],
          [
            629712.0014918646,
            5220167.20661857
          ],
          [
            629711.5628673008,
            5220166.215839944
          ],
          [
            629711.124242737,
            5220165.225061319
          ],
          [
            629710.6856181732,
            5220164.234282693
          ],
          [
            629711.3057532574,
            5220163.4360017
          ],
          [
            629711.9258883414,
            5220162.637720708
          ],
          [
            629712.5460234252,
            5220161.839439716
          ],
          [
            629713.1661585092,
            5220161.041158724
          ],
          [
            629713.7883582903,
            5220160.24021991
          ],
          [
            629714.4105580716,
            5220159.439281096
          ],
          [
            629715.0327578528,
            5220158.638342281
          ],
          [
            629715.6549576339,
            5220157.837403467
          ],
          [
            629716.2771574152,
            5220157.036464653
          ],
          [
            629716.8993571963,
            5220156.235525839
          ],
          [
            629717.5215569771,
            5220155.434587025
          ],
          [
            629718.1437567583,
            5220154.633648211
          ],
          [
            629718.7659565394,
            5220153.832709397
          ],
          [
            629719.3881563207,
            5220153.031770583
          ],
          [
            629720.0103561018,
            5220152.230831769
          ],
          [
            629720.6047540832,
            5220151.408159918
          ],
          [
            629721.2343690763,
            5220150.6131170625
          ],
          [
            629721.8560275275,
            5220149.803089191
          ],
          [
            629722.5075545284,
            5220149.016264347
          ],
          [
            629723.0961014905,
            5220148.180543881
          ],
          [
            629723.717880051,
            5220147.370608215
          ],
          [
            629724.339658611,
            5220146.5606725495
          ],
          [
            629724.961437171,
            5220145.750736885
          ],
          [
            629725.5832157308,
            5220144.940801219
          ],
          [
            629726.204994291,
            5220144.130865554
          ],
          [
            629726.8267728508,
            5220143.32092989
          ],
          [
            629727.4485514108,
            5220142.510994224
          ],
          [
            629728.0703299708,
            5220141.701058559
          ],
          [
            629728.6921085312,
            5220140.891122893
          ],
          [
            629729.3138870911,
            5220140.081187229
          ],
          [
            629729.9356656511,
            5220139.271251563
          ],
          [
            629730.5574442111,
            5220138.461315898
          ],
          [
            629731.1792227711,
            5220137.6513802335
          ],
          [
            629731.8010013311,
            5220136.841444568
          ],
          [
            629732.4227798909,
            5220136.031508903
          ],
          [
            629733.0445584514,
            5220135.221573237
          ],
          [
            629733.6663370114,
            5220134.411637572
          ],
          [
            629734.2881155714,
            5220133.601701907
          ],
          [
            629734.9098941312,
            5220132.791766242
          ],
          [
            629735.5316726913,
            5220131.981830576
          ],
          [
            629736.1534512512,
            5220131.171894912
          ],
          [
            629736.7752298112,
            5220130.361959247
          ],
          [
            629737.3970083712,
            5220129.552023581
          ],
          [
            629738.0187869316,
            5220128.742087916
          ],
          [
            629738.6405654915,
            5220127.932152251
          ],
          [
            629739.2623440515,
            5220127.122216586
          ],
          [
            629739.8841226113,
            5220126.31228092
          ],
          [
            629740.9265345975,
            5220126.234157761
          ],
          [
            629741.9689465837,
            5220126.156034602
          ],
          [
            629743.01135857,
            5220126.077911442
          ],
          [
            629744.0537705562,
            5220125.999788282
          ],
          [
            629745.0961825425,
            5220125.921665123
          ],
          [
            629746.1385945287,
            5220125.843541964
          ],
          [
            629747.1810065149,
            5220125.765418804
          ],
          [
            629746.5739281635,
            5220126.572657204
          ],
          [
            629745.9668498118,
            5220127.379895605
          ],
          [
            629745.3597714606,
            5220128.187134005
          ],
          [
            629744.7526931093,
            5220128.994372405
          ],
          [
            629744.1456147579,
            5220129.801610805
          ],
          [
            629743.5385364066,
            5220130.608849205
          ],
          [
            629742.9314580549,
            5220131.416087606
          ],
          [
            629742.3243797036,
            5220132.223326006
          ],
          [
            629741.7173013523,
            5220133.030564406
          ],
          [
            629741.1102230006,
            5220133.837802807
          ],
          [
            629740.5031446493,
            5220134.645041207
          ],
          [
            629739.896066298,
            5220135.452279607
          ],
          [
            629739.2889879467,
            5220136.259518007
          ],
          [
            629738.6819095954,
            5220137.066756407
          ],
          [
            629738.074831244,
            5220137.873994807
          ],
          [
            629737.4677528924,
            5220138.681233208
          ],
          [
            629736.8606745411,
            5220139.488471608
          ],
          [
            629736.2535961898,
            5220140.295710008
          ],
          [
            629735.5112969946,
            5220141.0006640125
          ],
          [
            629734.7689977994,
            5220141.705618017
          ],
          [
            629734.0266986042,
            5220142.410572023
          ],
          [
            629733.2843994091,
            5220143.115526028
          ],
          [
            629732.5421002138,
            5220143.820480033
          ],
          [
            629731.7998010187,
            5220144.525434038
          ],
          [
            629731.0575018235,
            5220145.230388043
          ],
          [
            629730.3152026283,
            5220145.935342048
          ],
          [
            629729.5729034331,
            5220146.640296053
          ],
          [
            629730.0776929273,
            5220145.594462968
          ],
          [
            629730.5824824217,
            5220144.548629885
          ],
          [
            629731.0872719159,
            5220143.5027968
          ],
          [
            629731.5920614102,
            5220142.456963716
          ],
          [
            629732.0968509046,
            5220141.411130631
          ],
          [
            629732.7180405022,
            5220140.582943364
          ],
          [
            629733.3392300997,
            5220139.754756097
          ],
          [
            629733.9604196969,
            5220138.926568829
          ],
          [
            629734.5816092944,
            5220138.098381562
          ],
          [
            629735.2027988919,
            5220137.270194294
          ],
          [
            629735.8239884896,
            5220136.442007027
          ],
          [
            629736.4451780871,
            5220135.613819759
          ],
          [
            629737.0663676846,
            5220134.785632492
          ],
          [
            629737.6875572818,
            5220133.957445225
          ],
          [
            629738.3087468793,
            5220133.129257957
          ],
          [
            629738.929936477,
            5220132.301070689
          ],
          [
            629739.5511260745,
            5220131.472883422
          ],
          [
            629740.172315672,
            5220130.644696155
          ],
          [
            629740.7935052692,
            5220129.816508887
          ],
          [
            629741.4146948667,
            5220128.98832162
          ],
          [
            629742.0358844644,
            5220128.160134353
          ],
          [
            629742.6570740619,
            5220127.3319470845
          ],
          [
            629743.2782636594,
            5220126.503759817
          ],
          [
            629743.8284478608,
            5220125.621724754
          ],
          [
            629744.4588071128,
            5220124.800611784
          ],
          [
            629745.0891663652,
            5220123.979498814
          ],
          [
            629745.7195256177,
            5220123.158385843
          ],
          [
            629745.1040619761,
            5220123.960095625
          ],
          [
            629744.4885983344,
            5220124.761805408
          ],
          [
            629743.8731346928,
            5220125.56351519
          ],
          [
            629743.2576710517,
            5220126.365224971
          ],
          [
            629742.64220741,
            5220127.166934754
          ],
          [
            629742.0267437684,
            5220127.968644536
          ],
          [
            629741.4112801267,
            5220128.770354318
          ],
          [
            629740.7958164851,
            5220129.572064101
          ],
          [
            629740.1803528435,
            5220130.373773883
          ],
          [
            629739.5648892022,
            5220131.1754836645
          ],
          [
            629738.9494255607,
            5220131.977193447
          ],
          [
            629738.3339619191,
            5220132.778903229
          ],
          [
            629737.7184982775,
            5220133.5806130115
          ],
          [
            629737.1030346358,
            5220134.382322794
          ],
          [
            629736.4875709942,
            5220135.184032576
          ],
          [
            629735.8721073528,
            5220135.985742358
          ],
          [
            629735.2566437112,
            5220136.78745214
          ],
          [
            629734.6411800697,
            5220137.589161922
          ],
          [
            629734.0257164281,
            5220138.390871705
          ],
          [
            629733.4102527865,
            5220139.192581487
          ],
          [
            629732.7947891448,
            5220139.994291269
          ],
          [
            629732.1793255034,
            5220140.796001051
          ],
          [
            629731.5638618618,
            5220141.597710833
          ],
          [
            629730.9483982204,
            5220142.399420615
          ],
          [
            629730.3329345788,
            5220143.201130398
          ],
          [
            629729.7174709371,
            5220144.00284018
          ],
          [
            629729.1020072955,
            5220144.804549962
          ],
          [
            629728.486543654,
            5220145.606259744
          ],
          [
            629727.8710800125,
            5220146.407969526
          ],
          [
            629727.2556163709,
            5220147.209679308
          ],
          [
            629726.6401527293,
            5220148.011389091
          ],
          [
            629726.9191776967,
            5220149.018851921
          ],
          [
            629727.198202664,
            5220150.026314752
          ],
          [
            629727.4772276314,
            5220151.033777582
          ],
          [
            629727.7562525987,
            5220152.041240413
          ],
          [
            629728.0352775659,
            5220153.048703244
          ],
          [
            629728.3143025333,
            5220154.056166074
          ],
          [
            629728.5933275006,
            5220155.0636289045
          ],
          [
            629728.872352468,
            5220156.071091735
          ],
          [
            629729.1513774353,
            5220157.078554566
          ],
          [
            629729.4304024026,
            5220158.086017396
          ],
          [
            629729.9744814658,
            5220157.180751166
          ],
          [
            629730.5185605289,
            5220156.275484935
          ],
          [
            629731.062639592,
            5220155.370218705
          ],
          [
            629731.6067186551,
            5220154.464952475
          ],
          [
            629732.1507977182,
            5220153.559686244
          ],
          [
            629732.6948767813,
            5220152.6544200145
          ],
          [
            629733.2389558444,
            5220151.7491537845
          ],
          [
            629733.7830349075,
            5220150.843887554
          ],
          [
            629734.3271139706,
            5220149.938621324
          ],
          [
            629735.0940838053,
            5220149.192112885
          ],
          [
            629735.8610536399,
            5220148.445604448
          ],
          [
            629736.6280234745,
            5220147.69909601
          ],
          [
            629737.3949933092,
            5220146.952587573
          ],
          [
            629738.1619631439,
            5220146.206079135
          ],
          [
            629738.9289329784,
            5220145.459570697
          ],
          [
            629739.695902813,
            5220144.713062259
          ],
          [
            629740.4628726477,
            5220143.966553821
          ],
          [
            629741.0931092701,
            5220143.14560059
          ],
          [
            629741.7233458923,
            5220142.32464736
          ],
          [
            629742.3535825146,
            5220141.503694128
          ],
          [
            629742.9838191364,
            5220140.682740898
          ],
          [
            629743.6140557587,
            5220139.861787667
          ],
          [
            629744.244292381,
            5220139.040834435
          ],
          [
            629744.8745290033,
            5220138.219881204
          ],
          [
            629745.5047656256,
            5220137.398927973
          ],
          [
            629746.1350022479,
            5220136.577974742
          ],
          [
            629746.76523887,
            5220135.757021511
          ],
          [
            629747.3954754923,
            5220134.93606828
          ],
          [
            629748.0257121142,
            5220134.115115049
          ],
          [
            629748.6559487365,
            5220133.294161818
          ],
          [
            629749.2861853588,
            5220132.473208587
          ],
          [
            629749.9164219811,
            5220131.652255355
          ],
          [
            629750.5466586032,
            5220130.831302125
          ],
          [
            629751.1768952255,
            5220130.010348894
          ],
          [
            629751.8071318478,
            5220129.189395662
          ],
          [
            629752.4373684701,
            5220128.368442431
          ],
          [
            629753.067605092,
            5220127.547489201
          ],
          [
            629753.7578616043,
            5220126.7721472485
          ],
          [
            629754.3778498733,
            5220125.943559132
          ],
          [
            629754.9978381423,
            5220125.114971014
          ],
          [
            629756.4573218538,
            5220125.298830535
          ],
          [
            629757.9168055657,
            5220125.482690057
          ],
          [
            629756.4573218538,
            5220125.298830535
          ],
          [
            629754.9978381423,
            5220125.114971014
          ],
          [
            629754.3857325333,
            5220125.93302429
          ],
          [
            629753.7137646327,
            5220126.705794599
          ],
          [
            629753.0914894694,
            5220127.516377145
          ],
          [
            629752.4692143067,
            5220128.326959691
          ],
          [
            629751.8469391434,
            5220129.137542237
          ],
          [
            629751.2214126554,
            5220129.945628777
          ],
          [
            629750.5920084077,
            5220130.750738404
          ],
          [
            629749.96260416,
            5220131.555848031
          ],
          [
            629749.3331999122,
            5220132.360957658
          ],
          [
            629748.7037956644,
            5220133.166067285
          ],
          [
            629748.0743914166,
            5220133.971176912
          ],
          [
            629747.4449871689,
            5220134.77628654
          ],
          [
            629746.815582921,
            5220135.581396167
          ],
          [
            629746.1861786733,
            5220136.386505794
          ],
          [
            629745.5567744256,
            5220137.191615421
          ],
          [
            629744.9273701778,
            5220137.996725048
          ],
          [
            629744.29796593,
            5220138.8018346755
          ],
          [
            629743.6685616822,
            5220139.606944303
          ],
          [
            629743.0391574345,
            5220140.41205393
          ],
          [
            629742.4097531866,
            5220141.217163557
          ],
          [
            629741.7803489389,
            5220142.022273184
          ],
          [
            629741.1509446912,
            5220142.827382811
          ],
          [
            629740.5215404434,
            5220143.632492438
          ],
          [
            629739.8921361956,
            5220144.4376020655
          ],
          [
            629739.2627319478,
            5220145.242711693
          ],
          [
            629738.6333277001,
            5220146.04782132
          ],
          [
            629738.0039234523,
            5220146.852930947
          ],
          [
            629737.3745192045,
            5220147.658040574
          ],
          [
            629736.7451149567,
            5220148.463150201
          ],
          [
            629736.1355555772,
            5220149.265055801
          ],
          [
            629735.5259961977,
            5220150.0669614
          ],
          [
            629734.916436818,
            5220150.868867001
          ],
          [
            629734.3068774386,
            5220151.6707726
          ],
          [
            629733.697318059,
            5220152.472678199
          ],
          [
            629733.0877586796,
            5220153.274583799
          ],
          [
            629732.4781993001,
            5220154.076489398
          ],
          [
            629731.8686399206,
            5220154.878394998
          ],
          [
            629731.2590805411,
            5220155.680300597
          ],
          [
            629730.6495211615,
            5220156.482206197
          ],
          [
            629730.039961782,
            5220157.284111797
          ],
          [
            629729.4304024026,
            5220158.086017396
          ],
          [
            629728.8208430231,
            5220158.887922996
          ],
          [
            629728.2112836436,
            5220159.689828595
          ],
          [
            629727.6017242639,
            5220160.4917341955
          ],
          [
            629726.9921648843,
            5220161.293639795
          ],
          [
            629726.382605505,
            5220162.095545394
          ],
          [
            629725.7730461255,
            5220162.897450994
          ],
          [
            629725.163486746,
            5220163.699356593
          ],
          [
            629724.5539273665,
            5220164.501262193
          ],
          [
            629723.944367987,
            5220165.303167792
          ],
          [
            629723.3348086074,
            5220166.105073392
          ],
          [
            629722.7252492278,
            5220166.906978992
          ],
          [
            629722.1156898484,
            5220167.708884591
          ],
          [
            629721.5061304689,
            5220168.510790191
          ],
          [
            629720.8965710894,
            5220169.31269579
          ],
          [
            629720.2870117098,
            5220170.11460139
          ],
          [
            629719.6774523302,
            5220170.91650699
          ],
          [
            629719.0678929508,
            5220171.718412589
          ],
          [
            629718.4583335714,
            5220172.520318189
          ],
          [
            629717.8487741919,
            5220173.322223788
          ],
          [
            629717.2392148124,
            5220174.124129388
          ],
          [
            629716.6296554329,
            5220174.926034987
          ],
          [
            629716.0200960531,
            5220175.727940587
          ],
          [
            629715.4105366737,
            5220176.529846187
          ],
          [
            629714.8009772943,
            5220177.331751786
          ],
          [
            629714.618275727,
            5220178.419579491
          ],
          [
            629714.4355741597,
            5220179.507407196
          ],
          [
            629714.2528725924,
            5220180.5952349
          ],
          [
            629714.0701710251,
            5220181.683062605
          ],
          [
            629713.8874694578,
            5220182.7708903095
          ],
          [
            629713.1678325004,
            5220183.696025259
          ],
          [
            629712.4481955427,
            5220184.621160209
          ],
          [
            629711.7285585853,
            5220185.546295159
          ],
          [
            629711.0733850024,
            5220186.5218290305
          ],
          [
            629710.3461774654,
            5220187.440820394
          ],
          [
            629709.7081619907,
            5220188.2470973935
          ],
          [
            629709.0701465162,
            5220189.053374394
          ],
          [
            629708.4099912683,
            5220189.842131957
          ],
          [
            629707.7645958695,
            5220190.642569145
          ],
          [
            629707.1192004705,
            5220191.443006333
          ],
          [
            629706.4738050716,
            5220192.243443521
          ],
          [
            629705.8284096726,
            5220193.0438807085
          ],
          [
            629705.1830142736,
            5220193.844317896
          ],
          [
            629704.5376188747,
            5220194.644755084
          ],
          [
            629703.8922234757,
            5220195.445192272
          ],
          [
            629703.2468280769,
            5220196.24562946
          ],
          [
            629702.6014326779,
            5220197.046066647
          ],
          [
            629701.956037279,
            5220197.846503835
          ],
          [
            629701.3106418801,
            5220198.646941023
          ],
          [
            629702.2523975639,
            5220199.066772984
          ],
          [
            629703.1941532478,
            5220199.486604945
          ],
          [
            629704.1359089315,
            5220199.906436906
          ],
          [
            629705.0776646154,
            5220200.326268868
          ],
          [
            629706.0194202992,
            5220200.746100828
          ],
          [
            629706.9611759831,
            5220201.165932789
          ],
          [
            629706.6071348266,
            5220202.1841151165
          ],
          [
            629706.25309367,
            5220203.2022974435
          ],
          [
            629705.8990525135,
            5220204.22047977
          ],
          [
            629705.5450113569,
            5220205.238662097
          ],
          [
            629705.1909702003,
            5220206.256844424
          ],
          [
            629704.8369290439,
            5220207.275026751
          ],
          [
            629704.4828878874,
            5220208.293209078
          ],
          [
            629704.1288467308,
            5220209.311391404
          ],
          [
            629703.7748055742,
            5220210.329573731
          ],
          [
            629703.4207644177,
            5220211.347756058
          ],
          [
            629704.4789802857,
            5220211.2033375185
          ],
          [
            629705.5371961535,
            5220211.058918979
          ],
          [
            629706.5954120215,
            5220210.9145004405
          ],
          [
            629707.6536278895,
            5220210.770081901
          ],
          [
            629708.7118437574,
            5220210.6256633615
          ],
          [
            629709.7700596254,
            5220210.481244823
          ],
          [
            629710.8282754932,
            5220210.3368262835
          ],
          [
            629711.8864913612,
            5220210.192407744
          ],
          [
            629712.9447072292,
            5220210.0479892045
          ],
          [
            629714.002923097,
            5220209.903570665
          ],
          [
            629715.061138965,
            5220209.7591521265
          ],
          [
            629716.1193548329,
            5220209.614733587
          ],
          [
            629716.6613309222,
            5220208.7452339195
          ],
          [
            629717.2033070114,
            5220207.875734252
          ],
          [
            629717.7452831006,
            5220207.006234584
          ],
          [
            629718.2872591899,
            5220206.136734917
          ],
          [
            629718.8292352791,
            5220205.267235248
          ],
          [
            629719.3712113684,
            5220204.397735581
          ],
          [
            629719.9131874576,
            5220203.528235913
          ],
          [
            629720.4551635468,
            5220202.658736246
          ],
          [
            629720.9971396361,
            5220201.789236578
          ],
          [
            629721.5391157254,
            5220200.919736911
          ],
          [
            629722.0810918147,
            5220200.050237243
          ],
          [
            629722.6230679039,
            5220199.1807375755
          ],
          [
            629723.1650439932,
            5220198.311237908
          ],
          [
            629723.7070200824,
            5220197.44173824
          ],
          [
            629724.2489961716,
            5220196.572238572
          ],
          [
            629724.7909722609,
            5220195.702738904
          ],
          [
            629725.3329483501,
            5220194.833239237
          ],
          [
            629725.8749244394,
            5220193.963739569
          ],
          [
            629726.4169005286,
            5220193.094239902
          ],
          [
            629726.9588766178,
            5220192.224740234
          ],
          [
            629727.5008527071,
            5220191.355240567
          ],
          [
            629728.0428287963,
            5220190.485740899
          ],
          [
            629728.5848048856,
            5220189.616241232
          ],
          [
            629729.1267809748,
            5220188.746741564
          ],
          [
            629729.668757064,
            5220187.8772418955
          ],
          [
            629730.2107331533,
            5220187.007742228
          ],
          [
            629730.7527092425,
            5220186.13824256
          ],
          [
            629731.2946853318,
            5220185.268742893
          ],
          [
            629731.836661421,
            5220184.399243225
          ],
          [
            629732.3786375104,
            5220183.529743558
          ],
          [
            629732.9206135996,
            5220182.66024389
          ],
          [
            629733.4625896888,
            5220181.790744223
          ],
          [
            629734.0045657781,
            5220180.921244555
          ],
          [
            629734.5465418673,
            5220180.051744888
          ],
          [
            629735.0885179566,
            5220179.182245219
          ],
          [
            629735.6304940458,
            5220178.312745552
          ],
          [
            629736.172470135,
            5220177.443245884
          ],
          [
            629736.7144462243,
            5220176.5737462165
          ],
          [
            629737.2564223135,
            5220175.704246549
          ],
          [
            629738.0125824146,
            5220175.021446834
          ],
          [
            629738.7687425156,
            5220174.338647121
          ],
          [
            629739.5249026165,
            5220173.655847406
          ],
          [
            629740.2810627175,
            5220172.973047691
          ],
          [
            629741.0372228186,
            5220172.290247977
          ],
          [
            629741.7933829196,
            5220171.607448263
          ],
          [
            629742.5495430205,
            5220170.9246485485
          ],
          [
            629743.3057031216,
            5220170.241848834
          ],
          [
            629744.0618632226,
            5220169.55904912
          ],
          [
            629744.8180233237,
            5220168.876249406
          ],
          [
            629745.5741834246,
            5220168.193449691
          ],
          [
            629746.3303435256,
            5220167.510649976
          ],
          [
            629747.0865036267,
            5220166.827850263
          ],
          [
            629747.8426637277,
            5220166.145050548
          ],
          [
            629748.5988238286,
            5220165.462250833
          ],
          [
            629749.3549839297,
            5220164.77945112
          ],
          [
            629750.1111440307,
            5220164.096651405
          ],
          [
            629750.8673041317,
            5220163.4138516905
          ],
          [
            629751.6234642328,
            5220162.731051976
          ],
          [
            629752.3796243337,
            5220162.048252262
          ],
          [
            629753.1357844347,
            5220161.365452548
          ],
          [
            629753.8919445358,
            5220160.682652833
          ],
          [
            629754.6481046368,
            5220159.999853119
          ],
          [
            629755.4042647377,
            5220159.317053405
          ],
          [
            629756.1604248388,
            5220158.63425369
          ],
          [
            629756.9165849398,
            5220157.951453976
          ],
          [
            629757.6727450409,
            5220157.268654262
          ],
          [
            629758.4289051418,
            5220156.585854547
          ],
          [
            629759.1850652428,
            5220155.9030548325
          ],
          [
            629759.9412253438,
            5220155.220255119
          ],
          [
            629760.6973854449,
            5220154.537455404
          ],
          [
            629761.4535455458,
            5220153.85465569
          ],
          [
            629762.2097056468,
            5220153.171855976
          ],
          [
            629762.9658657479,
            5220152.489056261
          ],
          [
            629763.7220258489,
            5220151.806256547
          ],
          [
            629764.4781859498,
            5220151.123456832
          ],
          [
            629765.2343460509,
            5220150.440657118
          ],
          [
            629765.9905061519,
            5220149.757857404
          ],
          [
            629766.7178939776,
            5220149.030722276
          ],
          [
            629767.4452818034,
            5220148.303587149
          ],
          [
            629768.1726696291,
            5220147.5764520215
          ],
          [
            629768.9000574548,
            5220146.849316894
          ],
          [
            629769.6274452806,
            5220146.122181767
          ],
          [
            629770.3548331064,
            5220145.395046639
          ],
          [
            629771.0822209321,
            5220144.667911512
          ],
          [
            629771.8096087578,
            5220143.940776384
          ],
          [
            629772.5369965836,
            5220143.213641256
          ],
          [
            629773.2643844093,
            5220142.486506129
          ],
          [
            629773.991772235,
            5220141.759371001
          ],
          [
            629774.7191600607,
            5220141.032235874
          ],
          [
            629775.4465478865,
            5220140.305100746
          ],
          [
            629776.1739357122,
            5220139.577965619
          ],
          [
            629776.9013235379,
            5220138.850830492
          ],
          [
            629777.6287113636,
            5220138.123695364
          ],
          [
            629778.3560991894,
            5220137.396560237
          ],
          [
            629779.0834870152,
            5220136.669425109
          ],
          [
            629779.810874841,
            5220135.942289982
          ],
          [
            629780.5382626667,
            5220135.215154855
          ],
          [
            629781.2656504924,
            5220134.488019727
          ],
          [
            629781.9930383181,
            5220133.7608846
          ],
          [
            629782.7204261438,
            5220133.033749472
          ],
          [
            629783.4478139696,
            5220132.306614345
          ],
          [
            629784.1752017953,
            5220131.5794792175
          ],
          [
            629784.902589621,
            5220130.85234409
          ],
          [
            629785.6299774467,
            5220130.125208962
          ],
          [
            629786.3573652725,
            5220129.398073834
          ],
          [
            629787.0847530982,
            5220128.670938707
          ],
          [
            629787.812140924,
            5220127.94380358
          ],
          [
            629788.5395287498,
            5220127.216668452
          ],
          [
            629789.2669165755,
            5220126.489533325
          ],
          [
            629789.9943044012,
            5220125.762398197
          ],
          [
            629790.721692227,
            5220125.03526307
          ],
          [
            629791.4490800527,
            5220124.3081279425
          ],
          [
            629790.524664612,
            5220123.7935931245
          ],
          [
            629789.6002491715,
            5220123.279058306
          ],
          [
            629788.6758337308,
            5220122.764523488
          ],
          [
            629787.7514182902,
            5220122.2499886695
          ],
          [
            629786.8270028497,
            5220121.7354538515
          ],
          [
            629785.902587409,
            5220121.220919033
          ],
          [
            629784.9781719684,
            5220120.706384215
          ],
          [
            629784.0537565278,
            5220120.191849397
          ],
          [
            629783.1293410872,
            5220119.677314579
          ],
          [
            629782.2049256465,
            5220119.16277976
          ],
          [
            629781.280510206,
            5220118.648244942
          ],
          [
            629780.3560947654,
            5220118.133710124
          ],
          [
            629779.4316793247,
            5220117.619175306
          ],
          [
            629778.5072638842,
            5220117.104640487
          ],
          [
            629777.5828484435,
            5220116.590105669
          ],
          [
            629776.5558207167,
            5220116.460913136
          ],
          [
            629775.5287929898,
            5220116.331720603
          ],
          [
            629774.501765263,
            5220116.20252807
          ],
          [
            629773.4747375362,
            5220116.073335537
          ],
          [
            629772.4477098093,
            5220115.944143004
          ],
          [
            629771.4206820824,
            5220115.814950472
          ],
          [
            629770.3936543555,
            5220115.685757939
          ],
          [
            629769.3666266287,
            5220115.556565406
          ],
          [
            629768.3395989018,
            5220115.427372873
          ],
          [
            629767.312571175,
            5220115.29818034
          ],
          [
            629766.2855434482,
            5220115.168987807
          ],
          [
            629765.2585157213,
            5220115.039795274
          ],
          [
            629764.2314879944,
            5220114.910602741
          ],
          [
            629763.2044602676,
            5220114.781410208
          ],
          [
            629762.1774325408,
            5220114.652217675
          ],
          [
            629761.1504048139,
            5220114.523025142
          ],
          [
            629760.1233770871,
            5220114.393832609
          ],
          [
            629759.0963493602,
            5220114.264640076
          ],
          [
            629758.0693216333,
            5220114.135447544
          ],
          [
            629757.0422939064,
            5220114.006255011
          ],
          [
            629756.0152661796,
            5220113.877062478
          ],
          [
            629754.9882384528,
            5220113.747869945
          ],
          [
            629753.961210726,
            5220113.618677412
          ],
          [
            629752.9341829992,
            5220113.489484879
          ],
          [
            629753.336167176,
            5220112.549966866
          ],
          [
            629753.7381513531,
            5220111.610448853
          ],
          [
            629754.14013553,
            5220110.67093084
          ],
          [
            629754.5421197071,
            5220109.731412827
          ],
          [
            629754.944103884,
            5220108.791894814
          ],
          [
            629755.3460880611,
            5220107.852376801
          ],
          [
            629755.748072238,
            5220106.912858788
          ],
          [
            629756.150056415,
            5220105.973340775
          ],
          [
            629756.5520405921,
            5220105.033822762
          ],
          [
            629756.954024769,
            5220104.094304749
          ],
          [
            629757.3560089461,
            5220103.154786736
          ],
          [
            629757.757993123,
            5220102.215268723
          ],
          [
            629757.3560089461,
            5220103.154786736
          ],
          [
            629756.954024769,
            5220104.094304749
          ],
          [
            629756.5520405921,
            5220105.033822762
          ],
          [
            629756.150056415,
            5220105.973340775
          ],
          [
            629755.748072238,
            5220106.912858788
          ],
          [
            629755.3460880611,
            5220107.852376801
          ],
          [
            629754.944103884,
            5220108.791894814
          ],
          [
            629754.5421197071,
            5220109.731412827
          ],
          [
            629754.14013553,
            5220110.67093084
          ],
          [
            629753.7381513531,
            5220111.610448853
          ],
          [
            629753.336167176,
            5220112.549966866
          ],
          [
            629752.9341829992,
            5220113.489484879
          ],
          [
            629753.9040456438,
            5220113.733830761
          ],
          [
            629754.8739082887,
            5220113.978176643
          ],
          [
            629755.8437709335,
            5220114.222522526
          ],
          [
            629756.813633578,
            5220114.466868408
          ],
          [
            629757.7834962228,
            5220114.71121429
          ],
          [
            629758.7533588675,
            5220114.955560173
          ],
          [
            629759.7232215123,
            5220115.199906055
          ],
          [
            629760.6930841571,
            5220115.444251937
          ],
          [
            629761.6629468017,
            5220115.68859782
          ],
          [
            629762.6328094464,
            5220115.932943702
          ],
          [
            629763.6026720913,
            5220116.177289585
          ],
          [
            629764.5725347359,
            5220116.421635467
          ],
          [
            629765.5423973806,
            5220116.665981349
          ],
          [
            629766.5122600255,
            5220116.9103272315
          ],
          [
            629767.4821226702,
            5220117.1546731135
          ],
          [
            629768.4519853148,
            5220117.399018995
          ],
          [
            629769.4218479596,
            5220117.643364878
          ],
          [
            629770.3917106043,
            5220117.88771076
          ],
          [
            629771.3615732491,
            5220118.132056642
          ],
          [
            629772.3314358939,
            5220118.376402525
          ],
          [
            629773.3012985386,
            5220118.620748407
          ],
          [
            629774.2711611832,
            5220118.865094289
          ],
          [
            629775.2410238282,
            5220119.109440172
          ],
          [
            629776.2108864727,
            5220119.353786054
          ],
          [
            629777.1807491174,
            5220119.598131936
          ],
          [
            629778.1506117623,
            5220119.842477819
          ],
          [
            629779.120474407,
            5220120.086823701
          ],
          [
            629780.0903370517,
            5220120.331169583
          ],
          [
            629781.0601996963,
            5220120.575515466
          ],
          [
            629782.0300623411,
            5220120.819861348
          ],
          [
            629783.0725523127,
            5220120.753436994
          ],
          [
            629784.1150422844,
            5220120.68701264
          ],
          [
            629785.1575322559,
            5220120.620588285
          ],
          [
            629786.2000222275,
            5220120.554163931
          ],
          [
            629787.2425121991,
            5220120.487739577
          ],
          [
            629788.2850021707,
            5220120.421315223
          ],
          [
            629789.3274921422,
            5220120.354890868
          ],
          [
            629790.3699821138,
            5220120.288466514
          ],
          [
            629791.4124720854,
            5220120.22204216
          ],
          [
            629792.4549620571,
            5220120.155617806
          ],
          [
            629793.4974520286,
            5220120.089193451
          ],
          [
            629794.5399420002,
            5220120.022769097
          ],
          [
            629795.5824319718,
            5220119.956344743
          ],
          [
            629796.1319163893,
            5220119.095853295
          ],
          [
            629796.6814008068,
            5220118.235361848
          ],
          [
            629797.2308852243,
            5220117.3748704
          ],
          [
            629797.7803696417,
            5220116.514378952
          ],
          [
            629798.3298540593,
            5220115.653887505
          ],
          [
            629798.8793384768,
            5220114.793396057
          ],
          [
            629799.4288228942,
            5220113.932904609
          ],
          [
            629799.9783073118,
            5220113.072413161
          ],
          [
            629800.5277917293,
            5220112.211921713
          ],
          [
            629801.0772761467,
            5220111.351430265
          ],
          [
            629801.6267605643,
            5220110.490938818
          ],
          [
            629802.1762449817,
            5220109.63044737
          ],
          [
            629802.7257293992,
            5220108.769955922
          ],
          [
            629803.2752138168,
            5220107.909464475
          ],
          [
            629803.8246982342,
            5220107.048973027
          ],
          [
            629804.3741826518,
            5220106.188481579
          ],
          [
            629804.9236670693,
            5220105.327990131
          ],
          [
            629805.4731514867,
            5220104.467498683
          ],
          [
            629806.0226359043,
            5220103.607007235
          ],
          [
            629806.5721203217,
            5220102.746515787
          ],
          [
            629807.1216047392,
            5220101.88602434
          ],
          [
            629807.6710891568,
            5220101.025532892
          ],
          [
            629808.2205735742,
            5220100.165041444
          ],
          [
            629808.7700579917,
            5220099.304549997
          ],
          [
            629809.3195424093,
            5220098.444058549
          ],
          [
            629809.8690268267,
            5220097.583567101
          ],
          [
            629810.4185112442,
            5220096.723075653
          ],
          [
            629810.9679956617,
            5220095.862584205
          ],
          [
            629811.5174800792,
            5220095.002092757
          ],
          [
            629812.0669644967,
            5220094.14160131
          ],
          [
            629812.6164489142,
            5220093.281109862
          ],
          [
            629813.1659333317,
            5220092.420618414
          ],
          [
            629813.7154177492,
            5220091.560126967
          ],
          [
            629814.2649021667,
            5220090.699635519
          ],
          [
            629814.8143865842,
            5220089.839144071
          ],
          [
            629815.3638710016,
            5220088.9786526235
          ],
          [
            629815.9133554192,
            5220088.118161175
          ],
          [
            629816.5425920152,
            5220087.339284337
          ],
          [
            629817.1718286112,
            5220086.560407498
          ],
          [
            629817.8010652072,
            5220085.78153066
          ],
          [
            629818.4303018033,
            5220085.002653821
          ],
          [
            629819.0595383993,
            5220084.223776983
          ],
          [
            629819.6887749953,
            5220083.444900144
          ],
          [
            629820.3180115913,
            5220082.666023306
          ],
          [
            629820.9472481874,
            5220081.887146467
          ],
          [
            629821.5764847836,
            5220081.108269628
          ],
          [
            629822.2057213795,
            5220080.32939279
          ],
          [
            629822.8349579754,
            5220079.550515952
          ],
          [
            629823.4641945715,
            5220078.771639113
          ],
          [
            629824.0934311677,
            5220077.992762274
          ],
          [
            629824.7226677636,
            5220077.213885436
          ],
          [
            629825.3519043595,
            5220076.435008598
          ],
          [
            629825.9811409556,
            5220075.656131759
          ],
          [
            629826.6103775518,
            5220074.87725492
          ],
          [
            629827.2396141477,
            5220074.098378082
          ],
          [
            629827.8686470285,
            5220073.319753405
          ],
          [
            629828.4976799097,
            5220072.541128727
          ],
          [
            629829.1129673008,
            5220071.749693828
          ],
          [
            629829.7160251732,
            5220070.950653061
          ],
          [
            629830.319083046,
            5220070.151612294
          ],
          [
            629830.9221409187,
            5220069.3525715275
          ],
          [
            629831.5253320314,
            5220068.5533542195
          ],
          [
            629832.1285231442,
            5220067.754136912
          ],
          [
            629832.7317142568,
            5220066.954919605
          ],
          [
            629833.3349053696,
            5220066.155702297
          ],
          [
            629833.9380964822,
            5220065.356484989
          ],
          [
            629834.541287595,
            5220064.557267681
          ],
          [
            629835.1444787079,
            5220063.758050373
          ],
          [
            629835.7476698203,
            5220062.958833066
          ],
          [
            629836.3508609332,
            5220062.159615758
          ],
          [
            629836.954052046,
            5220061.36039845
          ],
          [
            629837.5572431585,
            5220060.561181143
          ],
          [
            629838.1604342713,
            5220059.761963835
          ],
          [
            629838.7636253842,
            5220058.962746527
          ],
          [
            629839.366816497,
            5220058.163529219
          ],
          [
            629839.9700076093,
            5220057.364311912
          ],
          [
            629840.5731987222,
            5220056.565094604
          ],
          [
            629841.1763898351,
            5220055.765877296
          ],
          [
            629841.7795809475,
            5220054.966659989
          ],
          [
            629842.3827720603,
            5220054.167442681
          ],
          [
            629842.9859631731,
            5220053.368225373
          ],
          [
            629843.5891542856,
            5220052.569008066
          ],
          [
            629844.1923453984,
            5220051.769790758
          ],
          [
            629844.7955365112,
            5220050.97057345
          ],
          [
            629845.3987276237,
            5220050.171356143
          ],
          [
            629846.0019187365,
            5220049.3721388355
          ],
          [
            629846.6051098494,
            5220048.572921528
          ],
          [
            629847.2083009622,
            5220047.77370422
          ],
          [
            629847.8114920746,
            5220046.974486913
          ],
          [
            629848.4146831874,
            5220046.175269605
          ],
          [
            629849.0178743002,
            5220045.376052297
          ],
          [
            629849.6210654128,
            5220044.57683499
          ],
          [
            629850.2242565255,
            5220043.777617682
          ],
          [
            629850.8274476384,
            5220042.978400374
          ],
          [
            629851.4306387509,
            5220042.179183067
          ],
          [
            629852.0338298636,
            5220041.379965759
          ],
          [
            629852.6370209765,
            5220040.580748451
          ],
          [
            629853.2402120894,
            5220039.781531143
          ],
          [
            629853.8434032017,
            5220038.982313836
          ],
          [
            629854.4465943145,
            5220038.183096528
          ],
          [
            629855.0497854274,
            5220037.38387922
          ],
          [
            629855.6529765398,
            5220036.584661913
          ],
          [
            629856.2561676527,
            5220035.785444605
          ],
          [
            629856.8592942388,
            5220034.9863127945
          ],
          [
            629857.4624208255,
            5220034.187180982
          ],
          [
            629858.0655474117,
            5220033.388049171
          ],
          [
            629858.6686739979,
            5220032.58891736
          ],
          [
            629859.2591398149,
            5220031.779259285
          ],
          [
            629859.8478037082,
            5220030.969350776
          ],
          [
            629860.4364676019,
            5220030.159442266
          ],
          [
            629861.0251314952,
            5220029.349533756
          ],
          [
            629861.6137953886,
            5220028.539625247
          ],
          [
            629862.2024592824,
            5220027.729716737
          ],
          [
            629862.7911231756,
            5220026.919808228
          ],
          [
            629863.3797870689,
            5220026.109899718
          ],
          [
            629863.9684835075,
            5220025.299946432
          ],
          [
            629864.5571799463,
            5220024.489993145
          ],
          [
            629865.1458763848,
            5220023.680039858
          ],
          [
            629865.7345728234,
            5220022.870086572
          ],
          [
            629866.323269262,
            5220022.060133286
          ],
          [
            629866.9119657008,
            5220021.250179999
          ],
          [
            629867.5006621393,
            5220020.440226712
          ],
          [
            629868.0893585779,
            5220019.630273426
          ],
          [
            629868.6780550167,
            5220018.820320139
          ],
          [
            629869.2667514551,
            5220018.010366852
          ],
          [
            629869.8554478937,
            5220017.200413566
          ],
          [
            629870.4441443325,
            5220016.390460279
          ],
          [
            629871.032840771,
            5220015.5805069925
          ],
          [
            629871.6215372096,
            5220014.770553706
          ],
          [
            629872.2102336484,
            5220013.960600419
          ],
          [
            629872.7989300869,
            5220013.150647133
          ],
          [
            629873.3876265255,
            5220012.340693846
          ],
          [
            629873.9763229641,
            5220011.53074056
          ],
          [
            629874.5650194029,
            5220010.720787273
          ],
          [
            629875.1537158414,
            5220009.9108339865
          ],
          [
            629875.74241228,
            5220009.1008807
          ],
          [
            629876.3311087188,
            5220008.290927413
          ],
          [
            629876.9198051572,
            5220007.480974127
          ],
          [
            629877.5085015958,
            5220006.67102084
          ],
          [
            629878.0971980344,
            5220005.861067554
          ],
          [
            629878.6858944731,
            5220005.051114267
          ],
          [
            629879.2745909117,
            5220004.24116098
          ],
          [
            629879.8632873503,
            5220003.431207694
          ],
          [
            629880.451983789,
            5220002.621254407
          ],
          [
            629881.0406802276,
            5220001.811301121
          ],
          [
            629881.6293766662,
            5220001.001347834
          ],
          [
            629882.218073105,
            5220000.191394547
          ],
          [
            629882.8067695434,
            5219999.381441261
          ],
          [
            629883.395465982,
            5219998.571487974
          ],
          [
            629883.9841624208,
            5219997.761534687
          ],
          [
            629884.5728588593,
            5219996.951581401
          ],
          [
            629885.1615552979,
            5219996.1416281145
          ],
          [
            629885.7502517367,
            5219995.331674827
          ],
          [
            629886.3389481752,
            5219994.521721541
          ],
          [
            629886.9276446138,
            5219993.711768255
          ],
          [
            629887.5163410526,
            5219992.901814967
          ],
          [
            629888.1050374911,
            5219992.091861681
          ],
          [
            629888.6937339295,
            5219991.281908395
          ],
          [
            629889.2824303682,
            5219990.471955108
          ],
          [
            629889.871126807,
            5219989.662001821
          ],
          [
            629890.4598232454,
            5219988.852048535
          ],
          [
            629891.0485196841,
            5219988.042095249
          ],
          [
            629891.6372161227,
            5219987.232141962
          ],
          [
            629892.2259125614,
            5219986.422188675
          ],
          [
            629892.814609,
            5219985.612235389
          ],
          [
            629893.4033054386,
            5219984.802282102
          ],
          [
            629893.9920018773,
            5219983.992328815
          ],
          [
            629894.5806983159,
            5219983.182375529
          ],
          [
            629895.1693947545,
            5219982.372422243
          ],
          [
            629895.758091193,
            5219981.562468956
          ],
          [
            629896.3467876317,
            5219980.752515669
          ],
          [
            629896.9354840703,
            5219979.942562383
          ],
          [
            629897.5241805089,
            5219979.132609096
          ],
          [
            629898.1128769476,
            5219978.322655809
          ],
          [
            629898.7015733862,
            5219977.512702523
          ],
          [
            629899.290193722,
            5219976.702853941
          ],
          [
            629899.8788140584,
            5219975.893005359
          ],
          [
            629900.4554853309,
            5219975.073892163
          ],
          [
            629901.0275224741,
            5219974.252183694
          ],
          [
            629901.5995596177,
            5219973.430475225
          ],
          [
            629902.1715967609,
            5219972.608766755
          ],
          [
            629902.8530855643,
            5219971.873221939
          ],
          [
            629903.5345743679,
            5219971.137677124
          ],
          [
            629904.2160631715,
            5219970.402132307
          ],
          [
            629904.8975519751,
            5219969.6665874915
          ],
          [
            629905.5790407787,
            5219968.931042676
          ],
          [
            629906.2605295823,
            5219968.19549786
          ],
          [
            629906.9420183859,
            5219967.459953045
          ],
          [
            629907.6235071894,
            5219966.724408228
          ],
          [
            629908.304995993,
            5219965.988863412
          ],
          [
            629908.9864847967,
            5219965.253318597
          ],
          [
            629909.6679736003,
            5219964.517773781
          ],
          [
            629910.3494624039,
            5219963.782228965
          ],
          [
            629911.0309512075,
            5219963.04668415
          ],
          [
            629911.7124400111,
            5219962.311139333
          ],
          [
            629912.3939288147,
            5219961.575594517
          ],
          [
            629913.0754176183,
            5219960.840049702
          ],
          [
            629913.7569064219,
            5219960.104504886
          ],
          [
            629914.4383952254,
            5219959.36896007
          ],
          [
            629915.119884029,
            5219958.633415254
          ],
          [
            629915.8013728326,
            5219957.897870438
          ],
          [
            629916.4828616362,
            5219957.1623256225
          ],
          [
            629917.1643504398,
            5219956.426780807
          ],
          [
            629917.8458392434,
            5219955.691235991
          ],
          [
            629918.527328047,
            5219954.955691175
          ],
          [
            629919.2088168506,
            5219954.220146359
          ],
          [
            629919.8903056541,
            5219953.484601543
          ],
          [
            629920.5717944577,
            5219952.749056728
          ],
          [
            629921.2532832614,
            5219952.013511912
          ],
          [
            629921.934772065,
            5219951.277967096
          ],
          [
            629922.6162608686,
            5219950.54242228
          ],
          [
            629923.2977496722,
            5219949.806877464
          ],
          [
            629923.9792384758,
            5219949.071332648
          ],
          [
            629924.6607272794,
            5219948.335787833
          ],
          [
            629925.342216083,
            5219947.600243017
          ],
          [
            629926.0237048866,
            5219946.8646982005
          ],
          [
            629926.7051936901,
            5219946.129153385
          ],
          [
            629927.3866824937,
            5219945.393608569
          ],
          [
            629928.0349445521,
            5219944.631778863
          ],
          [
            629928.6832066106,
            5219943.869949157
          ],
          [
            629929.331468669,
            5219943.108119451
          ],
          [
            629929.9797307275,
            5219942.3462897455
          ],
          [
            629930.6279927859,
            5219941.58446004
          ],
          [
            629931.2762548443,
            5219940.822630334
          ],
          [
            629931.9245169028,
            5219940.060800628
          ],
          [
            629932.5727789612,
            5219939.298970922
          ],
          [
            629933.2210410197,
            5219938.537141216
          ],
          [
            629933.869303078,
            5219937.77531151
          ],
          [
            629934.5175651364,
            5219937.013481804
          ],
          [
            629935.1658271949,
            5219936.251652098
          ],
          [
            629935.8140892533,
            5219935.489822392
          ],
          [
            629936.4623513117,
            5219934.727992686
          ],
          [
            629937.1106133701,
            5219933.9661629805
          ],
          [
            629937.7588754286,
            5219933.204333275
          ],
          [
            629938.407137487,
            5219932.442503569
          ],
          [
            629939.0553995457,
            5219931.680673862
          ],
          [
            629939.7036616041,
            5219930.918844156
          ],
          [
            629940.3519236626,
            5219930.15701445
          ],
          [
            629941.0001857211,
            5219929.395184744
          ],
          [
            629941.6484477795,
            5219928.633355038
          ],
          [
            629942.2967098379,
            5219927.871525332
          ],
          [
            629942.9449718964,
            5219927.109695626
          ],
          [
            629943.5825009026,
            5219926.302798886
          ],
          [
            629944.2200299088,
            5219925.495902146
          ],
          [
            629944.8575589149,
            5219924.689005406
          ],
          [
            629945.4950879212,
            5219923.882108666
          ],
          [
            629946.1326169274,
            5219923.075211925
          ],
          [
            629946.7701459336,
            5219922.268315186
          ],
          [
            629947.4076749398,
            5219921.461418445
          ],
          [
            629948.045203946,
            5219920.654521706
          ],
          [
            629948.6827329522,
            5219919.847624965
          ],
          [
            629949.3202619584,
            5219919.040728225
          ],
          [
            629949.9577909646,
            5219918.233831485
          ],
          [
            629950.5953199709,
            5219917.426934744
          ],
          [
            629951.232848977,
            5219916.620038005
          ],
          [
            629951.8703779832,
            5219915.813141264
          ],
          [
            629952.5079069894,
            5219915.006244524
          ],
          [
            629953.1454359957,
            5219914.199347784
          ],
          [
            629953.7829650019,
            5219913.392451044
          ],
          [
            629954.420494008,
            5219912.585554304
          ],
          [
            629955.0580230142,
            5219911.778657564
          ],
          [
            629955.6955520205,
            5219910.971760823
          ],
          [
            629956.3330810267,
            5219910.164864084
          ],
          [
            629956.9706100329,
            5219909.357967343
          ],
          [
            629957.608139039,
            5219908.551070604
          ],
          [
            629958.2456680452,
            5219907.744173863
          ],
          [
            629958.8831970515,
            5219906.937277122
          ],
          [
            629959.5207260577,
            5219906.130380383
          ],
          [
            629960.1582550639,
            5219905.323483642
          ],
          [
            629960.79578407,
            5219904.516586903
          ],
          [
            629961.4333130763,
            5219903.709690162
          ],
          [
            629962.0708420825,
            5219902.902793422
          ],
          [
            629962.7083710887,
            5219902.095896682
          ],
          [
            629963.345900095,
            5219901.288999942
          ],
          [
            629963.9834291011,
            5219900.482103202
          ],
          [
            629964.6209581073,
            5219899.675206462
          ],
          [
            629965.2584871135,
            5219898.868309721
          ],
          [
            629965.8558413106,
            5219898.066222035
          ],
          [
            629966.4531955075,
            5219897.264134349
          ],
          [
            629967.0505497046,
            5219896.462046663
          ],
          [
            629967.6479039015,
            5219895.659958977
          ],
          [
            629968.2452580985,
            5219894.85787129
          ],
          [
            629968.8711669493,
            5219894.077049661
          ],
          [
            629969.5278726711,
            5219893.322486349
          ],
          [
            629970.1845783929,
            5219892.567923037
          ],
          [
            629970.8412841148,
            5219891.813359724
          ],
          [
            629971.4979898366,
            5219891.058796412
          ],
          [
            629972.1546955584,
            5219890.3042331
          ],
          [
            629972.8114012802,
            5219889.549669788
          ],
          [
            629973.4531401752,
            5219888.782594512
          ],
          [
            629974.0948790701,
            5219888.015519237
          ],
          [
            629974.736617965,
            5219887.248443961
          ],
          [
            629975.3783568599,
            5219886.481368686
          ],
          [
            629976.0200957549,
            5219885.71429341
          ],
          [
            629976.6618346499,
            5219884.947218134
          ],
          [
            629977.3035735447,
            5219884.180142859
          ],
          [
            629977.9453124397,
            5219883.413067583
          ],
          [
            629978.5870513346,
            5219882.645992307
          ],
          [
            629979.2287902295,
            5219881.878917032
          ],
          [
            629979.8705291245,
            5219881.111841756
          ],
          [
            629980.5122680194,
            5219880.344766481
          ],
          [
            629981.1540069144,
            5219879.577691205
          ],
          [
            629981.7957458093,
            5219878.810615929
          ],
          [
            629982.4374847042,
            5219878.043540654
          ],
          [
            629983.0792235992,
            5219877.276465378
          ],
          [
            629983.720962494,
            5219876.509390103
          ],
          [
            629984.362701389,
            5219875.742314827
          ],
          [
            629985.004440284,
            5219874.975239551
          ],
          [
            629985.6461791788,
            5219874.208164276
          ],
          [
            629986.2879180738,
            5219873.441089
          ],
          [
            629986.9296569687,
            5219872.674013725
          ],
          [
            629987.5713958637,
            5219871.906938449
          ],
          [
            629988.2131347586,
            5219871.139863173
          ],
          [
            629988.8548736535,
            5219870.3727878975
          ],
          [
            629989.4966125485,
            5219869.6057126215
          ],
          [
            629990.1383514435,
            5219868.838637346
          ],
          [
            629990.7800903383,
            5219868.07156207
          ],
          [
            629991.4218292333,
            5219867.304486794
          ],
          [
            629992.0635681282,
            5219866.537411519
          ],
          [
            629992.7053070231,
            5219865.770336243
          ],
          [
            629993.3470459181,
            5219865.003260967
          ],
          [
            629993.988784813,
            5219864.236185692
          ],
          [
            629994.630523708,
            5219863.469110416
          ],
          [
            629995.2722626028,
            5219862.702035141
          ],
          [
            629995.9140014978,
            5219861.934959865
          ],
          [
            629996.5402090234,
            5219861.15490068
          ],
          [
            629997.166416549,
            5219860.374841495
          ],
          [
            629997.7926240746,
            5219859.59478231
          ],
          [
            629998.4188316002,
            5219858.814723125
          ],
          [
            629999.0450391258,
            5219858.03466394
          ],
          [
            629999.6712466514,
            5219857.254604755
          ],
          [
            630000.297454177,
            5219856.47454557
          ],
          [
            630000.9236617027,
            5219855.694486385
          ],
          [
            630001.5498692282,
            5219854.9144272
          ],
          [
            630002.1760767539,
            5219854.1343680145
          ],
          [
            630002.8022842795,
            5219853.35430883
          ],
          [
            630003.428491805,
            5219852.574249645
          ],
          [
            630004.0546993306,
            5219851.79419046
          ],
          [
            630004.6809068562,
            5219851.014131275
          ],
          [
            630005.3071143818,
            5219850.234072089
          ],
          [
            630005.9333219074,
            5219849.454012904
          ],
          [
            630006.559529433,
            5219848.673953719
          ],
          [
            630007.1857369586,
            5219847.893894535
          ],
          [
            630007.8119444842,
            5219847.11383535
          ],
          [
            630008.4381520099,
            5219846.333776165
          ],
          [
            630009.0643595355,
            5219845.55371698
          ],
          [
            630009.6905670611,
            5219844.773657794
          ],
          [
            630010.3167745867,
            5219843.993598609
          ],
          [
            630010.9429821123,
            5219843.213539424
          ],
          [
            630011.5516689172,
            5219842.390950509
          ],
          [
            630012.1603557221,
            5219841.568361594
          ],
          [
            630012.7690425268,
            5219840.745772679
          ],
          [
            630013.3777293317,
            5219839.923183765
          ],
          [
            630013.9864161366,
            5219839.10059485
          ],
          [
            630014.5951029415,
            5219838.278005935
          ],
          [
            630015.2037897463,
            5219837.45541702
          ],
          [
            630015.8124765512,
            5219836.632828105
          ],
          [
            630016.421163356,
            5219835.81023919
          ],
          [
            630017.0298501609,
            5219834.987650275
          ],
          [
            630017.6385369658,
            5219834.16506136
          ],
          [
            630018.2472237706,
            5219833.342472446
          ],
          [
            630018.8559105755,
            5219832.519883531
          ],
          [
            630019.4645973804,
            5219831.697294616
          ],
          [
            630020.0732841853,
            5219830.874705701
          ],
          [
            630020.6819709901,
            5219830.052116786
          ],
          [
            630021.2906577949,
            5219829.229527871
          ],
          [
            630021.8993445998,
            5219828.406938956
          ],
          [
            630022.5080314047,
            5219827.584350042
          ],
          [
            630023.1167182096,
            5219826.761761127
          ],
          [
            630023.7254050144,
            5219825.939172212
          ],
          [
            630024.3340918192,
            5219825.116583297
          ],
          [
            630024.9427786241,
            5219824.293994382
          ],
          [
            630025.551465429,
            5219823.471405467
          ],
          [
            630026.1601522339,
            5219822.648816552
          ],
          [
            630026.7688390387,
            5219821.826227638
          ],
          [
            630027.3775258436,
            5219821.003638723
          ],
          [
            630027.9862126485,
            5219820.181049808
          ],
          [
            630028.5948994533,
            5219819.358460893
          ],
          [
            630029.2035862582,
            5219818.535871978
          ],
          [
            630029.812273063,
            5219817.713283063
          ],
          [
            630030.4209598679,
            5219816.890694148
          ],
          [
            630031.0296466728,
            5219816.068105233
          ],
          [
            630031.6383334777,
            5219815.245516319
          ],
          [
            630032.2470202824,
            5219814.422927404
          ],
          [
            630032.8557070873,
            5219813.600338489
          ],
          [
            630033.4643938922,
            5219812.777749574
          ],
          [
            630033.2353967349,
            5219811.766860226
          ],
          [
            630033.0063995775,
            5219810.7559708785
          ],
          [
            630032.7774024202,
            5219809.74508153
          ],
          [
            630032.5484052629,
            5219808.734192182
          ],
          [
            630032.3194081055,
            5219807.723302835
          ],
          [
            630032.0904109481,
            5219806.712413487
          ],
          [
            630031.8614137907,
            5219805.701524139
          ],
          [
            630031.6324166334,
            5219804.690634791
          ],
          [
            630031.4034194761,
            5219803.679745443
          ],
          [
            630031.1744223187,
            5219802.6688560955
          ],
          [
            630030.9454251614,
            5219801.657966748
          ],
          [
            630030.7164280041,
            5219800.647077399
          ],
          [
            630030.4874308467,
            5219799.636188052
          ],
          [
            630030.2584336894,
            5219798.625298704
          ],
          [
            630030.029436532,
            5219797.614409356
          ],
          [
            630029.8004393746,
            5219796.603520009
          ],
          [
            630029.5714422173,
            5219795.59263066
          ],
          [
            630029.3424450599,
            5219794.5817413125
          ],
          [
            630029.1134479026,
            5219793.570851965
          ],
          [
            630028.5874909891,
            5219792.711424028
          ],
          [
            630028.0615340758,
            5219791.851996091
          ],
          [
            630027.5355771623,
            5219790.992568154
          ],
          [
            630027.0096202489,
            5219790.133140217
          ],
          [
            630026.4836633354,
            5219789.27371228
          ],
          [
            630025.9577064221,
            5219788.414284343
          ],
          [
            630025.4317495086,
            5219787.554856406
          ],
          [
            630024.9057925952,
            5219786.695428469
          ],
          [
            630024.3798356818,
            5219785.836000532
          ],
          [
            630023.8538787684,
            5219784.976572595
          ],
          [
            630023.3279218549,
            5219784.117144658
          ],
          [
            630022.8019649414,
            5219783.257716721
          ],
          [
            630022.2760080281,
            5219782.398288784
          ],
          [
            630021.7500511146,
            5219781.538860847
          ],
          [
            630021.2240942012,
            5219780.67943291
          ],
          [
            630020.6981372877,
            5219779.820004973
          ],
          [
            630020.1721803744,
            5219778.960577035
          ],
          [
            630019.6462234609,
            5219778.101149099
          ],
          [
            630019.1202665475,
            5219777.241721162
          ],
          [
            630018.5943096341,
            5219776.382293224
          ],
          [
            630018.0683527206,
            5219775.522865288
          ],
          [
            630017.5423958072,
            5219774.663437351
          ],
          [
            630017.0164388937,
            5219773.804009413
          ],
          [
            630016.4904819804,
            5219772.944581477
          ],
          [
            630015.9645250669,
            5219772.08515354
          ],
          [
            630015.4385681535,
            5219771.225725602
          ],
          [
            630014.91261124,
            5219770.366297666
          ],
          [
            630014.3866543267,
            5219769.506869729
          ],
          [
            630013.8606974132,
            5219768.647441791
          ],
          [
            630013.3347404998,
            5219767.788013855
          ],
          [
            630012.8087835864,
            5219766.928585918
          ],
          [
            630012.2771767153,
            5219766.04307115
          ],
          [
            630011.7455698443,
            5219765.157556382
          ],
          [
            630011.2139629733,
            5219764.272041614
          ],
          [
            630010.6823561023,
            5219763.386526846
          ],
          [
            630010.1507492312,
            5219762.5010120785
          ],
          [
            630009.6191423602,
            5219761.615497311
          ],
          [
            630009.0875354892,
            5219760.729982543
          ],
          [
            630008.5559286182,
            5219759.844467775
          ],
          [
            630008.0243217471,
            5219758.958953007
          ],
          [
            630007.4927148761,
            5219758.073438239
          ],
          [
            630006.9611080051,
            5219757.187923471
          ],
          [
            630006.4295011341,
            5219756.302408704
          ],
          [
            630005.897894263,
            5219755.416893936
          ],
          [
            630005.366287392,
            5219754.531379168
          ],
          [
            630004.834680521,
            5219753.6458644
          ],
          [
            630004.30307365,
            5219752.760349632
          ],
          [
            630003.7714667789,
            5219751.874834864
          ],
          [
            630003.2398599079,
            5219750.989320097
          ],
          [
            630002.708253037,
            5219750.103805329
          ],
          [
            630002.1766461659,
            5219749.218290561
          ],
          [
            630001.6450392948,
            5219748.332775793
          ],
          [
            630000.7006402912,
            5219748.810566478
          ],
          [
            629999.7562412876,
            5219749.288357164
          ],
          [
            629998.8118422839,
            5219749.766147849
          ],
          [
            629997.8674432803,
            5219750.243938535
          ],
          [
            629996.9230442765,
            5219750.721729221
          ],
          [
            629995.9786452729,
            5219751.199519906
          ],
          [
            629995.0342462693,
            5219751.677310592
          ],
          [
            629994.0898472656,
            5219752.155101277
          ],
          [
            629993.145448262,
            5219752.632891962
          ],
          [
            629992.2010492584,
            5219753.110682648
          ],
          [
            629991.2566502547,
            5219753.588473333
          ],
          [
            629990.312251251,
            5219754.066264018
          ],
          [
            629989.3678522473,
            5219754.544054705
          ],
          [
            629988.4234532437,
            5219755.02184539
          ],
          [
            629987.47905424,
            5219755.499636075
          ],
          [
            629986.5346552366,
            5219755.977426761
          ],
          [
            629986.930641462,
            5219756.90653076
          ],
          [
            629987.3266276877,
            5219757.835634761
          ],
          [
            629987.7226139132,
            5219758.76473876
          ],
          [
            629988.1186001388,
            5219759.693842759
          ],
          [
            629988.5145863644,
            5219760.622946759
          ],
          [
            629988.9105725901,
            5219761.552050759
          ],
          [
            629989.3065588156,
            5219762.4811547585
          ],
          [
            629989.7025450412,
            5219763.410258758
          ],
          [
            629990.0985312668,
            5219764.339362757
          ],
          [
            629990.4945174925,
            5219765.268466758
          ],
          [
            629990.890503718,
            5219766.197570757
          ],
          [
            629991.2864899436,
            5219767.126674756
          ],
          [
            629991.6824761692,
            5219768.055778756
          ],
          [
            629992.0784623949,
            5219768.984882756
          ],
          [
            629992.4744486205,
            5219769.913986756
          ],
          [
            629991.8527367667,
            5219770.738576452
          ],
          [
            629991.2310249128,
            5219771.563166149
          ],
          [
            629990.609313059,
            5219772.387755846
          ],
          [
            629989.9876012052,
            5219773.212345542
          ],
          [
            629989.3658893515,
            5219774.036935239
          ],
          [
            629988.7441774977,
            5219774.861524936
          ],
          [
            629988.1224656438,
            5219775.6861146325
          ],
          [
            629987.5007537899,
            5219776.510704329
          ],
          [
            629986.8790419361,
            5219777.335294026
          ],
          [
            629986.2573300822,
            5219778.159883723
          ],
          [
            629985.6356182285,
            5219778.984473419
          ],
          [
            629985.0139063746,
            5219779.809063116
          ],
          [
            629984.2544948427,
            5219780.521158753
          ],
          [
            629983.4950833106,
            5219781.233254391
          ],
          [
            629982.7356717786,
            5219781.945350028
          ],
          [
            629981.9762602465,
            5219782.6574456645
          ],
          [
            629981.2168487145,
            5219783.369541302
          ],
          [
            629980.4574371824,
            5219784.081636939
          ],
          [
            629979.6980256503,
            5219784.793732576
          ],
          [
            629978.9386141183,
            5219785.505828214
          ],
          [
            629978.1792025862,
            5219786.217923851
          ],
          [
            629978.9386141183,
            5219785.505828214
          ],
          [
            629979.6980256503,
            5219784.793732576
          ],
          [
            629980.4574371824,
            5219784.081636939
          ],
          [
            629981.2168487145,
            5219783.369541302
          ],
          [
            629981.9762602465,
            5219782.6574456645
          ],
          [
            629982.7356717786,
            5219781.945350028
          ],
          [
            629983.4950833106,
            5219781.233254391
          ],
          [
            629984.2544948427,
            5219780.521158753
          ],
          [
            629985.0139063746,
            5219779.809063116
          ],
          [
            629985.6356182285,
            5219778.984473419
          ],
          [
            629986.2573300822,
            5219778.159883723
          ],
          [
            629986.8790419361,
            5219777.335294026
          ],
          [
            629987.5007537899,
            5219776.510704329
          ],
          [
            629988.1224656438,
            5219775.6861146325
          ],
          [
            629988.7441774977,
            5219774.861524936
          ],
          [
            629989.3658893515,
            5219774.036935239
          ],
          [
            629989.9876012052,
            5219773.212345542
          ],
          [
            629990.609313059,
            5219772.387755846
          ],
          [
            629991.2310249128,
            5219771.563166149
          ],
          [
            629991.8527367667,
            5219770.738576452
          ],
          [
            629992.4744486205,
            5219769.913986756
          ],
          [
            629992.0784623949,
            5219768.984882756
          ],
          [
            629991.6824761692,
            5219768.055778756
          ],
          [
            629991.2864899436,
            5219767.126674756
          ],
          [
            629990.890503718,
            5219766.197570757
          ],
          [
            629990.4945174925,
            5219765.268466758
          ],
          [
            629990.0985312668,
            5219764.339362757
          ],
          [
            629989.7025450412,
            5219763.410258758
          ],
          [
            629989.3065588156,
            5219762.4811547585
          ],
          [
            629988.9105725901,
            5219761.552050759
          ],
          [
            629988.5145863644,
            5219760.622946759
          ],
          [
            629988.1186001388,
            5219759.693842759
          ],
          [
            629987.7226139132,
            5219758.76473876
          ],
          [
            629987.3266276877,
            5219757.835634761
          ],
          [
            629986.930641462,
            5219756.90653076
          ],
          [
            629986.5346552366,
            5219755.977426761
          ],
          [
            629987.5178879398,
            5219755.649052527
          ],
          [
            629988.5011206431,
            5219755.320678293
          ],
          [
            629989.4843533465,
            5219754.992304059
          ],
          [
            629990.4675860499,
            5219754.663929825
          ],
          [
            629991.4508187532,
            5219754.335555591
          ],
          [
            629992.4340514566,
            5219754.007181357
          ],
          [
            629993.41728416,
            5219753.678807123
          ],
          [
            629994.4005168634,
            5219753.350432889
          ],
          [
            629995.3837495667,
            5219753.022058655
          ],
          [
            629996.3669822701,
            5219752.693684421
          ],
          [
            629997.3502149736,
            5219752.3653101865
          ],
          [
            629998.3334476769,
            5219752.0369359525
          ],
          [
            629999.3166803801,
            5219751.708561718
          ],
          [
            629998.91589517,
            5219750.7303219205
          ],
          [
            629998.5151099595,
            5219749.7520821225
          ],
          [
            629998.1143247492,
            5219748.773842324
          ],
          [
            629997.7135395389,
            5219747.795602526
          ],
          [
            629997.3127543285,
            5219746.817362728
          ],
          [
            629996.9119691182,
            5219745.83912293
          ],
          [
            629996.5111839079,
            5219744.860883131
          ],
          [
            629996.1103986976,
            5219743.882643333
          ],
          [
            629995.7096134871,
            5219742.904403535
          ],
          [
            629995.3088282768,
            5219741.926163737
          ],
          [
            629994.9080430665,
            5219740.947923938
          ],
          [
            629994.5072578561,
            5219739.96968414
          ],
          [
            629994.1064726458,
            5219738.991444342
          ],
          [
            629993.3784272351,
            5219738.290018791
          ],
          [
            629992.6503818242,
            5219737.58859324
          ],
          [
            629991.9223364135,
            5219736.887167689
          ],
          [
            629991.1942910028,
            5219736.185742139
          ],
          [
            629990.466245592,
            5219735.484316587
          ],
          [
            629989.7382001813,
            5219734.782891037
          ],
          [
            629989.0101547706,
            5219734.081465486
          ],
          [
            629988.2821093599,
            5219733.380039935
          ],
          [
            629987.554063949,
            5219732.6786143845
          ],
          [
            629986.8260185383,
            5219731.977188834
          ],
          [
            629986.0979731276,
            5219731.275763283
          ],
          [
            629985.3699277168,
            5219730.574337732
          ],
          [
            629984.6418823061,
            5219729.872912182
          ],
          [
            629983.9138368954,
            5219729.17148663
          ],
          [
            629983.1857914845,
            5219728.47006108
          ],
          [
            629982.4577460738,
            5219727.768635528
          ],
          [
            629981.7297006631,
            5219727.067209978
          ],
          [
            629981.0016552523,
            5219726.365784427
          ],
          [
            629980.2736098416,
            5219725.664358876
          ],
          [
            629979.5455644309,
            5219724.962933325
          ],
          [
            629978.81751902,
            5219724.261507775
          ],
          [
            629978.0894736093,
            5219723.560082223
          ],
          [
            629977.3614281986,
            5219722.858656673
          ],
          [
            629976.6333827879,
            5219722.157231122
          ],
          [
            629975.9053373771,
            5219721.455805571
          ],
          [
            629975.1772919664,
            5219720.75438002
          ],
          [
            629974.4492465557,
            5219720.05295447
          ],
          [
            629973.7212011449,
            5219719.351528918
          ],
          [
            629972.9931557343,
            5219718.650103368
          ],
          [
            629972.3087843163,
            5219717.903369889
          ],
          [
            629971.6244128982,
            5219717.1566364085
          ],
          [
            629970.903296298,
            5219716.443579406
          ],
          [
            629970.206676486,
            5219715.708071419
          ],
          [
            629969.5100566739,
            5219714.972563432
          ],
          [
            629968.8134368618,
            5219714.237055444
          ],
          [
            629968.1168170498,
            5219713.501547457
          ],
          [
            629967.4201972377,
            5219712.766039469
          ],
          [
            629966.7235774257,
            5219712.030531482
          ],
          [
            629966.0269576136,
            5219711.295023494
          ],
          [
            629965.3303378016,
            5219710.559515508
          ],
          [
            629964.6337179895,
            5219709.82400752
          ],
          [
            629963.9370981775,
            5219709.088499533
          ],
          [
            629963.2404783654,
            5219708.352991546
          ],
          [
            629962.5438585534,
            5219707.617483558
          ],
          [
            629961.8472387413,
            5219706.881975571
          ],
          [
            629961.1506189293,
            5219706.146467583
          ],
          [
            629960.4539991172,
            5219705.410959597
          ],
          [
            629959.7573793052,
            5219704.675451609
          ],
          [
            629959.0607594931,
            5219703.939943622
          ],
          [
            629958.3641396811,
            5219703.204435634
          ],
          [
            629957.5702267082,
            5219702.595892681
          ],
          [
            629956.7763137353,
            5219701.987349726
          ],
          [
            629955.9824007619,
            5219701.378806772
          ],
          [
            629955.188487789,
            5219700.770263818
          ],
          [
            629954.394574816,
            5219700.161720864
          ],
          [
            629953.6006618431,
            5219699.55317791
          ],
          [
            629952.8067488702,
            5219698.944634955
          ],
          [
            629952.0128358973,
            5219698.336092002
          ],
          [
            629951.2189229244,
            5219697.727549047
          ],
          [
            629950.425009951,
            5219697.119006094
          ],
          [
            629949.631096978,
            5219696.510463139
          ],
          [
            629948.8371840051,
            5219695.901920185
          ],
          [
            629948.0432710322,
            5219695.293377231
          ],
          [
            629947.2493580591,
            5219694.684834277
          ],
          [
            629946.4554450858,
            5219694.076291323
          ],
          [
            629945.6615321129,
            5219693.467748368
          ],
          [
            629944.86761914,
            5219692.859205415
          ],
          [
            629944.0759472296,
            5219692.247738741
          ],
          [
            629943.2997776205,
            5219691.616716606
          ],
          [
            629942.5236080117,
            5219690.985694471
          ],
          [
            629941.7474384026,
            5219690.354672335
          ],
          [
            629940.9712687933,
            5219689.723650199
          ],
          [
            629940.1950991846,
            5219689.092628065
          ],
          [
            629939.4189295755,
            5219688.461605929
          ],
          [
            629938.6427599663,
            5219687.830583793
          ],
          [
            629937.8665903576,
            5219687.199561658
          ],
          [
            629937.0904207485,
            5219686.568539523
          ],
          [
            629936.3142511393,
            5219685.937517387
          ],
          [
            629935.5380815306,
            5219685.306495252
          ],
          [
            629934.7619119213,
            5219684.675473116
          ],
          [
            629933.8917958158,
            5219684.121385778
          ],
          [
            629933.0216797099,
            5219683.567298439
          ],
          [
            629932.1515636041,
            5219683.013211101
          ],
          [
            629931.2814474984,
            5219682.459123763
          ],
          [
            629930.4113313926,
            5219681.905036424
          ],
          [
            629929.5412152868,
            5219681.350949086
          ],
          [
            629928.6710991809,
            5219680.796861748
          ],
          [
            629927.8009830752,
            5219680.242774409
          ],
          [
            629926.9308669694,
            5219679.688687071
          ],
          [
            629926.0607508635,
            5219679.134599732
          ],
          [
            629925.1906347577,
            5219678.580512394
          ],
          [
            629924.320518652,
            5219678.026425056
          ],
          [
            629923.4504025462,
            5219677.472337717
          ],
          [
            629922.5802864404,
            5219676.918250379
          ],
          [
            629921.7101703346,
            5219676.364163041
          ],
          [
            629920.8400542288,
            5219675.810075702
          ],
          [
            629919.969938123,
            5219675.255988364
          ],
          [
            629919.0998220172,
            5219674.701901026
          ],
          [
            629918.2297059114,
            5219674.147813687
          ],
          [
            629917.3595898056,
            5219673.593726349
          ],
          [
            629918.2297059114,
            5219674.147813687
          ],
          [
            629919.0998220172,
            5219674.701901026
          ],
          [
            629919.969938123,
            5219675.255988364
          ],
          [
            629920.8400542288,
            5219675.810075702
          ],
          [
            629921.7101703346,
            5219676.364163041
          ],
          [
            629922.5802864404,
            5219676.918250379
          ],
          [
            629923.4504025462,
            5219677.472337717
          ],
          [
            629924.320518652,
            5219678.026425056
          ],
          [
            629925.1906347577,
            5219678.580512394
          ],
          [
            629926.0607508635,
            5219679.134599732
          ],
          [
            629926.9308669694,
            5219679.688687071
          ],
          [
            629927.8009830752,
            5219680.242774409
          ],
          [
            629928.6710991809,
            5219680.796861748
          ],
          [
            629929.5412152868,
            5219681.350949086
          ],
          [
            629930.4113313926,
            5219681.905036424
          ],
          [
            629931.2814474984,
            5219682.459123763
          ],
          [
            629932.1515636041,
            5219683.013211101
          ],
          [
            629933.0216797099,
            5219683.567298439
          ],
          [
            629933.8917958158,
            5219684.121385778
          ],
          [
            629934.7619119213,
            5219684.675473116
          ],
          [
            629935.5380815306,
            5219685.306495252
          ],
          [
            629936.3142511393,
            5219685.937517387
          ],
          [
            629937.0904207485,
            5219686.568539523
          ],
          [
            629937.8665903576,
            5219687.199561658
          ],
          [
            629938.6427599663,
            5219687.830583793
          ],
          [
            629939.4189295755,
            5219688.461605929
          ],
          [
            629940.1950991846,
            5219689.092628065
          ],
          [
            629940.9712687933,
            5219689.723650199
          ],
          [
            629941.7474384026,
            5219690.354672335
          ],
          [
            629942.5236080117,
            5219690.985694471
          ],
          [
            629943.2997776205,
            5219691.616716606
          ],
          [
            629944.0759472296,
            5219692.247738741
          ],
          [
            629944.8824818089,
            5219692.875401548
          ],
          [
            629945.6890163881,
            5219693.503064355
          ],
          [
            629946.4955509674,
            5219694.130727161
          ],
          [
            629947.3020855465,
            5219694.7583899675
          ],
          [
            629948.1086201258,
            5219695.386052774
          ],
          [
            629948.915154705,
            5219696.013715581
          ],
          [
            629949.7216892843,
            5219696.641378387
          ],
          [
            629950.5282238636,
            5219697.269041194
          ],
          [
            629951.3347584428,
            5219697.896704
          ],
          [
            629952.141293022,
            5219698.524366807
          ],
          [
            629952.9478276012,
            5219699.152029613
          ],
          [
            629953.7543621805,
            5219699.77969242
          ],
          [
            629954.5608967597,
            5219700.407355227
          ],
          [
            629955.367431339,
            5219701.035018033
          ],
          [
            629956.1739659182,
            5219701.662680839
          ],
          [
            629956.9805004974,
            5219702.290343646
          ],
          [
            629957.7870350766,
            5219702.918006453
          ],
          [
            629958.5935696559,
            5219703.5456692595
          ],
          [
            629959.4001042352,
            5219704.173332065
          ],
          [
            629960.2066388144,
            5219704.800994872
          ],
          [
            629961.0131733937,
            5219705.428657679
          ],
          [
            629961.8197079729,
            5219706.056320486
          ],
          [
            629962.6262425521,
            5219706.683983292
          ],
          [
            629963.4327771313,
            5219707.311646098
          ],
          [
            629964.2393117106,
            5219707.939308905
          ],
          [
            629965.0458462898,
            5219708.566971712
          ],
          [
            629965.8523808691,
            5219709.194634519
          ],
          [
            629966.6589154484,
            5219709.822297324
          ],
          [
            629967.4654500275,
            5219710.449960131
          ],
          [
            629968.2719846067,
            5219711.077622938
          ],
          [
            629969.078519186,
            5219711.705285745
          ],
          [
            629969.8850537653,
            5219712.332948551
          ],
          [
            629970.6915883445,
            5219712.960611357
          ],
          [
            629971.4981229238,
            5219713.588274164
          ],
          [
            629972.3046575029,
            5219714.215936971
          ],
          [
            629973.1111920822,
            5219714.843599777
          ],
          [
            629973.9177266614,
            5219715.4712625835
          ],
          [
            629974.7242612406,
            5219716.09892539
          ],
          [
            629973.98912099,
            5219715.193744214
          ],
          [
            629973.2539807393,
            5219714.288563039
          ],
          [
            629972.5188404886,
            5219713.383381863
          ],
          [
            629973.1734990644,
            5219712.592460747
          ],
          [
            629973.8281576402,
            5219711.801539631
          ],
          [
            629974.4828162161,
            5219711.010618513
          ],
          [
            629975.1374747918,
            5219710.219697397
          ],
          [
            629975.7921333676,
            5219709.428776281
          ],
          [
            629976.4467919434,
            5219708.637855165
          ],
          [
            629977.1014505192,
            5219707.846934048
          ],
          [
            629977.7561090951,
            5219707.056012932
          ],
          [
            629978.4107676708,
            5219706.265091815
          ],
          [
            629979.0654262466,
            5219705.474170699
          ],
          [
            629979.7200848224,
            5219704.683249583
          ],
          [
            629980.3747433982,
            5219703.892328466
          ],
          [
            629981.029401974,
            5219703.10140735
          ],
          [
            629981.6840605498,
            5219702.310486234
          ],
          [
            629982.3387191256,
            5219701.519565117
          ],
          [
            629982.9933777014,
            5219700.728644
          ],
          [
            629983.6480362772,
            5219699.937722884
          ],
          [
            629984.302694853,
            5219699.146801768
          ],
          [
            629984.9573534288,
            5219698.355880652
          ],
          [
            629985.6120120046,
            5219697.564959535
          ],
          [
            629986.2666705804,
            5219696.774038418
          ],
          [
            629986.9213291561,
            5219695.983117302
          ],
          [
            629987.575987732,
            5219695.192196186
          ],
          [
            629988.2306463078,
            5219694.401275069
          ],
          [
            629988.8853048836,
            5219693.610353953
          ],
          [
            629989.5399634594,
            5219692.819432837
          ],
          [
            629990.1946220351,
            5219692.02851172
          ],
          [
            629990.849280611,
            5219691.2375906035
          ],
          [
            629991.5039391868,
            5219690.446669487
          ],
          [
            629992.1585977626,
            5219689.655748371
          ],
          [
            629992.8132563384,
            5219688.864827255
          ],
          [
            629993.4679149141,
            5219688.073906139
          ],
          [
            629994.12257349,
            5219687.282985021
          ],
          [
            629994.7772320658,
            5219686.492063905
          ],
          [
            629995.4318906418,
            5219685.701142789
          ],
          [
            629996.0962365954,
            5219684.953297449
          ],
          [
            629996.7605825486,
            5219684.205452111
          ],
          [
            629997.4249285021,
            5219683.457606771
          ],
          [
            629998.0892744553,
            5219682.709761432
          ],
          [
            629998.7536204088,
            5219681.961916093
          ],
          [
            629999.4179663621,
            5219681.214070754
          ],
          [
            630000.0823123156,
            5219680.466225415
          ],
          [
            630000.7466582692,
            5219679.718380075
          ],
          [
            630001.4110042225,
            5219678.970534736
          ],
          [
            630002.0753501758,
            5219678.222689397
          ],
          [
            630002.7396961293,
            5219677.474844058
          ],
          [
            630003.4040420827,
            5219676.726998718
          ],
          [
            630004.1466575818,
            5219676.044299903
          ],
          [
            630004.8892730809,
            5219675.361601088
          ],
          [
            630005.63188858,
            5219674.678902274
          ],
          [
            630006.3745040791,
            5219673.996203459
          ],
          [
            630007.1171195782,
            5219673.313504644
          ],
          [
            630007.8597350772,
            5219672.630805829
          ],
          [
            630008.6023505763,
            5219671.948107014
          ],
          [
            630009.3449660754,
            5219671.265408199
          ],
          [
            630010.0875815746,
            5219670.582709384
          ],
          [
            630010.8301970736,
            5219669.900010569
          ],
          [
            630011.5728125727,
            5219669.217311755
          ],
          [
            630012.3154280718,
            5219668.53461294
          ],
          [
            630013.0580435708,
            5219667.851914125
          ],
          [
            630013.8006590699,
            5219667.169215309
          ],
          [
            630014.5432745691,
            5219666.486516494
          ],
          [
            630015.2858900682,
            5219665.80381768
          ],
          [
            630016.0285055672,
            5219665.121118865
          ],
          [
            630016.7711210663,
            5219664.43842005
          ],
          [
            630017.5137365654,
            5219663.755721235
          ],
          [
            630018.2563520644,
            5219663.0730224205
          ],
          [
            630018.9989675636,
            5219662.390323605
          ],
          [
            630019.7415830627,
            5219661.70762479
          ],
          [
            630020.4841985618,
            5219661.024925975
          ],
          [
            630021.2268140608,
            5219660.34222716
          ],
          [
            630021.9694295599,
            5219659.659528346
          ],
          [
            630022.712045059,
            5219658.976829531
          ],
          [
            630023.4546605581,
            5219658.294130716
          ],
          [
            630024.1972760572,
            5219657.6114319
          ],
          [
            630024.9398915563,
            5219656.928733086
          ],
          [
            630025.6825070553,
            5219656.246034271
          ],
          [
            630026.4251225544,
            5219655.563335456
          ],
          [
            630027.1677380535,
            5219654.880636641
          ],
          [
            630027.9103535527,
            5219654.197937827
          ],
          [
            630028.6519423113,
            5219653.514118778
          ],
          [
            630029.3955845508,
            5219652.832540196
          ],
          [
            630030.1330163628,
            5219652.1566537265
          ],
          [
            630030.8704481749,
            5219651.480767257
          ],
          [
            630031.6078799869,
            5219650.804880788
          ],
          [
            630032.345311799,
            5219650.128994318
          ],
          [
            630033.082743611,
            5219649.453107848
          ],
          [
            630033.8201754229,
            5219648.777221378
          ],
          [
            630034.5576072349,
            5219648.101334909
          ],
          [
            630035.295039047,
            5219647.425448439
          ],
          [
            630036.0324708591,
            5219646.749561969
          ],
          [
            630036.7699026711,
            5219646.073675499
          ],
          [
            630037.5073344831,
            5219645.397789029
          ],
          [
            630038.2447662952,
            5219644.72190256
          ],
          [
            630038.9821981072,
            5219644.046016091
          ],
          [
            630039.7196299192,
            5219643.370129621
          ],
          [
            630040.4570617313,
            5219642.694243151
          ],
          [
            630041.1944935432,
            5219642.018356682
          ],
          [
            630041.9319253553,
            5219641.342470212
          ],
          [
            630042.6693571673,
            5219640.666583742
          ],
          [
            630043.3943423125,
            5219639.956005717
          ],
          [
            630044.1193274576,
            5219639.245427692
          ],
          [
            630044.8443126029,
            5219638.534849667
          ],
          [
            630045.569297748,
            5219637.824271642
          ],
          [
            630046.2942828932,
            5219637.113693617
          ],
          [
            630047.0192680383,
            5219636.403115592
          ],
          [
            630047.7442531835,
            5219635.692537567
          ],
          [
            630048.4692383287,
            5219634.981959541
          ],
          [
            630049.1942234739,
            5219634.271381517
          ],
          [
            630049.919208619,
            5219633.560803492
          ],
          [
            630050.6441937642,
            5219632.850225466
          ],
          [
            630051.3691789093,
            5219632.139647442
          ],
          [
            630052.0941640546,
            5219631.429069417
          ],
          [
            630052.8191491998,
            5219630.718491391
          ],
          [
            630053.5441343449,
            5219630.007913367
          ],
          [
            630054.26911949,
            5219629.297335342
          ],
          [
            630054.9941046352,
            5219628.586757316
          ],
          [
            630055.7190897805,
            5219627.876179291
          ],
          [
            630056.4440749256,
            5219627.165601267
          ],
          [
            630057.1690600708,
            5219626.455023241
          ],
          [
            630057.8940452159,
            5219625.744445216
          ],
          [
            630058.6190303611,
            5219625.0338671915
          ],
          [
            630059.3440155062,
            5219624.323289166
          ],
          [
            630060.0690006515,
            5219623.612711141
          ],
          [
            630060.7939857966,
            5219622.9021331165
          ],
          [
            630061.5189709418,
            5219622.191555091
          ],
          [
            630062.2439560869,
            5219621.480977066
          ],
          [
            630062.9689412321,
            5219620.7703990415
          ],
          [
            630063.6939263773,
            5219620.059821016
          ],
          [
            630064.4189115225,
            5219619.349242991
          ],
          [
            630065.1438966676,
            5219618.6386649655
          ],
          [
            630065.8688818128,
            5219617.928086941
          ],
          [
            630066.5938669579,
            5219617.217508916
          ],
          [
            630067.3188521032,
            5219616.5069308905
          ],
          [
            630068.0438372483,
            5219615.796352866
          ],
          [
            630068.7688223935,
            5219615.085774841
          ],
          [
            630069.5413309693,
            5219614.450276062
          ],
          [
            630070.3138395451,
            5219613.814777283
          ],
          [
            630071.0863481207,
            5219613.179278505
          ],
          [
            630071.8588566964,
            5219612.543779726
          ],
          [
            630072.6313652721,
            5219611.908280947
          ],
          [
            630073.4038738479,
            5219611.272782168
          ],
          [
            630074.1763824236,
            5219610.63728339
          ],
          [
            630074.9488909993,
            5219610.0017846115
          ],
          [
            630075.721399575,
            5219609.366285833
          ],
          [
            630076.4939081508,
            5219608.730787054
          ],
          [
            630077.2664167266,
            5219608.095288275
          ],
          [
            630078.0389253022,
            5219607.459789497
          ],
          [
            630078.8114338779,
            5219606.824290718
          ],
          [
            630079.5839424537,
            5219606.188791939
          ],
          [
            630080.3564510295,
            5219605.55329316
          ],
          [
            630081.1289596051,
            5219604.917794382
          ],
          [
            630081.9014681808,
            5219604.282295603
          ],
          [
            630082.6739767565,
            5219603.646796824
          ],
          [
            630083.4464853323,
            5219603.0112980455
          ],
          [
            630084.2189939081,
            5219602.375799267
          ],
          [
            630084.9915024837,
            5219601.740300489
          ],
          [
            630085.7640110594,
            5219601.10480171
          ],
          [
            630086.5365196352,
            5219600.469302931
          ],
          [
            630087.309028211,
            5219599.833804152
          ],
          [
            630088.0815367866,
            5219599.198305374
          ],
          [
            630088.8540453623,
            5219598.562806595
          ],
          [
            630089.6265539381,
            5219597.927307816
          ],
          [
            630090.399062514,
            5219597.291809037
          ],
          [
            630091.1715710898,
            5219596.656310258
          ],
          [
            630091.9440796652,
            5219596.0208114805
          ],
          [
            630092.7165882409,
            5219595.385312702
          ],
          [
            630093.4890968167,
            5219594.749813923
          ],
          [
            630094.2616053926,
            5219594.114315144
          ],
          [
            630095.0341139681,
            5219593.478816366
          ],
          [
            630095.8066225438,
            5219592.843317587
          ],
          [
            630096.5791311197,
            5219592.207818808
          ],
          [
            630097.3516396955,
            5219591.572320029
          ],
          [
            630098.1241482713,
            5219590.93682125
          ],
          [
            630098.8966568467,
            5219590.301322472
          ],
          [
            630099.6691654224,
            5219589.665823693
          ],
          [
            630100.4416739983,
            5219589.0303249145
          ],
          [
            630101.2141825738,
            5219588.3948261365
          ],
          [
            630101.9866911497,
            5219587.759327358
          ],
          [
            630102.7591997253,
            5219587.123828579
          ],
          [
            630103.5317083012,
            5219586.4883298
          ],
          [
            630104.3042168771,
            5219585.852831021
          ],
          [
            630105.0767254526,
            5219585.217332243
          ],
          [
            630105.8492340283,
            5219584.581833464
          ],
          [
            630106.6217426041,
            5219583.946334685
          ],
          [
            630107.3942511799,
            5219583.310835906
          ],
          [
            630108.1667597555,
            5219582.675337128
          ],
          [
            630108.9392683312,
            5219582.039838349
          ],
          [
            630109.7117769069,
            5219581.404339571
          ],
          [
            630110.4842854828,
            5219580.768840792
          ],
          [
            630111.2567940586,
            5219580.133342013
          ],
          [
            630112.0293026341,
            5219579.497843235
          ],
          [
            630112.8018112098,
            5219578.862344456
          ],
          [
            630113.5743197856,
            5219578.226845677
          ],
          [
            630114.3468283615,
            5219577.591346898
          ],
          [
            630115.119336937,
            5219576.95584812
          ],
          [
            630115.8918455127,
            5219576.320349341
          ],
          [
            630116.6643540885,
            5219575.684850562
          ],
          [
            630117.4368626643,
            5219575.0493517835
          ],
          [
            630118.2093712401,
            5219574.413853005
          ],
          [
            630118.9818798156,
            5219573.778354227
          ],
          [
            630119.7543883913,
            5219573.142855448
          ],
          [
            630120.5268969672,
            5219572.507356669
          ],
          [
            630121.299405543,
            5219571.87185789
          ],
          [
            630122.0719141188,
            5219571.236359111
          ],
          [
            630122.8444226942,
            5219570.600860333
          ],
          [
            630123.61693127,
            5219569.965361554
          ],
          [
            630124.3894398458,
            5219569.329862775
          ],
          [
            630125.1619037996,
            5219568.6944007045
          ],
          [
            630125.9343677534,
            5219568.058938634
          ],
          [
            630126.7068317073,
            5219567.423476563
          ],
          [
            630127.4792956611,
            5219566.788014492
          ],
          [
            630128.2517596149,
            5219566.152552421
          ],
          [
            630129.0242235686,
            5219565.517090351
          ],
          [
            630129.796687522,
            5219564.8816282805
          ],
          [
            630130.5695762043,
            5219564.245240193
          ],
          [
            630131.3300689815,
            5219563.595586609
          ],
          [
            630132.0905617586,
            5219562.945933024
          ],
          [
            630132.8510545358,
            5219562.296279441
          ],
          [
            630133.6115473132,
            5219561.646625857
          ],
          [
            630134.3721271856,
            5219560.996897872
          ],
          [
            630135.1327070579,
            5219560.347169886
          ],
          [
            630135.8932869302,
            5219559.6974419
          ],
          [
            630136.6538668026,
            5219559.047713915
          ],
          [
            630137.414446675,
            5219558.39798593
          ],
          [
            630138.1750265473,
            5219557.748257944
          ],
          [
            630138.9356064196,
            5219557.098529959
          ],
          [
            630139.6961862921,
            5219556.448801973
          ],
          [
            630140.4567661644,
            5219555.799073988
          ],
          [
            630141.2173460367,
            5219555.149346002
          ],
          [
            630141.977925909,
            5219554.499618017
          ],
          [
            630142.7385057814,
            5219553.849890032
          ],
          [
            630143.4990856539,
            5219553.200162046
          ],
          [
            630144.2596655261,
            5219552.55043406
          ],
          [
            630145.0202453984,
            5219551.900706075
          ],
          [
            630145.7808252708,
            5219551.25097809
          ],
          [
            630146.5414051432,
            5219550.601250105
          ],
          [
            630147.3019850155,
            5219549.951522119
          ],
          [
            630148.0625648879,
            5219549.301794133
          ],
          [
            630148.8231447602,
            5219548.652066148
          ],
          [
            630149.5837246326,
            5219548.002338163
          ],
          [
            630150.3443045049,
            5219547.352610177
          ],
          [
            630151.1048843772,
            5219546.702882192
          ],
          [
            630151.8654642497,
            5219546.053154206
          ],
          [
            630152.626044122,
            5219545.403426221
          ],
          [
            630153.3866239943,
            5219544.753698235
          ],
          [
            630154.1472038666,
            5219544.10397025
          ],
          [
            630154.907783739,
            5219543.454242265
          ],
          [
            630155.6683636116,
            5219542.804514279
          ],
          [
            630156.4289434839,
            5219542.154786293
          ],
          [
            630157.189523356,
            5219541.505058308
          ],
          [
            630157.9501032284,
            5219540.855330323
          ],
          [
            630158.7106831007,
            5219540.205602338
          ],
          [
            630159.4712629734,
            5219539.555874351
          ],
          [
            630160.2318428457,
            5219538.906146366
          ],
          [
            630160.992422718,
            5219538.256418381
          ],
          [
            630161.7530025902,
            5219537.606690396
          ],
          [
            630162.5135824626,
            5219536.95696241
          ],
          [
            630163.2741623349,
            5219536.307234425
          ],
          [
            630164.0347422075,
            5219535.657506439
          ],
          [
            630164.7953220798,
            5219535.007778454
          ],
          [
            630165.555901952,
            5219534.358050468
          ],
          [
            630166.3164818243,
            5219533.708322483
          ],
          [
            630167.0770616967,
            5219533.058594498
          ],
          [
            630167.8376415693,
            5219532.408866512
          ],
          [
            630168.5982214416,
            5219531.759138526
          ],
          [
            630169.3588013138,
            5219531.109410541
          ],
          [
            630170.1193811861,
            5219530.459682556
          ],
          [
            630170.8799610585,
            5219529.809954571
          ],
          [
            630171.6405409308,
            5219529.160226585
          ],
          [
            630172.4011208031,
            5219528.5104986
          ],
          [
            630173.1617006756,
            5219527.860770614
          ],
          [
            630173.9222805479,
            5219527.211042629
          ],
          [
            630174.6828604202,
            5219526.561314643
          ],
          [
            630175.4434402925,
            5219525.911586658
          ],
          [
            630176.2040201649,
            5219525.261858673
          ],
          [
            630176.9646000374,
            5219524.612130687
          ],
          [
            630177.7251799097,
            5219523.962402701
          ],
          [
            630178.485759782,
            5219523.312674716
          ],
          [
            630179.2463396543,
            5219522.662946731
          ],
          [
            630180.0069195267,
            5219522.013218746
          ],
          [
            630180.767499399,
            5219521.36349076
          ],
          [
            630181.5280792713,
            5219520.713762775
          ],
          [
            630182.2886591438,
            5219520.064034789
          ],
          [
            630183.0492390161,
            5219519.414306804
          ],
          [
            630183.8098188884,
            5219518.764578818
          ],
          [
            630184.5703987607,
            5219518.114850833
          ],
          [
            630185.3309786331,
            5219517.465122848
          ],
          [
            630186.0915585057,
            5219516.815394862
          ],
          [
            630186.8521383778,
            5219516.165666876
          ],
          [
            630187.6127182501,
            5219515.515938891
          ],
          [
            630188.3732981225,
            5219514.866210906
          ],
          [
            630189.1908977154,
            5219514.2869974645
          ],
          [
            630190.0084973084,
            5219513.707784023
          ],
          [
            630190.8260969012,
            5219513.128570582
          ],
          [
            630191.6436964942,
            5219512.5493571395
          ],
          [
            630192.461296087,
            5219511.970143698
          ],
          [
            630193.2788956799,
            5219511.390930257
          ],
          [
            630194.0964952728,
            5219510.811716815
          ],
          [
            630194.9140948657,
            5219510.232503374
          ],
          [
            630195.7316944586,
            5219509.653289933
          ],
          [
            630196.5492940515,
            5219509.074076491
          ],
          [
            630197.3668936444,
            5219508.494863049
          ],
          [
            630198.1844932373,
            5219507.915649608
          ],
          [
            630199.0020928301,
            5219507.336436166
          ],
          [
            630199.8196924231,
            5219506.757222725
          ],
          [
            630200.637292016,
            5219506.178009284
          ],
          [
            630201.4548916089,
            5219505.598795842
          ],
          [
            630202.2724912018,
            5219505.0195824
          ],
          [
            630203.0900907946,
            5219504.440368959
          ],
          [
            630203.9076903876,
            5219503.861155517
          ],
          [
            630204.7252899804,
            5219503.281942076
          ],
          [
            630205.5428895734,
            5219502.702728635
          ],
          [
            630206.3604891662,
            5219502.123515193
          ],
          [
            630207.1780887591,
            5219501.544301752
          ],
          [
            630207.995688352,
            5219500.96508831
          ],
          [
            630208.8132879449,
            5219500.385874868
          ],
          [
            630209.6308875378,
            5219499.806661427
          ],
          [
            630210.4484871307,
            5219499.227447986
          ],
          [
            630211.2660867237,
            5219498.648234544
          ],
          [
            630212.0836863165,
            5219498.069021103
          ],
          [
            630212.9012859093,
            5219497.489807662
          ],
          [
            630213.7188855023,
            5219496.910594219
          ],
          [
            630214.5364850952,
            5219496.331380778
          ],
          [
            630215.3540846881,
            5219495.752167337
          ],
          [
            630216.171684281,
            5219495.172953895
          ],
          [
            630217.0336069536,
            5219494.633176023
          ],
          [
            630217.8955296263,
            5219494.093398152
          ],
          [
            630218.7574522987,
            5219493.553620281
          ],
          [
            630219.6193749715,
            5219493.013842409
          ],
          [
            630220.4812976439,
            5219492.474064536
          ],
          [
            630221.3432203167,
            5219491.934286665
          ],
          [
            630222.1911995641,
            5219491.3733349955
          ],
          [
            630223.0391788115,
            5219490.812383326
          ],
          [
            630223.8871580589,
            5219490.251431656
          ],
          [
            630224.7351373063,
            5219489.690479986
          ],
          [
            630225.5831165536,
            5219489.129528318
          ],
          [
            630226.431095801,
            5219488.568576648
          ],
          [
            630227.2790750484,
            5219488.007624978
          ],
          [
            630228.1270542957,
            5219487.4466733085
          ],
          [
            630228.9750335431,
            5219486.885721639
          ],
          [
            630229.8230127904,
            5219486.324769969
          ],
          [
            630230.6709920377,
            5219485.763818299
          ],
          [
            630231.5189712852,
            5219485.20286663
          ],
          [
            630232.3669505325,
            5219484.64191496
          ],
          [
            630233.2149297799,
            5219484.080963291
          ],
          [
            630234.0629090272,
            5219483.5200116215
          ],
          [
            630234.9108882747,
            5219482.959059952
          ],
          [
            630235.758867522,
            5219482.398108282
          ],
          [
            630236.6068467693,
            5219481.837156612
          ],
          [
            630237.4548260167,
            5219481.276204943
          ],
          [
            630238.302805264,
            5219480.715253273
          ],
          [
            630239.1507845115,
            5219480.154301603
          ],
          [
            630239.9987637588,
            5219479.593349934
          ],
          [
            630240.8467430061,
            5219479.032398265
          ],
          [
            630241.6947222535,
            5219478.471446595
          ],
          [
            630242.5427015009,
            5219477.910494925
          ],
          [
            630243.3906807483,
            5219477.349543256
          ],
          [
            630244.2386599956,
            5219476.788591586
          ],
          [
            630245.086639243,
            5219476.227639916
          ],
          [
            630245.9346184903,
            5219475.666688247
          ],
          [
            630246.7825977377,
            5219475.105736577
          ],
          [
            630247.6305769851,
            5219474.544784907
          ],
          [
            630248.4785562324,
            5219473.9838332385
          ],
          [
            630249.3265354797,
            5219473.422881569
          ],
          [
            630250.1745147272,
            5219472.861929899
          ],
          [
            630251.0224939745,
            5219472.300978229
          ],
          [
            630251.8704732219,
            5219471.74002656
          ],
          [
            630252.7265569245,
            5219471.147802572
          ],
          [
            630253.5826406272,
            5219470.555578585
          ],
          [
            630254.4387243298,
            5219469.963354597
          ],
          [
            630255.2948080326,
            5219469.371130609
          ],
          [
            630256.1508917352,
            5219468.778906622
          ],
          [
            630257.0109006978,
            5219468.192356756
          ],
          [
            630257.8676386104,
            5219467.601078455
          ],
          [
            630258.724376523,
            5219467.009800155
          ],
          [
            630259.5811144358,
            5219466.418521854
          ],
          [
            630260.4378523484,
            5219465.8272435535
          ],
          [
            630261.2945902611,
            5219465.235965253
          ],
          [
            630262.1513281737,
            5219464.644686952
          ],
          [
            630263.0080660863,
            5219464.053408652
          ],
          [
            630263.864803999,
            5219463.462130351
          ],
          [
            630264.7215419116,
            5219462.87085205
          ],
          [
            630265.5782798243,
            5219462.27957375
          ],
          [
            630266.435017737,
            5219461.688295449
          ],
          [
            630267.2917556497,
            5219461.0970171485
          ],
          [
            630268.220339186,
            5219460.7256188905
          ],
          [
            630269.1489227221,
            5219460.3542206315
          ],
          [
            630270.0775062584,
            5219459.9828223735
          ],
          [
            630271.0060897947,
            5219459.611424115
          ],
          [
            630271.9346733307,
            5219459.2400258565
          ],
          [
            630272.8594494604,
            5219458.85910818
          ],
          [
            630273.819718134,
            5219458.426918145
          ],
          [
            630274.7799868076,
            5219457.994728111
          ],
          [
            630275.7402554811,
            5219457.562538076
          ],
          [
            630276.7005241547,
            5219457.130348041
          ],
          [
            630277.6607928283,
            5219456.698158006
          ],
          [
            630278.6210615019,
            5219456.265967972
          ],
          [
            630279.5813301755,
            5219455.833777937
          ],
          [
            630280.541598849,
            5219455.401587903
          ],
          [
            630281.5018675226,
            5219454.969397868
          ],
          [
            630282.4621361962,
            5219454.5372078335
          ],
          [
            630283.4224048698,
            5219454.105017798
          ],
          [
            630284.3826735433,
            5219453.6728277635
          ],
          [
            630285.3429422169,
            5219453.240637729
          ],
          [
            630286.3032108905,
            5219452.808447694
          ],
          [
            630286.7979870241,
            5219454.147973847
          ],
          [
            630287.2927631574,
            5219455.487499999
          ],
          [
            630286.7979870241,
            5219454.147973847
          ],
          [
            630286.3032108905,
            5219452.808447694
          ],
          [
            630285.4817903924,
            5219453.3980373405
          ],
          [
            630284.6603698945,
            5219453.987626986
          ],
          [
            630283.8389493964,
            5219454.577216632
          ],
          [
            630283.0175288983,
            5219455.166806277
          ],
          [
            630282.1961084002,
            5219455.756395923
          ],
          [
            630281.3746879023,
            5219456.345985568
          ],
          [
            630280.5532674042,
            5219456.935575214
          ],
          [
            630279.7318469061,
            5219457.525164859
          ],
          [
            630278.910426408,
            5219458.114754505
          ],
          [
            630278.0890059101,
            5219458.704344151
          ],
          [
            630277.267585412,
            5219459.293933797
          ],
          [
            630276.4461649139,
            5219459.883523442
          ],
          [
            630275.6247444159,
            5219460.473113088
          ],
          [
            630274.8033239179,
            5219461.062702733
          ],
          [
            630273.9819034198,
            5219461.652292379
          ],
          [
            630273.6516259827,
            5219462.614159136
          ],
          [
            630273.3213485453,
            5219463.576025894
          ],
          [
            630272.9910711081,
            5219464.537892651
          ],
          [
            630272.6607936707,
            5219465.499759409
          ],
          [
            630272.3305162336,
            5219466.461626166
          ],
          [
            630272.0002387961,
            5219467.423492923
          ],
          [
            630271.669961359,
            5219468.38535968
          ],
          [
            630271.3396839217,
            5219469.347226438
          ],
          [
            630271.0094064843,
            5219470.309093195
          ],
          [
            630270.6791290471,
            5219471.270959953
          ],
          [
            630270.3488516097,
            5219472.23282671
          ],
          [
            630270.0185741725,
            5219473.194693468
          ],
          [
            630269.6882967352,
            5219474.1565602245
          ],
          [
            630269.358019298,
            5219475.118426982
          ],
          [
            630269.0277418606,
            5219476.080293739
          ],
          [
            630268.6974644235,
            5219477.042160496
          ],
          [
            630268.3671869861,
            5219478.004027254
          ],
          [
            630268.0369095489,
            5219478.965894011
          ],
          [
            630267.7066321116,
            5219479.927760769
          ],
          [
            630267.3763546743,
            5219480.889627526
          ],
          [
            630267.046077237,
            5219481.851494283
          ],
          [
            630266.7157997998,
            5219482.81336104
          ],
          [
            630266.3855223624,
            5219483.775227798
          ],
          [
            630266.0552449252,
            5219484.737094555
          ],
          [
            630265.7249674879,
            5219485.698961313
          ],
          [
            630265.3946900506,
            5219486.66082807
          ],
          [
            630265.0644126133,
            5219487.622694828
          ],
          [
            630264.734135176,
            5219488.5845615845
          ],
          [
            630264.4038577387,
            5219489.546428342
          ],
          [
            630264.0735803015,
            5219490.508295099
          ],
          [
            630263.8147120399,
            5219491.499058685
          ],
          [
            630263.5558437782,
            5219492.48982227
          ],
          [
            630263.2969755166,
            5219493.480585856
          ],
          [
            630263.0381072549,
            5219494.471349441
          ],
          [
            630262.7792389933,
            5219495.462113027
          ],
          [
            630262.5203707316,
            5219496.452876613
          ],
          [
            630262.26150247,
            5219497.443640199
          ],
          [
            630262.0026342084,
            5219498.434403784
          ],
          [
            630261.7437659467,
            5219499.42516737
          ],
          [
            630261.4848976851,
            5219500.415930955
          ],
          [
            630261.2260294234,
            5219501.406694541
          ],
          [
            630260.9671611618,
            5219502.397458126
          ],
          [
            630260.7082929001,
            5219503.388221712
          ],
          [
            630260.4494246385,
            5219504.378985298
          ],
          [
            630260.1905563768,
            5219505.369748883
          ],
          [
            630259.9316881152,
            5219506.360512469
          ],
          [
            630259.6728198536,
            5219507.351276054
          ],
          [
            630259.4139515919,
            5219508.34203964
          ],
          [
            630259.1550833303,
            5219509.332803225
          ],
          [
            630258.8962150686,
            5219510.323566811
          ],
          [
            630258.637346807,
            5219511.314330396
          ],
          [
            630258.3784785453,
            5219512.305093982
          ],
          [
            630258.1196102838,
            5219513.295857567
          ],
          [
            630257.8607420222,
            5219514.286621153
          ],
          [
            630257.6018737605,
            5219515.277384738
          ],
          [
            630257.3430054989,
            5219516.268148324
          ],
          [
            630257.0841372372,
            5219517.2589119105
          ],
          [
            630256.8252689756,
            5219518.249675496
          ],
          [
            630256.5664007139,
            5219519.240439082
          ],
          [
            630256.3075324523,
            5219520.231202667
          ],
          [
            630256.0486641906,
            5219521.221966253
          ],
          [
            630255.789795929,
            5219522.212729838
          ],
          [
            630255.5309276674,
            5219523.203493424
          ],
          [
            630255.2720594057,
            5219524.194257009
          ],
          [
            630255.0131911441,
            5219525.185020595
          ],
          [
            630254.7543228824,
            5219526.17578418
          ],
          [
            630254.4954546208,
            5219527.166547766
          ],
          [
            630254.2365863591,
            5219528.157311351
          ],
          [
            630253.9777180975,
            5219529.148074937
          ],
          [
            630253.650928176,
            5219530.099785005
          ],
          [
            630253.3241382546,
            5219531.0514950715
          ],
          [
            630252.9973483332,
            5219532.003205139
          ],
          [
            630252.6705584117,
            5219532.954915207
          ],
          [
            630252.3437684902,
            5219533.906625274
          ],
          [
            630252.0169785689,
            5219534.858335341
          ],
          [
            630251.6901886474,
            5219535.810045409
          ],
          [
            630251.363398726,
            5219536.761755476
          ],
          [
            630251.0366088045,
            5219537.713465543
          ],
          [
            630250.7098188831,
            5219538.66517561
          ],
          [
            630250.3830289617,
            5219539.616885678
          ],
          [
            630250.0562390402,
            5219540.568595745
          ],
          [
            630249.7294491187,
            5219541.520305812
          ],
          [
            630249.4026591973,
            5219542.47201588
          ],
          [
            630249.075869276,
            5219543.423725947
          ],
          [
            630248.7490793545,
            5219544.3754360145
          ],
          [
            630248.422289433,
            5219545.327146081
          ],
          [
            630248.0954995116,
            5219546.278856149
          ],
          [
            630247.3287316277,
            5219546.955949102
          ],
          [
            630246.5619637438,
            5219547.633042053
          ],
          [
            630245.7951958599,
            5219548.310135006
          ],
          [
            630245.028427976,
            5219548.987227959
          ],
          [
            630244.261660092,
            5219549.66432091
          ],
          [
            630243.4948922081,
            5219550.341413863
          ],
          [
            630242.7281243242,
            5219551.018506816
          ],
          [
            630241.9613564403,
            5219551.695599768
          ],
          [
            630241.1945885563,
            5219552.37269272
          ],
          [
            630240.4278206724,
            5219553.049785673
          ],
          [
            630239.6610527885,
            5219553.726878625
          ],
          [
            630238.8942849046,
            5219554.403971577
          ],
          [
            630238.1275170207,
            5219555.08106453
          ],
          [
            630237.3607491368,
            5219555.758157482
          ],
          [
            630236.5939812529,
            5219556.435250434
          ],
          [
            630235.827213369,
            5219557.112343387
          ],
          [
            630234.8476194807,
            5219557.427821373
          ],
          [
            630233.8680255924,
            5219557.743299359
          ],
          [
            630232.8884317041,
            5219558.058777345
          ],
          [
            630231.908837816,
            5219558.374255331
          ],
          [
            630230.9292439277,
            5219558.689733318
          ],
          [
            630229.9496500394,
            5219559.005211304
          ],
          [
            630228.9700561512,
            5219559.32068929
          ],
          [
            630227.9904622629,
            5219559.636167277
          ],
          [
            630227.0108683747,
            5219559.951645263
          ],
          [
            630226.0312744864,
            5219560.267123248
          ],
          [
            630225.0516805982,
            5219560.582601235
          ],
          [
            630224.07208671,
            5219560.898079221
          ],
          [
            630223.0924928217,
            5219561.213557207
          ],
          [
            630222.1128989334,
            5219561.529035194
          ],
          [
            630221.1333050452,
            5219561.84451318
          ],
          [
            630220.1537111569,
            5219562.159991166
          ],
          [
            630219.1741172686,
            5219562.475469152
          ],
          [
            630218.1945233805,
            5219562.790947138
          ],
          [
            630217.4858422535,
            5219561.979319494
          ],
          [
            630216.7771611265,
            5219561.167691849
          ],
          [
            630216.0684799994,
            5219560.356064205
          ],
          [
            630215.3597988725,
            5219559.54443656
          ],
          [
            630214.6511177456,
            5219558.732808916
          ],
          [
            630213.9424366185,
            5219557.921181272
          ],
          [
            630213.2337554914,
            5219557.109553627
          ],
          [
            630212.5250743645,
            5219556.297925983
          ],
          [
            630211.8163932376,
            5219555.486298338
          ],
          [
            630211.1077121105,
            5219554.674670693
          ],
          [
            630210.8740409144,
            5219553.616949291
          ],
          [
            630210.6403697182,
            5219552.5592278885
          ],
          [
            630210.4066985219,
            5219551.501506486
          ],
          [
            630210.1730273258,
            5219550.4437850835
          ],
          [
            630209.9393561295,
            5219549.386063681
          ],
          [
            630209.7056849335,
            5219548.328342279
          ],
          [
            630209.4720137373,
            5219547.270620877
          ],
          [
            630209.238342541,
            5219546.212899474
          ],
          [
            630209.0046713449,
            5219545.155178072
          ],
          [
            630208.7710001486,
            5219544.097456669
          ],
          [
            630208.5373289525,
            5219543.039735267
          ],
          [
            630208.3036577562,
            5219541.982013864
          ],
          [
            630208.1700876448,
            5219540.968373016
          ],
          [
            630208.0365175336,
            5219539.9547321685
          ],
          [
            630207.9029474222,
            5219538.94109132
          ],
          [
            630207.7693773109,
            5219537.927450472
          ],
          [
            630207.6358071995,
            5219536.913809624
          ],
          [
            630207.5022370883,
            5219535.900168776
          ],
          [
            630207.3686669769,
            5219534.886527927
          ],
          [
            630207.2350968656,
            5219533.872887079
          ],
          [
            630207.1015267543,
            5219532.859246231
          ],
          [
            630206.967956643,
            5219531.845605383
          ],
          [
            630206.8343865316,
            5219530.831964534
          ],
          [
            630206.7008164204,
            5219529.818323686
          ],
          [
            630206.567246309,
            5219528.804682838
          ],
          [
            630206.4336761977,
            5219527.79104199
          ],
          [
            630206.3001060863,
            5219526.777401141
          ],
          [
            630206.1665359751,
            5219525.763760293
          ],
          [
            630206.0329658637,
            5219524.750119445
          ],
          [
            630205.8993957523,
            5219523.736478597
          ],
          [
            630205.7658256411,
            5219522.722837749
          ],
          [
            630205.6322555298,
            5219521.7091969
          ],
          [
            630205.4986854184,
            5219520.695556052
          ],
          [
            630205.365115307,
            5219519.681915204
          ],
          [
            630205.2315451958,
            5219518.668274356
          ],
          [
            630205.0979750844,
            5219517.654633507
          ],
          [
            630204.9644049731,
            5219516.640992659
          ],
          [
            630204.8308348618,
            5219515.627351811
          ],
          [
            630204.6972647505,
            5219514.613710963
          ],
          [
            630204.5636946391,
            5219513.600070114
          ],
          [
            630204.4301245279,
            5219512.586429266
          ],
          [
            630204.2965544165,
            5219511.572788418
          ],
          [
            630204.1629843052,
            5219510.55914757
          ],
          [
            630204.0294141938,
            5219509.545506721
          ],
          [
            630203.8958440826,
            5219508.531865873
          ],
          [
            630203.7622739711,
            5219507.518225025
          ],
          [
            630202.7186044079,
            5219507.443433368
          ],
          [
            630201.6749348444,
            5219507.368641711
          ],
          [
            630200.631265281,
            5219507.293850053
          ],
          [
            630199.5875957176,
            5219507.219058395
          ],
          [
            630198.5439261541,
            5219507.144266739
          ],
          [
            630197.5002565908,
            5219507.069475081
          ],
          [
            630196.7396767185,
            5219507.719203066
          ],
          [
            630195.9790968461,
            5219508.368931051
          ],
          [
            630195.2185169738,
            5219509.018659037
          ],
          [
            630194.4579371014,
            5219509.668387023
          ],
          [
            630193.697357229,
            5219510.318115008
          ],
          [
            630192.9367773567,
            5219510.967842993
          ],
          [
            630192.1761974844,
            5219511.617570979
          ],
          [
            630191.415617612,
            5219512.267298964
          ],
          [
            630190.6550377395,
            5219512.91702695
          ],
          [
            630189.8944578673,
            5219513.566754935
          ],
          [
            630189.133877995,
            5219514.216482921
          ],
          [
            630188.3732981225,
            5219514.866210906
          ],
          [
            630187.6127182501,
            5219515.515938891
          ],
          [
            630186.8521383778,
            5219516.165666876
          ],
          [
            630186.0915585057,
            5219516.815394862
          ],
          [
            630185.3309786331,
            5219517.465122848
          ],
          [
            630184.5703987607,
            5219518.114850833
          ],
          [
            630183.8098188884,
            5219518.764578818
          ],
          [
            630183.0492390161,
            5219519.414306804
          ],
          [
            630182.2886591438,
            5219520.064034789
          ],
          [
            630181.5280792713,
            5219520.713762775
          ],
          [
            630180.767499399,
            5219521.36349076
          ],
          [
            630180.0069195267,
            5219522.013218746
          ],
          [
            630179.2463396543,
            5219522.662946731
          ],
          [
            630178.485759782,
            5219523.312674716
          ],
          [
            630177.7251799097,
            5219523.962402701
          ],
          [
            630176.9646000374,
            5219524.612130687
          ],
          [
            630176.2040201649,
            5219525.261858673
          ],
          [
            630175.4434402925,
            5219525.911586658
          ],
          [
            630174.6828604202,
            5219526.561314643
          ],
          [
            630173.9222805479,
            5219527.211042629
          ],
          [
            630173.1617006756,
            5219527.860770614
          ],
          [
            630172.4011208031,
            5219528.5104986
          ],
          [
            630171.6405409308,
            5219529.160226585
          ],
          [
            630170.8799610585,
            5219529.809954571
          ],
          [
            630170.1193811861,
            5219530.459682556
          ],
          [
            630169.3588013139,
            5219531.109410541
          ],
          [
            630168.5982214416,
            5219531.759138526
          ],
          [
            630167.8376415693,
            5219532.408866512
          ],
          [
            630167.0770616967,
            5219533.058594498
          ],
          [
            630166.3164818243,
            5219533.708322483
          ],
          [
            630165.555901952,
            5219534.358050468
          ],
          [
            630164.7953220798,
            5219535.007778454
          ],
          [
            630164.0347422075,
            5219535.657506439
          ],
          [
            630163.2741623349,
            5219536.307234425
          ],
          [
            630162.5135824626,
            5219536.95696241
          ],
          [
            630161.7530025903,
            5219537.606690396
          ],
          [
            630160.992422718,
            5219538.256418381
          ],
          [
            630160.2318428457,
            5219538.906146366
          ],
          [
            630159.4712629734,
            5219539.555874351
          ],
          [
            630158.7106831012,
            5219540.205602337
          ],
          [
            630157.9501032284,
            5219540.855330323
          ],
          [
            630157.189523356,
            5219541.505058308
          ],
          [
            630156.4289434839,
            5219542.154786293
          ],
          [
            630155.6683636116,
            5219542.804514279
          ],
          [
            630154.9077837393,
            5219543.454242264
          ],
          [
            630154.1472038666,
            5219544.10397025
          ],
          [
            630153.3866239943,
            5219544.753698235
          ],
          [
            630152.626044122,
            5219545.403426221
          ],
          [
            630151.8654642497,
            5219546.053154206
          ],
          [
            630151.1048843774,
            5219546.702882191
          ],
          [
            630150.3443045049,
            5219547.352610177
          ],
          [
            630149.5837246326,
            5219548.002338163
          ],
          [
            630148.8231447602,
            5219548.652066148
          ],
          [
            630148.0625648879,
            5219549.301794133
          ],
          [
            630147.3019850157,
            5219549.951522118
          ],
          [
            630146.5414051432,
            5219550.601250105
          ],
          [
            630145.7808252708,
            5219551.25097809
          ],
          [
            630145.0202453984,
            5219551.900706075
          ],
          [
            630144.2596655261,
            5219552.55043406
          ],
          [
            630143.4990856539,
            5219553.200162046
          ],
          [
            630142.7385057814,
            5219553.849890032
          ],
          [
            630141.977925909,
            5219554.499618017
          ],
          [
            630141.2173460367,
            5219555.149346002
          ],
          [
            630140.4567661644,
            5219555.799073988
          ],
          [
            630139.6961862921,
            5219556.448801973
          ],
          [
            630138.9356064196,
            5219557.098529959
          ],
          [
            630138.1750265473,
            5219557.748257944
          ],
          [
            630137.414446675,
            5219558.39798593
          ],
          [
            630136.6538668026,
            5219559.047713915
          ],
          [
            630135.8932869302,
            5219559.6974419
          ],
          [
            630135.1327070579,
            5219560.347169886
          ],
          [
            630134.3721271856,
            5219560.996897872
          ],
          [
            630133.6115473132,
            5219561.646625857
          ],
          [
            630132.8510545358,
            5219562.296279441
          ],
          [
            630132.0905617586,
            5219562.945933024
          ],
          [
            630131.3300689815,
            5219563.595586609
          ],
          [
            630130.5695762043,
            5219564.245240193
          ],
          [
            630129.796687522,
            5219564.8816282805
          ],
          [
            630129.0242235686,
            5219565.517090351
          ],
          [
            630128.2517596149,
            5219566.152552421
          ],
          [
            630127.4792956611,
            5219566.788014492
          ],
          [
            630126.7068317073,
            5219567.423476563
          ],
          [
            630125.9343677534,
            5219568.058938634
          ],
          [
            630125.1619037996,
            5219568.6944007045
          ],
          [
            630124.3894398458,
            5219569.329862775
          ],
          [
            630123.61693127,
            5219569.965361554
          ],
          [
            630122.8444226942,
            5219570.600860333
          ],
          [
            630122.0719141188,
            5219571.236359111
          ],
          [
            630121.299405543,
            5219571.87185789
          ],
          [
            630120.5268969672,
            5219572.507356669
          ],
          [
            630119.7543883913,
            5219573.142855448
          ],
          [
            630118.9818798159,
            5219573.778354226
          ],
          [
            630118.2093712401,
            5219574.413853005
          ],
          [
            630117.4368626643,
            5219575.0493517835
          ],
          [
            630116.6643540885,
            5219575.684850562
          ],
          [
            630115.8918455127,
            5219576.320349341
          ],
          [
            630115.1193369373,
            5219576.955848119
          ],
          [
            630114.3468283614,
            5219577.591346898
          ],
          [
            630113.5743197856,
            5219578.226845677
          ],
          [
            630112.8018112098,
            5219578.862344456
          ],
          [
            630112.0293026344,
            5219579.497843234
          ],
          [
            630111.2567940585,
            5219580.133342013
          ],
          [
            630110.4842854827,
            5219580.768840792
          ],
          [
            630109.7117769069,
            5219581.404339571
          ],
          [
            630108.9392683312,
            5219582.039838349
          ],
          [
            630108.1667597557,
            5219582.675337127
          ],
          [
            630107.3942511799,
            5219583.310835906
          ],
          [
            630106.6217426041,
            5219583.946334685
          ],
          [
            630105.8492340283,
            5219584.581833464
          ],
          [
            630105.0767254526,
            5219585.217332243
          ],
          [
            630104.304216877,
            5219585.852831021
          ],
          [
            630103.5317083012,
            5219586.4883298
          ],
          [
            630102.7591997253,
            5219587.123828579
          ],
          [
            630101.9866911497,
            5219587.759327358
          ],
          [
            630101.2141825738,
            5219588.3948261365
          ],
          [
            630100.4416739983,
            5219589.0303249145
          ],
          [
            630099.6691654224,
            5219589.665823693
          ],
          [
            630098.8966568467,
            5219590.301322472
          ],
          [
            630098.124148271,
            5219590.936821251
          ],
          [
            630097.3516396955,
            5219591.572320029
          ],
          [
            630096.5791311197,
            5219592.207818808
          ],
          [
            630095.8066225438,
            5219592.843317587
          ],
          [
            630095.0341139681,
            5219593.478816366
          ],
          [
            630094.2616053924,
            5219594.114315145
          ],
          [
            630093.4890968167,
            5219594.749813923
          ],
          [
            630092.7165882409,
            5219595.385312702
          ],
          [
            630091.9440796652,
            5219596.0208114805
          ],
          [
            630092.5853391684,
            5219596.818936499
          ],
          [
            630093.2265986718,
            5219597.617061517
          ],
          [
            630093.867858175,
            5219598.4151865365
          ],
          [
            630094.5091176782,
            5219599.213311555
          ],
          [
            630095.1503771815,
            5219600.011436573
          ],
          [
            630095.7916366847,
            5219600.809561592
          ],
          [
            630096.4328961879,
            5219601.607686611
          ],
          [
            630097.0741556912,
            5219602.405811629
          ],
          [
            630097.7154151944,
            5219603.203936648
          ],
          [
            630098.3566746977,
            5219604.002061666
          ],
          [
            630098.9979342009,
            5219604.800186685
          ],
          [
            630099.6391937041,
            5219605.598311704
          ],
          [
            630100.2804532074,
            5219606.396436722
          ],
          [
            630100.9217127106,
            5219607.19456174
          ],
          [
            630101.5629722138,
            5219607.99268676
          ],
          [
            630102.2042317172,
            5219608.790811778
          ],
          [
            630102.8454912204,
            5219609.588936796
          ],
          [
            630103.4867507236,
            5219610.387061815
          ],
          [
            630104.1280102269,
            5219611.185186833
          ],
          [
            630104.7692697301,
            5219611.983311852
          ],
          [
            630105.4105292333,
            5219612.781436871
          ],
          [
            630106.0517887366,
            5219613.579561889
          ],
          [
            630106.6930482398,
            5219614.377686908
          ],
          [
            630107.334307743,
            5219615.175811927
          ],
          [
            630107.9755672463,
            5219615.973936945
          ],
          [
            630108.6168267495,
            5219616.772061964
          ],
          [
            630109.2580862528,
            5219617.570186982
          ],
          [
            630109.899345756,
            5219618.368312001
          ],
          [
            630110.5406052592,
            5219619.16643702
          ],
          [
            630111.1818647626,
            5219619.964562038
          ],
          [
            630111.8231242658,
            5219620.762687056
          ],
          [
            630112.464383769,
            5219621.560812076
          ],
          [
            630113.1056432723,
            5219622.358937094
          ],
          [
            630113.7469027755,
            5219623.157062112
          ],
          [
            630114.5346389362,
            5219623.804534792
          ],
          [
            630115.3223750968,
            5219624.452007472
          ],
          [
            630116.1101112575,
            5219625.099480151
          ],
          [
            630116.8978474182,
            5219625.746952831
          ],
          [
            630117.6855835789,
            5219626.39442551
          ],
          [
            630118.4733197396,
            5219627.04189819
          ],
          [
            630119.2610559002,
            5219627.68937087
          ],
          [
            630120.0487920609,
            5219628.336843549
          ],
          [
            630120.8365282216,
            5219628.984316229
          ],
          [
            630121.6242643823,
            5219629.6317889085
          ],
          [
            630122.412000543,
            5219630.279261588
          ],
          [
            630123.1997367037,
            5219630.926734268
          ],
          [
            630123.9874728643,
            5219631.574206947
          ],
          [
            630124.775209025,
            5219632.221679628
          ],
          [
            630125.5629451857,
            5219632.8691523075
          ],
          [
            630126.3506813464,
            5219633.516624987
          ],
          [
            630127.138417507,
            5219634.164097667
          ],
          [
            630127.9261536677,
            5219634.811570346
          ],
          [
            630128.7138898284,
            5219635.459043026
          ],
          [
            630129.5016259891,
            5219636.106515706
          ],
          [
            630130.2893621498,
            5219636.753988385
          ],
          [
            630131.0770983105,
            5219637.401461065
          ],
          [
            630131.8648344711,
            5219638.048933744
          ],
          [
            630132.6525706318,
            5219638.696406424
          ],
          [
            630133.4403067925,
            5219639.343879104
          ],
          [
            630134.2280429532,
            5219639.991351783
          ],
          [
            630135.0157791139,
            5219640.638824463
          ],
          [
            630135.2995501653,
            5219641.62435774
          ],
          [
            630135.5833212166,
            5219642.609891017
          ],
          [
            630135.8670922681,
            5219643.5954242945
          ],
          [
            630136.1508633194,
            5219644.580957571
          ],
          [
            630136.4346343708,
            5219645.566490849
          ],
          [
            630136.7184054223,
            5219646.552024125
          ],
          [
            630137.0021764736,
            5219647.537557403
          ],
          [
            630137.2859475251,
            5219648.523090679
          ],
          [
            630137.5697185765,
            5219649.508623957
          ],
          [
            630137.8534896278,
            5219650.494157233
          ],
          [
            630138.1372606793,
            5219651.479690511
          ],
          [
            630138.4210317306,
            5219652.465223787
          ],
          [
            630138.704802782,
            5219653.450757065
          ],
          [
            630138.5606636022,
            5219652.357902408
          ],
          [
            630138.4165244224,
            5219651.2650477495
          ],
          [
            630138.2723852425,
            5219650.172193091
          ],
          [
            630138.1282460627,
            5219649.079338434
          ],
          [
            630137.9841068828,
            5219647.986483777
          ],
          [
            630137.839967703,
            5219646.893629119
          ],
          [
            630137.0764027868,
            5219646.166096825
          ],
          [
            630136.3128378707,
            5219645.438564531
          ],
          [
            630135.5492729545,
            5219644.711032237
          ],
          [
            630134.7857080383,
            5219643.983499942
          ],
          [
            630134.022143122,
            5219643.255967649
          ],
          [
            630133.258578206,
            5219642.528435355
          ],
          [
            630132.4950132897,
            5219641.8009030605
          ],
          [
            630131.7314483735,
            5219641.073370767
          ],
          [
            630130.9678834573,
            5219640.345838472
          ],
          [
            630130.2043185412,
            5219639.618306179
          ],
          [
            630129.440753625,
            5219638.890773885
          ],
          [
            630128.6771887088,
            5219638.16324159
          ],
          [
            630127.9136237926,
            5219637.435709297
          ],
          [
            630127.1500588765,
            5219636.708177002
          ],
          [
            630126.3864939603,
            5219635.9806447085
          ],
          [
            630125.7385694123,
            5219635.200793048
          ],
          [
            630125.0906448641,
            5219634.420941388
          ],
          [
            630124.4427203161,
            5219633.641089728
          ],
          [
            630123.794795768,
            5219632.861238069
          ],
          [
            630123.14687122,
            5219632.081386409
          ],
          [
            630122.498946672,
            5219631.301534749
          ],
          [
            630121.8510221238,
            5219630.5216830885
          ],
          [
            630121.2030975758,
            5219629.741831428
          ],
          [
            630120.5551730278,
            5219628.961979768
          ],
          [
            630119.9072484797,
            5219628.182128109
          ],
          [
            630119.2593239316,
            5219627.402276449
          ],
          [
            630118.6113993835,
            5219626.622424789
          ],
          [
            630117.9634748355,
            5219625.842573129
          ],
          [
            630117.3155502875,
            5219625.0627214685
          ],
          [
            630116.6676257394,
            5219624.282869808
          ],
          [
            630116.0197011913,
            5219623.503018149
          ],
          [
            630115.3717766433,
            5219622.723166489
          ],
          [
            630114.7238520952,
            5219621.943314829
          ],
          [
            630114.0759275472,
            5219621.163463169
          ],
          [
            630113.428002999,
            5219620.383611509
          ],
          [
            630112.780078451,
            5219619.6037598485
          ],
          [
            630112.132153903,
            5219618.823908189
          ],
          [
            630111.4842293549,
            5219618.044056529
          ],
          [
            630110.8363048069,
            5219617.264204869
          ],
          [
            630110.1883802589,
            5219616.484353209
          ],
          [
            630109.5404557107,
            5219615.704501549
          ],
          [
            630108.8925311627,
            5219614.924649889
          ],
          [
            630108.2446066146,
            5219614.144798229
          ],
          [
            630107.5966820666,
            5219613.364946569
          ],
          [
            630106.9487575185,
            5219612.585094909
          ],
          [
            630106.3008329704,
            5219611.805243249
          ],
          [
            630105.6529084224,
            5219611.025391589
          ],
          [
            630105.0049838744,
            5219610.245539929
          ],
          [
            630104.3570593263,
            5219609.46568827
          ],
          [
            630103.7091347782,
            5219608.685836609
          ],
          [
            630103.0612102301,
            5219607.905984949
          ],
          [
            630102.4132856821,
            5219607.126133289
          ],
          [
            630101.758819565,
            5219606.369626648
          ],
          [
            630101.1043534477,
            5219605.613120006
          ],
          [
            630100.4498873302,
            5219604.856613364
          ],
          [
            630099.7954212131,
            5219604.100106723
          ],
          [
            630099.140955096,
            5219603.343600081
          ],
          [
            630098.4864889788,
            5219602.58709344
          ],
          [
            630097.8320228616,
            5219601.8305867985
          ],
          [
            630097.1775567444,
            5219601.074080157
          ],
          [
            630096.5230906273,
            5219600.317573516
          ],
          [
            630095.8686245098,
            5219599.561066873
          ],
          [
            630095.2141583926,
            5219598.804560232
          ],
          [
            630094.5596922756,
            5219598.048053591
          ],
          [
            630093.714527794,
            5219598.627240089
          ],
          [
            630092.8693633125,
            5219599.206426586
          ],
          [
            630092.0241988308,
            5219599.785613084
          ],
          [
            630091.1790343493,
            5219600.364799582
          ],
          [
            630090.3338698677,
            5219600.94398608
          ],
          [
            630089.4887053862,
            5219601.523172578
          ],
          [
            630088.6435409046,
            5219602.102359075
          ],
          [
            630087.7983764231,
            5219602.681545573
          ],
          [
            630086.9532119415,
            5219603.2607320715
          ],
          [
            630086.1080474599,
            5219603.839918569
          ],
          [
            630085.2628829783,
            5219604.419105067
          ],
          [
            630084.4177184968,
            5219604.998291565
          ],
          [
            630083.5725540152,
            5219605.577478062
          ],
          [
            630082.7273895337,
            5219606.156664561
          ],
          [
            630081.882225052,
            5219606.735851059
          ],
          [
            630081.0370605704,
            5219607.315037556
          ],
          [
            630080.1918960889,
            5219607.894224054
          ],
          [
            630079.3467316073,
            5219608.473410552
          ],
          [
            630078.5015671258,
            5219609.05259705
          ],
          [
            630077.6564026442,
            5219609.631783548
          ],
          [
            630076.8112381627,
            5219610.210970045
          ],
          [
            630075.966073681,
            5219610.790156543
          ],
          [
            630075.1209091995,
            5219611.369343041
          ],
          [
            630074.2757447179,
            5219611.948529539
          ],
          [
            630073.4305802364,
            5219612.527716037
          ],
          [
            630072.5854157548,
            5219613.106902535
          ],
          [
            630071.7402512731,
            5219613.686089032
          ],
          [
            630070.8950867916,
            5219614.2652755305
          ],
          [
            630070.04992231,
            5219614.844462029
          ],
          [
            630069.2047578285,
            5219615.423648526
          ],
          [
            630068.359593347,
            5219616.002835024
          ],
          [
            630067.5144288654,
            5219616.582021521
          ],
          [
            630066.6692643838,
            5219617.16120802
          ],
          [
            630065.8240999022,
            5219617.740394518
          ],
          [
            630064.9789354206,
            5219618.319581015
          ],
          [
            630064.1337709391,
            5219618.898767513
          ],
          [
            630063.4146319212,
            5219619.6160768205
          ],
          [
            630062.6954929034,
            5219620.333386127
          ],
          [
            630061.9763538854,
            5219621.050695434
          ],
          [
            630061.2572148675,
            5219621.768004741
          ],
          [
            630060.5380758496,
            5219622.485314048
          ],
          [
            630059.8189368318,
            5219623.202623354
          ],
          [
            630059.0997978139,
            5219623.919932662
          ],
          [
            630058.3806587959,
            5219624.637241968
          ],
          [
            630057.6615197781,
            5219625.354551275
          ],
          [
            630056.9423807602,
            5219626.071860582
          ],
          [
            630056.2232417424,
            5219626.789169889
          ],
          [
            630055.5041027245,
            5219627.506479195
          ],
          [
            630054.7849637065,
            5219628.223788503
          ],
          [
            630054.0658246886,
            5219628.941097809
          ],
          [
            630053.3466856708,
            5219629.658407116
          ],
          [
            630052.6275466529,
            5219630.375716423
          ],
          [
            630051.908407635,
            5219631.09302573
          ],
          [
            630051.1892686172,
            5219631.810335036
          ],
          [
            630050.4701295992,
            5219632.527644344
          ],
          [
            630049.7509905813,
            5219633.244953651
          ],
          [
            630049.0318515635,
            5219633.962262957
          ],
          [
            630048.3127125456,
            5219634.679572265
          ],
          [
            630047.5935735278,
            5219635.396881571
          ],
          [
            630046.8744345098,
            5219636.114190878
          ],
          [
            630046.1552954919,
            5219636.831500185
          ],
          [
            630045.436156474,
            5219637.548809492
          ],
          [
            630044.7170174562,
            5219638.266118798
          ],
          [
            630043.9978784383,
            5219638.983428106
          ],
          [
            630043.2787394203,
            5219639.700737412
          ],
          [
            630042.5596004025,
            5219640.418046719
          ],
          [
            630041.8404613846,
            5219641.135356026
          ],
          [
            630041.1213223668,
            5219641.852665333
          ],
          [
            630040.4021833489,
            5219642.569974639
          ],
          [
            630039.6830443309,
            5219643.287283947
          ],
          [
            630038.963905313,
            5219644.004593253
          ],
          [
            630038.2447662952,
            5219644.72190256
          ],
          [
            630037.5073344831,
            5219645.39778903
          ],
          [
            630036.7699026711,
            5219646.073675499
          ],
          [
            630036.0324708591,
            5219646.749561969
          ],
          [
            630035.295039047,
            5219647.425448439
          ],
          [
            630034.5576072349,
            5219648.101334909
          ],
          [
            630033.820175423,
            5219648.777221378
          ],
          [
            630033.082743611,
            5219649.453107848
          ],
          [
            630032.345311799,
            5219650.128994318
          ],
          [
            630031.6078799869,
            5219650.804880788
          ],
          [
            630030.8704481748,
            5219651.4807672575
          ],
          [
            630030.1330163628,
            5219652.1566537265
          ],
          [
            630029.3955845508,
            5219652.832540196
          ],
          [
            630028.6519423113,
            5219653.514118778
          ],
          [
            630027.9103535527,
            5219654.197937827
          ],
          [
            630027.1677380535,
            5219654.880636641
          ],
          [
            630026.4251225544,
            5219655.563335456
          ],
          [
            630025.6825070553,
            5219656.246034271
          ],
          [
            630024.9398915563,
            5219656.928733086
          ],
          [
            630024.1972760572,
            5219657.6114319
          ],
          [
            630023.4546605581,
            5219658.294130716
          ],
          [
            630022.712045059,
            5219658.976829531
          ],
          [
            630021.9694295599,
            5219659.659528346
          ],
          [
            630021.2268140608,
            5219660.34222716
          ],
          [
            630020.4841985618,
            5219661.024925975
          ],
          [
            630019.7415830627,
            5219661.70762479
          ],
          [
            630018.9989675636,
            5219662.390323605
          ],
          [
            630018.2563520644,
            5219663.0730224205
          ],
          [
            630017.5137365654,
            5219663.755721235
          ],
          [
            630016.7711210663,
            5219664.43842005
          ],
          [
            630016.0285055672,
            5219665.121118865
          ],
          [
            630015.2858900682,
            5219665.80381768
          ],
          [
            630014.5432745691,
            5219666.486516494
          ],
          [
            630013.8006590699,
            5219667.169215309
          ],
          [
            630013.0580435708,
            5219667.851914125
          ],
          [
            630012.3154280718,
            5219668.53461294
          ],
          [
            630011.5728125727,
            5219669.217311755
          ],
          [
            630010.8301970736,
            5219669.900010569
          ],
          [
            630010.0875815746,
            5219670.582709384
          ],
          [
            630009.3449660754,
            5219671.265408199
          ],
          [
            630008.6023505763,
            5219671.948107014
          ],
          [
            630007.8597350772,
            5219672.630805829
          ],
          [
            630007.1171195782,
            5219673.313504644
          ],
          [
            630006.3745040791,
            5219673.996203459
          ],
          [
            630005.63188858,
            5219674.678902274
          ],
          [
            630004.8892730809,
            5219675.361601088
          ],
          [
            630004.1466575818,
            5219676.044299903
          ],
          [
            630003.4040420827,
            5219676.726998718
          ],
          [
            630002.7396961293,
            5219677.474844058
          ],
          [
            630002.0753501758,
            5219678.222689397
          ],
          [
            630001.4110042225,
            5219678.970534736
          ],
          [
            630000.7466582692,
            5219679.718380075
          ],
          [
            630000.0823123156,
            5219680.466225415
          ],
          [
            629999.4179663621,
            5219681.214070754
          ],
          [
            629998.7536204088,
            5219681.961916093
          ],
          [
            629998.0892744553,
            5219682.709761432
          ],
          [
            629997.4249285021,
            5219683.457606771
          ],
          [
            629996.7605825486,
            5219684.205452111
          ],
          [
            629996.0962365954,
            5219684.953297449
          ],
          [
            629995.4318906418,
            5219685.701142789
          ],
          [
            629994.7772320658,
            5219686.492063905
          ],
          [
            629994.12257349,
            5219687.282985021
          ],
          [
            629993.4679149141,
            5219688.073906139
          ],
          [
            629992.8132563384,
            5219688.864827255
          ],
          [
            629992.1585977626,
            5219689.655748371
          ],
          [
            629991.5039391868,
            5219690.446669487
          ],
          [
            629990.849280611,
            5219691.2375906035
          ],
          [
            629990.1946220351,
            5219692.02851172
          ],
          [
            629989.5399634594,
            5219692.819432837
          ],
          [
            629988.8853048836,
            5219693.610353953
          ],
          [
            629988.2306463078,
            5219694.401275069
          ],
          [
            629987.575987732,
            5219695.192196186
          ],
          [
            629986.9213291561,
            5219695.983117302
          ],
          [
            629986.2666705804,
            5219696.774038418
          ],
          [
            629985.6120120046,
            5219697.564959535
          ],
          [
            629984.9573534288,
            5219698.355880652
          ],
          [
            629984.302694853,
            5219699.146801768
          ],
          [
            629983.6480362772,
            5219699.937722884
          ],
          [
            629982.9933777014,
            5219700.728644
          ],
          [
            629982.3387191256,
            5219701.519565117
          ],
          [
            629981.6840605498,
            5219702.310486234
          ],
          [
            629981.029401974,
            5219703.10140735
          ],
          [
            629980.3747433982,
            5219703.892328466
          ],
          [
            629979.7200848224,
            5219704.683249583
          ],
          [
            629979.0654262466,
            5219705.474170699
          ],
          [
            629978.4107676708,
            5219706.265091815
          ],
          [
            629977.7561090951,
            5219707.056012932
          ],
          [
            629977.1014505192,
            5219707.846934048
          ],
          [
            629976.4467919434,
            5219708.637855165
          ],
          [
            629975.7921333676,
            5219709.428776281
          ],
          [
            629975.1374747918,
            5219710.219697397
          ],
          [
            629974.4828162161,
            5219711.010618513
          ],
          [
            629973.8281576402,
            5219711.801539631
          ],
          [
            629973.1734990644,
            5219712.592460747
          ],
          [
            629972.5188404886,
            5219713.383381863
          ],
          [
            629973.2539807393,
            5219714.288563039
          ],
          [
            629973.98912099,
            5219715.193744214
          ],
          [
            629974.7242612406,
            5219716.09892539
          ],
          [
            629975.3189149174,
            5219716.937035377
          ],
          [
            629975.9135685941,
            5219717.775145363
          ],
          [
            629976.508222271,
            5219718.61325535
          ],
          [
            629977.1028759477,
            5219719.451365336
          ],
          [
            629977.6975296244,
            5219720.289475323
          ],
          [
            629978.2921833012,
            5219721.127585309
          ],
          [
            629978.8868369779,
            5219721.9656952955
          ],
          [
            629979.4814906548,
            5219722.803805282
          ],
          [
            629980.0761443315,
            5219723.641915268
          ],
          [
            629980.6707980082,
            5219724.480025255
          ],
          [
            629981.265451685,
            5219725.318135241
          ],
          [
            629981.8601053617,
            5219726.156245228
          ],
          [
            629982.4547590385,
            5219726.994355215
          ],
          [
            629983.0494127152,
            5219727.832465201
          ],
          [
            629983.644066392,
            5219728.670575188
          ],
          [
            629984.2387200687,
            5219729.5086851735
          ],
          [
            629984.8333737454,
            5219730.34679516
          ],
          [
            629985.4280274222,
            5219731.184905147
          ],
          [
            629986.022681099,
            5219732.023015133
          ],
          [
            629986.6173347757,
            5219732.86112512
          ],
          [
            629987.2119884525,
            5219733.699235106
          ],
          [
            629987.8066421292,
            5219734.537345093
          ],
          [
            629988.4012958059,
            5219735.375455079
          ],
          [
            629988.9959494828,
            5219736.2135650655
          ],
          [
            629989.5906031595,
            5219737.051675052
          ],
          [
            629990.1852568362,
            5219737.889785038
          ],
          [
            629990.779910513,
            5219738.727895025
          ],
          [
            629991.3745641897,
            5219739.566005011
          ],
          [
            629991.9692178665,
            5219740.404114998
          ],
          [
            629992.5638715433,
            5219741.242224984
          ],
          [
            629993.15852522,
            5219742.080334971
          ],
          [
            629993.7531788967,
            5219742.918444958
          ],
          [
            629994.3478325735,
            5219743.7565549435
          ],
          [
            629994.9424862503,
            5219744.59466493
          ],
          [
            629995.537139927,
            5219745.432774916
          ],
          [
            629996.1317936038,
            5219746.270884903
          ],
          [
            629996.8012455602,
            5219747.10013157
          ],
          [
            629997.4706975166,
            5219747.929378238
          ],
          [
            629998.140149473,
            5219748.758624904
          ],
          [
            629998.8096014294,
            5219749.587871571
          ],
          [
            629999.4790533857,
            5219750.417118238
          ],
          [
            630000.1485053421,
            5219751.246364905
          ],
          [
            630000.8179572985,
            5219752.075611572
          ],
          [
            630001.4874092549,
            5219752.904858239
          ],
          [
            630002.1163744956,
            5219753.683954221
          ],
          [
            630002.7453397361,
            5219754.463050203
          ],
          [
            630003.3743049768,
            5219755.242146186
          ],
          [
            630004.0032702175,
            5219756.021242168
          ],
          [
            630004.6322354581,
            5219756.80033815
          ],
          [
            630005.2612006987,
            5219757.579434132
          ],
          [
            630005.8901659393,
            5219758.358530114
          ],
          [
            630006.51913118,
            5219759.137626097
          ],
          [
            630007.1480964206,
            5219759.916722078
          ],
          [
            630007.7770616612,
            5219760.69581806
          ],
          [
            630008.4060269019,
            5219761.474914042
          ],
          [
            630009.0349921426,
            5219762.2540100245
          ],
          [
            630009.6639573831,
            5219763.033106007
          ],
          [
            630010.2929226238,
            5219763.812201989
          ],
          [
            630010.9218878645,
            5219764.591297971
          ],
          [
            630011.5508531051,
            5219765.370393953
          ],
          [
            630012.1798183457,
            5219766.1494899355
          ],
          [
            630012.8087835864,
            5219766.928585918
          ],
          [
            630013.3347404998,
            5219767.788013855
          ],
          [
            630013.8606974132,
            5219768.647441791
          ],
          [
            630014.3866543267,
            5219769.506869729
          ],
          [
            630014.91261124,
            5219770.366297666
          ],
          [
            630015.4385681535,
            5219771.225725602
          ],
          [
            630015.9645250669,
            5219772.08515354
          ],
          [
            630016.4904819804,
            5219772.944581477
          ],
          [
            630017.0164388937,
            5219773.804009413
          ],
          [
            630017.5423958072,
            5219774.663437351
          ],
          [
            630018.0683527206,
            5219775.522865288
          ],
          [
            630018.5943096341,
            5219776.382293224
          ],
          [
            630019.1202665475,
            5219777.241721162
          ],
          [
            630019.6462234609,
            5219778.101149099
          ],
          [
            630020.1721803744,
            5219778.960577035
          ],
          [
            630020.6981372877,
            5219779.820004973
          ],
          [
            630021.2240942012,
            5219780.67943291
          ],
          [
            630021.7500511146,
            5219781.538860847
          ],
          [
            630022.2760080281,
            5219782.398288784
          ],
          [
            630022.8019649414,
            5219783.257716721
          ],
          [
            630023.3279218549,
            5219784.117144658
          ],
          [
            630023.8538787684,
            5219784.976572595
          ],
          [
            630024.3798356818,
            5219785.836000532
          ],
          [
            630024.9057925952,
            5219786.695428469
          ],
          [
            630025.4317495086,
            5219787.554856406
          ],
          [
            630025.9577064221,
            5219788.414284343
          ],
          [
            630026.4836633354,
            5219789.27371228
          ],
          [
            630027.0096202489,
            5219790.133140217
          ],
          [
            630027.5355771623,
            5219790.992568154
          ],
          [
            630028.0615340758,
            5219791.851996091
          ],
          [
            630028.5874909891,
            5219792.711424028
          ],
          [
            630029.1134479026,
            5219793.570851965
          ],
          [
            630029.3424450599,
            5219794.5817413125
          ],
          [
            630029.5714422173,
            5219795.59263066
          ],
          [
            630029.8004393746,
            5219796.603520009
          ],
          [
            630030.029436532,
            5219797.614409356
          ],
          [
            630030.2584336894,
            5219798.625298704
          ],
          [
            630030.4874308467,
            5219799.636188052
          ],
          [
            630030.7164280041,
            5219800.647077399
          ],
          [
            630030.9454251614,
            5219801.657966748
          ],
          [
            630031.1744223187,
            5219802.6688560955
          ],
          [
            630031.4034194761,
            5219803.679745443
          ],
          [
            630031.6324166334,
            5219804.690634791
          ],
          [
            630031.8614137907,
            5219805.701524139
          ],
          [
            630032.0904109481,
            5219806.712413487
          ],
          [
            630032.3194081055,
            5219807.723302835
          ],
          [
            630032.5484052629,
            5219808.734192182
          ],
          [
            630032.7774024202,
            5219809.74508153
          ],
          [
            630033.0063995775,
            5219810.7559708785
          ],
          [
            630033.2353967349,
            5219811.766860226
          ],
          [
            630033.4643938922,
            5219812.777749574
          ],
          [
            630032.8557070873,
            5219813.600338489
          ],
          [
            630032.2470202824,
            5219814.422927404
          ],
          [
            630031.6383334777,
            5219815.245516319
          ],
          [
            630031.0296466728,
            5219816.068105233
          ],
          [
            630030.4209598679,
            5219816.890694148
          ],
          [
            630029.812273063,
            5219817.713283063
          ],
          [
            630029.2035862582,
            5219818.535871978
          ],
          [
            630028.5948994533,
            5219819.358460893
          ],
          [
            630027.9862126485,
            5219820.181049808
          ],
          [
            630027.3775258436,
            5219821.003638723
          ],
          [
            630026.7688390387,
            5219821.826227638
          ],
          [
            630026.1601522339,
            5219822.648816552
          ],
          [
            630025.551465429,
            5219823.471405467
          ],
          [
            630024.9427786241,
            5219824.293994382
          ],
          [
            630024.3340918192,
            5219825.116583297
          ],
          [
            630023.7254050144,
            5219825.939172212
          ],
          [
            630023.1167182096,
            5219826.761761127
          ],
          [
            630022.5080314047,
            5219827.584350042
          ],
          [
            630021.8993445998,
            5219828.406938956
          ],
          [
            630021.2906577949,
            5219829.229527871
          ],
          [
            630020.6819709901,
            5219830.052116786
          ],
          [
            630020.0732841853,
            5219830.874705701
          ],
          [
            630019.4645973804,
            5219831.697294616
          ],
          [
            630018.8559105755,
            5219832.519883531
          ],
          [
            630018.2472237706,
            5219833.342472446
          ],
          [
            630017.6385369658,
            5219834.16506136
          ],
          [
            630017.0298501609,
            5219834.987650275
          ],
          [
            630016.421163356,
            5219835.81023919
          ],
          [
            630015.8124765512,
            5219836.632828105
          ],
          [
            630015.2037897463,
            5219837.45541702
          ],
          [
            630014.5951029415,
            5219838.278005935
          ],
          [
            630013.9864161366,
            5219839.10059485
          ],
          [
            630013.3777293317,
            5219839.923183765
          ],
          [
            630012.7690425268,
            5219840.745772679
          ],
          [
            630012.1603557221,
            5219841.568361594
          ],
          [
            630011.5516689172,
            5219842.390950509
          ],
          [
            630010.9429821123,
            5219843.213539424
          ],
          [
            630010.3167745867,
            5219843.993598609
          ],
          [
            630009.6905670611,
            5219844.773657794
          ],
          [
            630009.0643595355,
            5219845.55371698
          ],
          [
            630008.4381520099,
            5219846.333776165
          ],
          [
            630007.8119444842,
            5219847.11383535
          ],
          [
            630007.1857369586,
            5219847.893894535
          ],
          [
            630006.559529433,
            5219848.673953719
          ],
          [
            630005.9333219074,
            5219849.454012904
          ],
          [
            630005.3071143818,
            5219850.234072089
          ],
          [
            630004.6809068562,
            5219851.014131275
          ],
          [
            630004.0546993306,
            5219851.79419046
          ],
          [
            630003.428491805,
            5219852.574249645
          ],
          [
            630002.8022842795,
            5219853.35430883
          ],
          [
            630002.1760767539,
            5219854.1343680145
          ],
          [
            630001.5498692282,
            5219854.9144272
          ],
          [
            630000.9236617027,
            5219855.694486385
          ],
          [
            630000.297454177,
            5219856.47454557
          ],
          [
            629999.6712466514,
            5219857.254604755
          ],
          [
            629999.0450391258,
            5219858.03466394
          ],
          [
            629998.4188316002,
            5219858.814723125
          ],
          [
            629997.7926240746,
            5219859.59478231
          ],
          [
            629997.166416549,
            5219860.374841495
          ],
          [
            629996.5402090234,
            5219861.15490068
          ],
          [
            629995.9140014978,
            5219861.934959865
          ],
          [
            629995.2722626028,
            5219862.702035141
          ],
          [
            629994.630523708,
            5219863.469110416
          ],
          [
            629993.988784813,
            5219864.236185692
          ],
          [
            629993.3470459181,
            5219865.003260967
          ],
          [
            629992.7053070231,
            5219865.770336243
          ],
          [
            629992.0635681282,
            5219866.537411519
          ],
          [
            629991.4218292333,
            5219867.304486794
          ],
          [
            629990.7800903383,
            5219868.07156207
          ],
          [
            629990.1383514435,
            5219868.838637346
          ],
          [
            629989.4966125485,
            5219869.6057126215
          ],
          [
            629988.8548736535,
            5219870.3727878975
          ],
          [
            629988.2131347586,
            5219871.139863173
          ],
          [
            629987.5713958637,
            5219871.906938449
          ],
          [
            629986.9296569687,
            5219872.674013725
          ],
          [
            629986.2879180738,
            5219873.441089
          ],
          [
            629985.6461791788,
            5219874.208164276
          ],
          [
            629985.004440284,
            5219874.975239551
          ],
          [
            629984.362701389,
            5219875.742314827
          ],
          [
            629983.720962494,
            5219876.509390103
          ],
          [
            629983.0792235992,
            5219877.276465378
          ],
          [
            629982.4374847042,
            5219878.043540654
          ],
          [
            629981.7957458093,
            5219878.810615929
          ],
          [
            629981.1540069144,
            5219879.577691205
          ],
          [
            629980.5122680194,
            5219880.344766481
          ],
          [
            629979.8705291245,
            5219881.111841756
          ],
          [
            629979.2287902295,
            5219881.878917032
          ],
          [
            629978.5870513346,
            5219882.645992307
          ],
          [
            629977.9453124397,
            5219883.413067583
          ],
          [
            629977.3035735447,
            5219884.180142859
          ],
          [
            629976.6618346499,
            5219884.947218134
          ],
          [
            629976.0200957549,
            5219885.71429341
          ],
          [
            629975.3783568599,
            5219886.481368686
          ],
          [
            629974.736617965,
            5219887.248443961
          ],
          [
            629974.0948790701,
            5219888.015519237
          ],
          [
            629973.4531401752,
            5219888.782594512
          ],
          [
            629972.8114012802,
            5219889.549669788
          ],
          [
            629972.1546955584,
            5219890.3042331
          ],
          [
            629971.4979898366,
            5219891.058796412
          ],
          [
            629970.8412841148,
            5219891.813359724
          ],
          [
            629970.1845783929,
            5219892.567923037
          ],
          [
            629969.5278726711,
            5219893.322486349
          ],
          [
            629968.8711669493,
            5219894.077049661
          ],
          [
            629968.2452580985,
            5219894.85787129
          ],
          [
            629967.6479039015,
            5219895.659958977
          ],
          [
            629967.0505497046,
            5219896.462046663
          ],
          [
            629966.4531955075,
            5219897.264134349
          ],
          [
            629965.8558413106,
            5219898.066222035
          ],
          [
            629965.2584871135,
            5219898.868309721
          ],
          [
            629964.6209581073,
            5219899.675206462
          ],
          [
            629963.9834291011,
            5219900.482103202
          ],
          [
            629963.345900095,
            5219901.288999942
          ],
          [
            629962.7083710887,
            5219902.095896682
          ],
          [
            629962.0708420825,
            5219902.902793422
          ],
          [
            629961.4333130763,
            5219903.709690162
          ],
          [
            629960.79578407,
            5219904.516586903
          ],
          [
            629960.1582550639,
            5219905.323483642
          ],
          [
            629959.5207260577,
            5219906.130380383
          ],
          [
            629958.8831970515,
            5219906.937277122
          ],
          [
            629958.2456680452,
            5219907.744173863
          ],
          [
            629957.608139039,
            5219908.551070604
          ],
          [
            629956.9706100329,
            5219909.357967343
          ],
          [
            629956.3330810267,
            5219910.164864084
          ],
          [
            629955.6955520205,
            5219910.971760823
          ],
          [
            629955.0580230142,
            5219911.778657564
          ],
          [
            629954.420494008,
            5219912.585554304
          ],
          [
            629953.7829650019,
            5219913.392451044
          ],
          [
            629953.1454359957,
            5219914.199347784
          ],
          [
            629952.5079069894,
            5219915.006244524
          ],
          [
            629951.8703779832,
            5219915.813141264
          ],
          [
            629951.232848977,
            5219916.620038005
          ],
          [
            629950.5953199709,
            5219917.426934744
          ],
          [
            629949.9577909646,
            5219918.233831485
          ],
          [
            629949.3202619584,
            5219919.040728225
          ],
          [
            629948.6827329522,
            5219919.847624965
          ],
          [
            629948.045203946,
            5219920.654521706
          ],
          [
            629947.4076749398,
            5219921.461418445
          ],
          [
            629946.7701459336,
            5219922.268315186
          ],
          [
            629946.1326169274,
            5219923.075211925
          ],
          [
            629945.4950879212,
            5219923.882108666
          ],
          [
            629944.8575589149,
            5219924.689005406
          ],
          [
            629944.2200299088,
            5219925.495902146
          ],
          [
            629943.5825009026,
            5219926.302798886
          ],
          [
            629942.9449718964,
            5219927.109695626
          ],
          [
            629942.2967098379,
            5219927.871525332
          ],
          [
            629941.6484477795,
            5219928.633355038
          ],
          [
            629941.0001857211,
            5219929.395184744
          ],
          [
            629940.3519236626,
            5219930.15701445
          ],
          [
            629939.7036616041,
            5219930.918844156
          ],
          [
            629939.0553995457,
            5219931.680673862
          ],
          [
            629938.4071374873,
            5219932.442503568
          ],
          [
            629937.7588754288,
            5219933.204333274
          ],
          [
            629937.1106133703,
            5219933.96616298
          ],
          [
            629936.4623513119,
            5219934.7279926855
          ],
          [
            629935.8140892535,
            5219935.489822391
          ],
          [
            629935.165827195,
            5219936.251652097
          ],
          [
            629934.5175651364,
            5219937.013481804
          ],
          [
            629933.869303078,
            5219937.77531151
          ],
          [
            629933.2210410197,
            5219938.537141216
          ],
          [
            629932.5727789612,
            5219939.298970922
          ],
          [
            629931.9245169028,
            5219940.060800628
          ],
          [
            629931.2762548443,
            5219940.822630334
          ],
          [
            629930.6279927859,
            5219941.58446004
          ],
          [
            629929.9797307275,
            5219942.3462897455
          ],
          [
            629929.331468669,
            5219943.108119451
          ],
          [
            629928.6832066106,
            5219943.869949157
          ],
          [
            629928.0349445522,
            5219944.631778863
          ],
          [
            629927.3866824937,
            5219945.393608569
          ],
          [
            629926.7051936901,
            5219946.129153385
          ],
          [
            629926.0237048866,
            5219946.8646982005
          ],
          [
            629925.342216083,
            5219947.600243017
          ],
          [
            629924.6607272794,
            5219948.335787833
          ],
          [
            629923.9792384758,
            5219949.071332648
          ],
          [
            629923.2977496722,
            5219949.806877464
          ],
          [
            629922.6162608686,
            5219950.54242228
          ],
          [
            629921.934772065,
            5219951.277967096
          ],
          [
            629921.2532832614,
            5219952.013511912
          ],
          [
            629920.5717944577,
            5219952.749056728
          ],
          [
            629919.8903056541,
            5219953.484601543
          ],
          [
            629919.2088168506,
            5219954.220146359
          ],
          [
            629918.527328047,
            5219954.955691175
          ],
          [
            629917.8458392434,
            5219955.691235991
          ],
          [
            629917.1643504398,
            5219956.426780807
          ],
          [
            629916.4828616362,
            5219957.1623256225
          ],
          [
            629915.8013728326,
            5219957.897870438
          ],
          [
            629915.119884029,
            5219958.633415254
          ],
          [
            629914.4383952254,
            5219959.36896007
          ],
          [
            629913.7569064219,
            5219960.104504886
          ],
          [
            629913.0754176183,
            5219960.840049702
          ],
          [
            629912.3939288147,
            5219961.575594517
          ],
          [
            629911.7124400111,
            5219962.311139333
          ],
          [
            629911.0309512075,
            5219963.04668415
          ],
          [
            629910.3494624039,
            5219963.782228965
          ],
          [
            629909.6679736003,
            5219964.517773781
          ],
          [
            629908.9864847967,
            5219965.253318597
          ],
          [
            629908.304995993,
            5219965.988863412
          ],
          [
            629907.6235071894,
            5219966.724408228
          ],
          [
            629906.9420183859,
            5219967.459953045
          ],
          [
            629906.2605295823,
            5219968.19549786
          ],
          [
            629905.5790407787,
            5219968.931042676
          ],
          [
            629904.8975519751,
            5219969.6665874915
          ],
          [
            629904.2160631715,
            5219970.402132307
          ],
          [
            629903.5345743679,
            5219971.137677124
          ],
          [
            629902.8530855643,
            5219971.873221939
          ],
          [
            629902.1715967609,
            5219972.608766755
          ],
          [
            629901.5995596177,
            5219973.430475225
          ],
          [
            629901.0275224741,
            5219974.252183694
          ],
          [
            629900.4554853309,
            5219975.073892163
          ],
          [
            629899.8788140584,
            5219975.893005359
          ],
          [
            629899.290193722,
            5219976.702853941
          ],
          [
            629898.7015733862,
            5219977.512702523
          ],
          [
            629898.1128769476,
            5219978.322655809
          ],
          [
            629897.5241805089,
            5219979.132609096
          ],
          [
            629896.9354840703,
            5219979.942562383
          ],
          [
            629896.3467876317,
            5219980.752515669
          ],
          [
            629895.758091193,
            5219981.562468956
          ],
          [
            629895.1693947545,
            5219982.372422243
          ],
          [
            629894.5806983159,
            5219983.182375529
          ],
          [
            629893.9920018773,
            5219983.992328815
          ],
          [
            629893.4033054386,
            5219984.802282102
          ],
          [
            629892.814609,
            5219985.612235389
          ],
          [
            629892.2259125614,
            5219986.422188675
          ],
          [
            629891.6372161227,
            5219987.232141962
          ],
          [
            629891.0485196841,
            5219988.042095249
          ],
          [
            629890.4598232455,
            5219988.852048535
          ],
          [
            629889.8711268068,
            5219989.662001822
          ],
          [
            629889.2824303682,
            5219990.471955108
          ],
          [
            629888.6937339297,
            5219991.281908395
          ],
          [
            629888.1050374911,
            5219992.091861682
          ],
          [
            629887.5163410524,
            5219992.901814968
          ],
          [
            629886.9276446138,
            5219993.711768255
          ],
          [
            629886.3389481752,
            5219994.521721541
          ],
          [
            629885.7502517365,
            5219995.331674828
          ],
          [
            629885.1615552979,
            5219996.1416281145
          ],
          [
            629884.5728588593,
            5219996.951581401
          ],
          [
            629883.9841624206,
            5219997.761534688
          ],
          [
            629883.395465982,
            5219998.571487974
          ],
          [
            629882.8067695434,
            5219999.381441261
          ],
          [
            629882.2180731047,
            5220000.191394548
          ],
          [
            629881.6293766662,
            5220001.001347834
          ],
          [
            629881.0406802276,
            5220001.811301121
          ],
          [
            629880.451983789,
            5220002.621254407
          ],
          [
            629879.8632873503,
            5220003.431207694
          ],
          [
            629879.2745909117,
            5220004.24116098
          ],
          [
            629878.6858944731,
            5220005.051114267
          ],
          [
            629878.0971980344,
            5220005.861067554
          ],
          [
            629877.5085015958,
            5220006.67102084
          ],
          [
            629876.8989007041,
            5220007.509735351
          ],
          [
            629876.2892998124,
            5220008.348449863
          ],
          [
            629875.6796989207,
            5220009.187164374
          ],
          [
            629875.070098029,
            5220010.025878885
          ],
          [
            629874.4604971373,
            5220010.864593396
          ],
          [
            629873.8508962456,
            5220011.703307907
          ],
          [
            629873.2412953539,
            5220012.542022418
          ],
          [
            629872.6316944622,
            5220013.38073693
          ],
          [
            629872.0220935703,
            5220014.219451441
          ],
          [
            629871.4124926786,
            5220015.058165953
          ],
          [
            629870.8028917869,
            5220015.896880464
          ],
          [
            629870.1932908952,
            5220016.735594975
          ],
          [
            629869.5836900035,
            5220017.574309486
          ],
          [
            629868.9740891118,
            5220018.413023997
          ],
          [
            629868.3644882201,
            5220019.251738508
          ],
          [
            629867.7548873284,
            5220020.090453019
          ],
          [
            629867.1298730056,
            5220020.9503739765
          ],
          [
            629866.5048586829,
            5220021.810294934
          ],
          [
            629865.87984436,
            5220022.670215891
          ],
          [
            629865.2548300374,
            5220023.530136847
          ],
          [
            629864.6298157146,
            5220024.390057804
          ],
          [
            629864.0048013917,
            5220025.249978761
          ],
          [
            629863.3797870689,
            5220026.109899718
          ],
          [
            629862.7911231756,
            5220026.919808228
          ],
          [
            629862.2024592824,
            5220027.729716737
          ],
          [
            629861.6137953886,
            5220028.539625247
          ],
          [
            629861.0251314952,
            5220029.349533756
          ],
          [
            629860.4364676019,
            5220030.159442266
          ],
          [
            629859.8478037082,
            5220030.969350776
          ],
          [
            629859.2591398149,
            5220031.779259285
          ],
          [
            629858.6686739979,
            5220032.58891736
          ],
          [
            629858.0655474117,
            5220033.388049171
          ],
          [
            629857.4624208255,
            5220034.187180982
          ],
          [
            629856.8592942388,
            5220034.9863127945
          ],
          [
            629856.2561676527,
            5220035.785444605
          ],
          [
            629855.6529765398,
            5220036.584661913
          ],
          [
            629855.0497854274,
            5220037.38387922
          ],
          [
            629854.4465943145,
            5220038.183096528
          ],
          [
            629853.8434032017,
            5220038.982313836
          ],
          [
            629853.2402120894,
            5220039.781531143
          ],
          [
            629852.6370209765,
            5220040.580748451
          ],
          [
            629852.0338298636,
            5220041.379965759
          ],
          [
            629851.4306387512,
            5220042.179183066
          ],
          [
            629850.8274476384,
            5220042.978400374
          ],
          [
            629850.2242565255,
            5220043.777617682
          ],
          [
            629849.6210654128,
            5220044.57683499
          ],
          [
            629849.0178743002,
            5220045.376052297
          ],
          [
            629848.4146831874,
            5220046.175269605
          ],
          [
            629847.8114920746,
            5220046.974486913
          ],
          [
            629847.2083009622,
            5220047.77370422
          ],
          [
            629846.6051098494,
            5220048.572921528
          ],
          [
            629846.0019187365,
            5220049.3721388355
          ],
          [
            629845.3987276237,
            5220050.171356143
          ],
          [
            629844.7955365112,
            5220050.97057345
          ],
          [
            629844.1923453984,
            5220051.769790758
          ],
          [
            629843.5891542856,
            5220052.569008066
          ],
          [
            629842.9859631729,
            5220053.368225374
          ],
          [
            629842.3827720603,
            5220054.167442681
          ],
          [
            629841.7795809475,
            5220054.966659989
          ],
          [
            629841.1763898347,
            5220055.765877297
          ],
          [
            629840.5731987222,
            5220056.565094604
          ],
          [
            629839.9700076093,
            5220057.364311912
          ],
          [
            629839.3668164966,
            5220058.16352922
          ],
          [
            629838.763625384,
            5220058.962746528
          ],
          [
            629838.1604342713,
            5220059.761963835
          ],
          [
            629837.5572431585,
            5220060.561181143
          ],
          [
            629836.9540520458,
            5220061.360398451
          ],
          [
            629836.3508609331,
            5220062.159615759
          ],
          [
            629835.7476698203,
            5220062.958833066
          ],
          [
            629835.1444787077,
            5220063.758050374
          ],
          [
            629834.5412875949,
            5220064.557267682
          ],
          [
            629833.9380964822,
            5220065.356484989
          ],
          [
            629833.3349053696,
            5220066.155702297
          ],
          [
            629832.7317142568,
            5220066.954919605
          ],
          [
            629832.128523144,
            5220067.7541369125
          ],
          [
            629831.5253320314,
            5220068.5533542195
          ],
          [
            629830.9221409187,
            5220069.3525715275
          ],
          [
            629830.319083046,
            5220070.151612294
          ],
          [
            629829.7160251732,
            5220070.950653061
          ],
          [
            629829.1129673008,
            5220071.749693828
          ],
          [
            629828.4976799097,
            5220072.541128727
          ],
          [
            629827.8686470285,
            5220073.319753405
          ],
          [
            629827.2396141477,
            5220074.098378082
          ],
          [
            629826.6103775518,
            5220074.87725492
          ],
          [
            629825.9811409556,
            5220075.656131759
          ],
          [
            629825.3519043595,
            5220076.435008598
          ],
          [
            629824.7226677636,
            5220077.213885436
          ],
          [
            629824.0934311677,
            5220077.992762274
          ],
          [
            629823.4641945715,
            5220078.771639113
          ],
          [
            629822.8349579754,
            5220079.550515952
          ],
          [
            629822.2057213795,
            5220080.32939279
          ],
          [
            629821.5764847836,
            5220081.108269628
          ],
          [
            629820.9472481874,
            5220081.887146467
          ],
          [
            629820.3180115913,
            5220082.666023306
          ],
          [
            629819.6887749953,
            5220083.444900144
          ],
          [
            629819.0595383993,
            5220084.223776983
          ],
          [
            629818.4303018033,
            5220085.002653821
          ],
          [
            629817.8010652072,
            5220085.78153066
          ],
          [
            629817.1718286112,
            5220086.560407498
          ],
          [
            629816.5425920152,
            5220087.339284337
          ],
          [
            629815.9133554192,
            5220088.118161175
          ],
          [
            629815.3638710016,
            5220088.9786526235
          ],
          [
            629814.8143865842,
            5220089.839144071
          ],
          [
            629814.2649021667,
            5220090.699635519
          ],
          [
            629813.7154177492,
            5220091.560126967
          ],
          [
            629813.1659333317,
            5220092.420618414
          ],
          [
            629812.6164489142,
            5220093.281109862
          ],
          [
            629812.0669644967,
            5220094.14160131
          ],
          [
            629811.5174800792,
            5220095.002092757
          ],
          [
            629810.9679956617,
            5220095.862584205
          ],
          [
            629810.4185112442,
            5220096.723075653
          ],
          [
            629809.8690268267,
            5220097.583567101
          ],
          [
            629809.3195424093,
            5220098.444058549
          ],
          [
            629808.7700579917,
            5220099.304549997
          ],
          [
            629808.2205735742,
            5220100.165041444
          ],
          [
            629807.6710891568,
            5220101.025532892
          ],
          [
            629807.1216047392,
            5220101.88602434
          ],
          [
            629806.5721203217,
            5220102.746515787
          ],
          [
            629806.0226359043,
            5220103.607007235
          ],
          [
            629805.4731514867,
            5220104.467498683
          ],
          [
            629804.9236670693,
            5220105.327990131
          ],
          [
            629804.3741826518,
            5220106.188481579
          ],
          [
            629803.8246982342,
            5220107.048973027
          ],
          [
            629803.2752138168,
            5220107.909464475
          ],
          [
            629802.7257293992,
            5220108.769955922
          ],
          [
            629802.1762449817,
            5220109.63044737
          ],
          [
            629801.6267605643,
            5220110.490938818
          ],
          [
            629801.0772761467,
            5220111.351430265
          ],
          [
            629800.5277917293,
            5220112.211921713
          ],
          [
            629799.9783073118,
            5220113.072413161
          ],
          [
            629799.4288228942,
            5220113.932904609
          ],
          [
            629798.8793384768,
            5220114.793396057
          ],
          [
            629798.3298540593,
            5220115.653887505
          ],
          [
            629797.7803696417,
            5220116.514378952
          ],
          [
            629797.2308852243,
            5220117.3748704
          ],
          [
            629796.6814008068,
            5220118.235361848
          ],
          [
            629796.1319163893,
            5220119.095853295
          ],
          [
            629795.5824319718,
            5220119.956344743
          ],
          [
            629794.5399420002,
            5220120.022769097
          ],
          [
            629793.4974520286,
            5220120.089193451
          ],
          [
            629792.4549620571,
            5220120.155617806
          ],
          [
            629791.4124720854,
            5220120.22204216
          ],
          [
            629790.3699821138,
            5220120.288466514
          ],
          [
            629789.3274921422,
            5220120.354890868
          ],
          [
            629788.2850021707,
            5220120.421315223
          ],
          [
            629787.2425121991,
            5220120.487739577
          ],
          [
            629786.2000222275,
            5220120.554163931
          ],
          [
            629785.1575322559,
            5220120.620588285
          ],
          [
            629784.1150422844,
            5220120.68701264
          ],
          [
            629783.0725523127,
            5220120.753436994
          ],
          [
            629782.0300623411,
            5220120.819861348
          ],
          [
            629781.0601996963,
            5220120.575515466
          ],
          [
            629780.0903370517,
            5220120.331169583
          ],
          [
            629779.120474407,
            5220120.086823701
          ],
          [
            629778.1506117623,
            5220119.842477819
          ],
          [
            629777.1807491174,
            5220119.598131936
          ],
          [
            629776.2108864727,
            5220119.353786054
          ],
          [
            629775.2410238282,
            5220119.109440172
          ],
          [
            629774.2711611832,
            5220118.865094289
          ],
          [
            629773.3012985385,
            5220118.620748407
          ],
          [
            629772.3314358939,
            5220118.376402525
          ],
          [
            629771.3615732491,
            5220118.132056642
          ],
          [
            629770.3917106043,
            5220117.88771076
          ],
          [
            629769.4218479596,
            5220117.643364878
          ],
          [
            629768.4519853148,
            5220117.399018995
          ],
          [
            629767.4821226702,
            5220117.1546731135
          ],
          [
            629766.5122600255,
            5220116.9103272315
          ],
          [
            629765.5423973806,
            5220116.665981349
          ],
          [
            629764.5725347359,
            5220116.421635467
          ],
          [
            629763.6026720912,
            5220116.177289585
          ],
          [
            629762.6328094464,
            5220115.932943702
          ],
          [
            629761.6629468016,
            5220115.68859782
          ],
          [
            629760.6930841571,
            5220115.444251937
          ],
          [
            629759.7232215123,
            5220115.199906055
          ],
          [
            629758.7533588675,
            5220114.955560173
          ],
          [
            629757.7834962228,
            5220114.71121429
          ],
          [
            629756.813633578,
            5220114.466868408
          ],
          [
            629755.8437709335,
            5220114.222522526
          ],
          [
            629754.8739082887,
            5220113.978176643
          ],
          [
            629753.9040456438,
            5220113.733830761
          ],
          [
            629752.9341829992,
            5220113.489484879
          ],
          [
            629751.9643203545,
            5220113.245138996
          ],
          [
            629750.9944577096,
            5220113.000793114
          ],
          [
            629750.0245950649,
            5220112.756447232
          ],
          [
            629749.0547324202,
            5220112.512101349
          ],
          [
            629748.0848697755,
            5220112.267755467
          ],
          [
            629747.1150071308,
            5220112.0234095855
          ],
          [
            629746.1451444861,
            5220111.779063703
          ],
          [
            629745.1752818412,
            5220111.534717821
          ],
          [
            629744.2054191966,
            5220111.290371939
          ],
          [
            629743.235556552,
            5220111.046026056
          ],
          [
            629742.265693907,
            5220110.801680174
          ],
          [
            629741.2958312624,
            5220110.557334292
          ],
          [
            629740.3259686176,
            5220110.312988409
          ],
          [
            629739.3561059728,
            5220110.068642527
          ],
          [
            629738.3862433282,
            5220109.824296644
          ],
          [
            629737.4163806833,
            5220109.579950762
          ],
          [
            629736.4465180386,
            5220109.33560488
          ],
          [
            629735.4766553938,
            5220109.091258997
          ],
          [
            629734.5067927492,
            5220108.846913115
          ],
          [
            629733.5369301046,
            5220108.602567233
          ],
          [
            629732.5670674597,
            5220108.35822135
          ],
          [
            629731.597204815,
            5220108.113875468
          ],
          [
            629730.6273421703,
            5220107.869529586
          ],
          [
            629729.6574795255,
            5220107.625183703
          ],
          [
            629728.6876168808,
            5220107.380837821
          ],
          [
            629727.7177542362,
            5220107.136491939
          ],
          [
            629726.7478915913,
            5220106.8921460565
          ],
          [
            629725.7780289466,
            5220106.647800175
          ],
          [
            629724.8081663018,
            5220106.403454292
          ],
          [
            629723.8383036571,
            5220106.15910841
          ],
          [
            629722.9610224603,
            5220105.55780984
          ],
          [
            629722.0837412634,
            5220104.956511269
          ],
          [
            629721.2064600664,
            5220104.3552127
          ],
          [
            629720.3291788695,
            5220103.753914129
          ],
          [
            629719.4518976726,
            5220103.152615559
          ],
          [
            629718.5746164757,
            5220102.551316989
          ],
          [
            629717.6973352787,
            5220101.950018419
          ],
          [
            629716.8200540819,
            5220101.348719848
          ],
          [
            629715.9427728851,
            5220100.747421279
          ],
          [
            629716.3438598464,
            5220099.591541179
          ],
          [
            629716.7449468077,
            5220098.435661079
          ],
          [
            629717.1460337691,
            5220097.27978098
          ],
          [
            629718.001235499,
            5220096.206765151
          ],
          [
            629718.856437229,
            5220095.133749321
          ],
          [
            629719.3922353085,
            5220094.27942983
          ],
          [
            629719.928033388,
            5220093.425110338
          ],
          [
            629720.4638314676,
            5220092.570790847
          ],
          [
            629720.999629547,
            5220091.716471356
          ],
          [
            629721.5354276266,
            5220090.862151865
          ],
          [
            629722.071225706,
            5220090.0078323735
          ],
          [
            629722.6070237856,
            5220089.153512882
          ],
          [
            629723.142821865,
            5220088.299193391
          ],
          [
            629723.6786199446,
            5220087.444873899
          ],
          [
            629724.214418024,
            5220086.590554409
          ],
          [
            629724.7502161036,
            5220085.736234917
          ],
          [
            629725.2860141831,
            5220084.881915426
          ],
          [
            629725.8218122626,
            5220084.027595934
          ],
          [
            629726.3576103421,
            5220083.173276443
          ],
          [
            629726.8934084217,
            5220082.318956952
          ],
          [
            629727.4292065011,
            5220081.46463746
          ],
          [
            629727.9650045807,
            5220080.61031797
          ],
          [
            629728.5008026601,
            5220079.755998478
          ],
          [
            629729.0366007397,
            5220078.901678987
          ],
          [
            629729.5723988191,
            5220078.047359495
          ],
          [
            629730.1081968987,
            5220077.193040004
          ],
          [
            629730.6439949782,
            5220076.338720513
          ],
          [
            629731.1797930577,
            5220075.484401022
          ],
          [
            629731.7155911372,
            5220074.630081531
          ],
          [
            629732.2513892167,
            5220073.775762039
          ],
          [
            629732.7871872962,
            5220072.921442548
          ],
          [
            629733.3229853758,
            5220072.067123056
          ],
          [
            629733.8587834552,
            5220071.212803565
          ],
          [
            629734.3945815348,
            5220070.358484074
          ],
          [
            629734.9303796142,
            5220069.504164583
          ],
          [
            629735.4661776938,
            5220068.649845092
          ],
          [
            629736.0019757733,
            5220067.7955256
          ],
          [
            629736.5377738528,
            5220066.941206109
          ],
          [
            629737.0735719323,
            5220066.086886617
          ],
          [
            629737.6093700118,
            5220065.232567126
          ],
          [
            629738.1451680913,
            5220064.378247635
          ],
          [
            629738.6809661709,
            5220063.523928144
          ],
          [
            629739.2167642503,
            5220062.669608653
          ],
          [
            629739.7525623299,
            5220061.815289161
          ],
          [
            629740.3710994726,
            5220061.004354958
          ],
          [
            629740.9896366155,
            5220060.193420757
          ],
          [
            629741.6081737583,
            5220059.382486554
          ],
          [
            629742.226710901,
            5220058.571552351
          ],
          [
            629742.8452480438,
            5220057.760618148
          ],
          [
            629743.4637851866,
            5220056.949683947
          ],
          [
            629744.0823223294,
            5220056.138749744
          ],
          [
            629744.7008594722,
            5220055.327815541
          ],
          [
            629745.3193966149,
            5220054.516881339
          ],
          [
            629745.9379337578,
            5220053.7059471365
          ],
          [
            629746.5564709005,
            5220052.895012934
          ],
          [
            629747.1750080433,
            5220052.084078732
          ],
          [
            629747.7935451862,
            5220051.273144529
          ],
          [
            629748.4120823289,
            5220050.462210326
          ],
          [
            629749.0306194717,
            5220049.651276124
          ],
          [
            629749.6491566144,
            5220048.840341922
          ],
          [
            629750.2676937573,
            5220048.029407719
          ],
          [
            629750.8862309001,
            5220047.218473516
          ],
          [
            629751.5047680428,
            5220046.407539315
          ],
          [
            629752.1233051856,
            5220045.596605112
          ],
          [
            629752.7418423285,
            5220044.785670909
          ],
          [
            629753.3603794712,
            5220043.974736707
          ],
          [
            629753.978916614,
            5220043.163802505
          ],
          [
            629754.5974537567,
            5220042.352868302
          ],
          [
            629755.2159908996,
            5220041.541934099
          ],
          [
            629755.8345280424,
            5220040.730999897
          ],
          [
            629756.4530651851,
            5220039.9200656945
          ],
          [
            629757.071602328,
            5220039.109131492
          ],
          [
            629757.6901394707,
            5220038.29819729
          ],
          [
            629758.3086766135,
            5220037.487263087
          ],
          [
            629758.9272137563,
            5220036.676328884
          ],
          [
            629759.5457508991,
            5220035.865394683
          ],
          [
            629760.1642880419,
            5220035.05446048
          ],
          [
            629760.7828251846,
            5220034.243526277
          ],
          [
            629761.4013623274,
            5220033.432592074
          ],
          [
            629762.0198994703,
            5220032.621657873
          ],
          [
            629762.638436613,
            5220031.81072367
          ],
          [
            629763.4932370519,
            5220030.76074139
          ],
          [
            629764.3480374909,
            5220029.710759111
          ],
          [
            629764.0407708983,
            5220030.755091429
          ],
          [
            629763.733504306,
            5220031.799423746
          ],
          [
            629763.4262377135,
            5220032.843756064
          ],
          [
            629763.118971121,
            5220033.888088381
          ],
          [
            629762.8117045286,
            5220034.932420699
          ],
          [
            629762.5044379362,
            5220035.976753016
          ],
          [
            629762.1971713438,
            5220037.021085334
          ],
          [
            629761.3700217548,
            5220036.351289645
          ],
          [
            629760.5428721657,
            5220035.681493955
          ],
          [
            629759.7157225766,
            5220035.011698266
          ],
          [
            629758.8885729874,
            5220034.341902575
          ],
          [
            629758.0614233983,
            5220033.672106886
          ],
          [
            629757.2342738092,
            5220033.002311197
          ],
          [
            629756.4071242202,
            5220032.332515507
          ],
          [
            629755.607339813,
            5220031.682446358
          ],
          [
            629754.752825042,
            5220030.992924129
          ],
          [
            629753.9256754528,
            5220030.323128439
          ],
          [
            629753.0985258637,
            5220029.653332749
          ],
          [
            629752.2713762746,
            5220028.983537059
          ],
          [
            629751.4442266856,
            5220028.31374137
          ],
          [
            629752.3127461344,
            5220027.13191845
          ],
          [
            629753.181265583,
            5220025.95009553
          ],
          [
            629752.3127461344,
            5220027.13191845
          ],
          [
            629751.4442266856,
            5220028.31374137
          ],
          [
            629752.2713762746,
            5220028.983537059
          ],
          [
            629753.0985258637,
            5220029.653332749
          ],
          [
            629753.9256754528,
            5220030.323128439
          ],
          [
            629754.752825042,
            5220030.992924129
          ],
          [
            629755.607339813,
            5220031.682446358
          ],
          [
            629756.4071242202,
            5220032.332515507
          ],
          [
            629757.2342738092,
            5220033.002311197
          ],
          [
            629758.0614233983,
            5220033.672106886
          ],
          [
            629758.8885729874,
            5220034.341902575
          ],
          [
            629759.7157225766,
            5220035.011698266
          ],
          [
            629760.5428721657,
            5220035.681493955
          ],
          [
            629761.3700217548,
            5220036.351289645
          ],
          [
            629762.1971713438,
            5220037.021085334
          ],
          [
            629761.8696720498,
            5220037.972651095
          ],
          [
            629761.5421727558,
            5220038.924216857
          ],
          [
            629761.2146734617,
            5220039.875782618
          ],
          [
            629760.8871741678,
            5220040.82734838
          ],
          [
            629760.5596748737,
            5220041.7789141415
          ],
          [
            629760.8871741678,
            5220040.82734838
          ],
          [
            629761.2146734617,
            5220039.875782618
          ],
          [
            629761.5421727558,
            5220038.924216857
          ],
          [
            629761.8696720498,
            5220037.972651095
          ],
          [
            629762.1971713438,
            5220037.021085334
          ],
          [
            629761.2825985859,
            5220036.248849824
          ],
          [
            629760.368025828,
            5220035.476614315
          ],
          [
            629759.4534530701,
            5220034.704378805
          ],
          [
            629758.5388803122,
            5220033.932143295
          ],
          [
            629758.0957309082,
            5220034.859684598
          ],
          [
            629757.6525815043,
            5220035.7872259
          ],
          [
            629757.2094321003,
            5220036.714767203
          ],
          [
            629756.7662826964,
            5220037.642308505
          ],
          [
            629756.3231332924,
            5220038.569849808
          ],
          [
            629755.8799838884,
            5220039.497391109
          ],
          [
            629755.4368344845,
            5220040.424932412
          ],
          [
            629754.9936850804,
            5220041.352473714
          ],
          [
            629754.5505356765,
            5220042.280015017
          ],
          [
            629754.1073862723,
            5220043.207556319
          ],
          [
            629753.3711460852,
            5220044.024539398
          ],
          [
            629752.6349058978,
            5220044.841522477
          ],
          [
            629751.8986657105,
            5220045.658505554
          ],
          [
            629751.162425523,
            5220046.475488633
          ],
          [
            629750.4261853357,
            5220047.2924717115
          ],
          [
            629750.9283820105,
            5220048.335470016
          ],
          [
            629751.4305786854,
            5220049.378468321
          ],
          [
            629751.9327753602,
            5220050.421466624
          ],
          [
            629752.434972035,
            5220051.464464929
          ],
          [
            629752.9371687098,
            5220052.507463234
          ],
          [
            629753.4393653846,
            5220053.550461538
          ],
          [
            629752.5296193967,
            5220054.035068316
          ],
          [
            629751.6198734087,
            5220054.519675094
          ],
          [
            629750.7101274207,
            5220055.004281872
          ],
          [
            629749.8003814328,
            5220055.488888649
          ],
          [
            629748.8906354448,
            5220055.9734954275
          ],
          [
            629747.9808894568,
            5220056.458102205
          ],
          [
            629747.0711434687,
            5220056.942708983
          ],
          [
            629746.1613974808,
            5220057.42731576
          ],
          [
            629745.2516514928,
            5220057.911922539
          ],
          [
            629744.3419055048,
            5220058.396529316
          ],
          [
            629743.4321595168,
            5220058.881136094
          ],
          [
            629742.5224135289,
            5220059.365742872
          ],
          [
            629741.6126675409,
            5220059.85034965
          ],
          [
            629740.9589838039,
            5220060.698731431
          ],
          [
            629740.305300067,
            5220061.547113211
          ],
          [
            629739.6516163299,
            5220062.395494992
          ],
          [
            629738.9979325929,
            5220063.243876773
          ],
          [
            629738.344248856,
            5220064.092258554
          ],
          [
            629737.6905651189,
            5220064.940640334
          ],
          [
            629737.0368813819,
            5220065.789022115
          ],
          [
            629736.3831976448,
            5220066.637403896
          ],
          [
            629735.7295139079,
            5220067.485785676
          ],
          [
            629735.0758301709,
            5220068.334167457
          ],
          [
            629734.2157192342,
            5220069.083060844
          ],
          [
            629733.3556082976,
            5220069.8319542315
          ],
          [
            629732.495497361,
            5220070.580847619
          ],
          [
            629731.6353864243,
            5220071.329741006
          ],
          [
            629730.7752754877,
            5220072.0786343925
          ],
          [
            629729.915164551,
            5220072.82752778
          ],
          [
            629729.3287388936,
            5220073.676632529
          ],
          [
            629728.7423132361,
            5220074.525737278
          ],
          [
            629728.1558875787,
            5220075.374842026
          ],
          [
            629727.5694619212,
            5220076.223946775
          ],
          [
            629726.9830362638,
            5220077.073051524
          ],
          [
            629726.3966106063,
            5220077.922156273
          ],
          [
            629725.810184949,
            5220078.7712610215
          ],
          [
            629725.2237592915,
            5220079.6203657705
          ],
          [
            629724.6373336341,
            5220080.46947052
          ],
          [
            629724.0509079766,
            5220081.318575269
          ],
          [
            629723.4644823192,
            5220082.167680018
          ],
          [
            629722.8780566617,
            5220083.016784766
          ],
          [
            629722.2916310043,
            5220083.865889515
          ],
          [
            629721.7052053469,
            5220084.714994264
          ],
          [
            629721.1187796894,
            5220085.564099013
          ],
          [
            629720.532354032,
            5220086.413203762
          ],
          [
            629719.9459283745,
            5220087.26230851
          ],
          [
            629719.3595027172,
            5220088.111413259
          ],
          [
            629718.7730770597,
            5220088.960518008
          ],
          [
            629718.1866514023,
            5220089.809622757
          ],
          [
            629717.6002257448,
            5220090.658727506
          ],
          [
            629717.0138000874,
            5220091.507832254
          ],
          [
            629716.4273744299,
            5220092.356937003
          ],
          [
            629715.8409487725,
            5220093.206041752
          ],
          [
            629715.254523115,
            5220094.055146501
          ],
          [
            629714.6680974576,
            5220094.9042512495
          ],
          [
            629714.0816718001,
            5220095.753355999
          ],
          [
            629713.4952461427,
            5220096.602460748
          ],
          [
            629713.6974939196,
            5220097.756339594
          ],
          [
            629713.8997416967,
            5220098.91021844
          ],
          [
            629714.1019894736,
            5220100.064097286
          ],
          [
            629713.0604210666,
            5220100.081844205
          ],
          [
            629712.0188526597,
            5220100.099591125
          ],
          [
            629710.9772842528,
            5220100.117338044
          ],
          [
            629709.9357158459,
            5220100.1350849625
          ],
          [
            629708.8941474389,
            5220100.152831882
          ],
          [
            629707.852579032,
            5220100.170578801
          ],
          [
            629706.8110106251,
            5220100.18832572
          ],
          [
            629705.7694422181,
            5220100.206072639
          ],
          [
            629704.7278738111,
            5220100.2238195585
          ],
          [
            629703.6863054043,
            5220100.241566477
          ],
          [
            629702.6447369973,
            5220100.259313396
          ],
          [
            629701.6031685905,
            5220100.277060316
          ],
          [
            629700.5616001835,
            5220100.294807235
          ],
          [
            629699.5917375389,
            5220100.050461353
          ],
          [
            629698.621874894,
            5220099.80611547
          ],
          [
            629697.6520122492,
            5220099.561769588
          ],
          [
            629696.6821496047,
            5220099.317423706
          ],
          [
            629695.7122869599,
            5220099.073077823
          ],
          [
            629694.7424243151,
            5220098.828731941
          ],
          [
            629693.7725616704,
            5220098.584386058
          ],
          [
            629692.8026990256,
            5220098.340040176
          ],
          [
            629691.8328363809,
            5220098.095694294
          ],
          [
            629690.8629737362,
            5220097.851348411
          ],
          [
            629689.8931110913,
            5220097.607002529
          ],
          [
            629688.9232484468,
            5220097.362656647
          ],
          [
            629687.9533858021,
            5220097.118310764
          ],
          [
            629686.9835231572,
            5220096.873964882
          ],
          [
            629686.0136605126,
            5220096.6296190005
          ],
          [
            629685.0437978678,
            5220096.385273118
          ],
          [
            629684.073935223,
            5220096.140927236
          ],
          [
            629683.1040725784,
            5220095.896581354
          ],
          [
            629682.1342099337,
            5220095.652235471
          ],
          [
            629681.1643472889,
            5220095.407889589
          ],
          [
            629680.1944846442,
            5220095.163543707
          ],
          [
            629679.2246219995,
            5220094.919197824
          ],
          [
            629678.2547593546,
            5220094.674851942
          ],
          [
            629677.2848967101,
            5220094.43050606
          ],
          [
            629676.3150340655,
            5220094.186160177
          ],
          [
            629675.3451714205,
            5220093.941814295
          ],
          [
            629674.3753087759,
            5220093.697468413
          ],
          [
            629673.405446131,
            5220093.45312253
          ],
          [
            629672.4355834862,
            5220093.208776647
          ],
          [
            629671.4657208415,
            5220092.964430765
          ],
          [
            629671.78202461,
            5220091.9868985
          ],
          [
            629672.0983283784,
            5220091.009366235
          ],
          [
            629672.414632147,
            5220090.031833969
          ],
          [
            629672.7309359154,
            5220089.054301703
          ],
          [
            629673.0472396838,
            5220088.076769438
          ],
          [
            629673.3635434522,
            5220087.099237173
          ],
          [
            629673.6798472207,
            5220086.121704907
          ],
          [
            629673.9961509892,
            5220085.144172641
          ],
          [
            629674.3124547576,
            5220084.166640376
          ],
          [
            629674.628758526,
            5220083.189108111
          ],
          [
            629674.9450622945,
            5220082.211575845
          ],
          [
            629675.2613660629,
            5220081.23404358
          ],
          [
            629675.5776698315,
            5220080.256511314
          ],
          [
            629675.8939735999,
            5220079.278979049
          ],
          [
            629676.2102773683,
            5220078.301446783
          ],
          [
            629676.8052191227,
            5220077.49606977
          ],
          [
            629677.4001608766,
            5220076.690692758
          ],
          [
            629677.9951026307,
            5220075.885315746
          ],
          [
            629678.5900443849,
            5220075.079938733
          ],
          [
            629679.1849861392,
            5220074.27456172
          ],
          [
            629679.7799278932,
            5220073.469184708
          ],
          [
            629679.5815350303,
            5220072.428277499
          ],
          [
            629679.3831421672,
            5220071.387370291
          ],
          [
            629679.1847493043,
            5220070.346463082
          ],
          [
            629678.9863564414,
            5220069.305555874
          ],
          [
            629678.7879635784,
            5220068.264648665
          ],
          [
            629678.5895707154,
            5220067.223741457
          ],
          [
            629678.3911778524,
            5220066.182834248
          ],
          [
            629678.1927849895,
            5220065.141927039
          ],
          [
            629677.9943921266,
            5220064.10101983
          ],
          [
            629677.7959992635,
            5220063.060112623
          ],
          [
            629677.5976064006,
            5220062.019205414
          ],
          [
            629676.8438576984,
            5220061.108068171
          ],
          [
            629676.0901089961,
            5220060.196930927
          ],
          [
            629675.3363602939,
            5220059.285793684
          ],
          [
            629674.5826115917,
            5220058.374656441
          ],
          [
            629673.8288628894,
            5220057.463519198
          ],
          [
            629672.6757812782,
            5220057.518989342
          ],
          [
            629671.5226996668,
            5220057.574459487
          ],
          [
            629670.3696180554,
            5220057.62992963
          ],
          [
            629669.2165364441,
            5220057.685399774
          ],
          [
            629668.0634548329,
            5220057.740869919
          ],
          [
            629666.9103732215,
            5220057.796340063
          ],
          [
            629665.9061954499,
            5220057.48408332
          ],
          [
            629664.9020176781,
            5220057.171826578
          ],
          [
            629663.8978399065,
            5220056.859569835
          ],
          [
            629662.8936621349,
            5220056.547313091
          ],
          [
            629661.8894843631,
            5220056.235056349
          ],
          [
            629660.8853065915,
            5220055.922799606
          ],
          [
            629659.8811288199,
            5220055.610542863
          ],
          [
            629658.8769510482,
            5220055.29828612
          ],
          [
            629657.8727732765,
            5220054.986029377
          ],
          [
            629656.8685955048,
            5220054.673772635
          ],
          [
            629655.8644177332,
            5220054.361515892
          ],
          [
            629654.8602399615,
            5220054.049259149
          ],
          [
            629653.8560621898,
            5220053.737002406
          ],
          [
            629652.8518844182,
            5220053.424745663
          ],
          [
            629651.8477066465,
            5220053.11248892
          ],
          [
            629650.8435288748,
            5220052.800232178
          ],
          [
            629649.8393511032,
            5220052.487975434
          ],
          [
            629649.2014303593,
            5220053.30847089
          ],
          [
            629648.5635096154,
            5220054.128966346
          ],
          [
            629649.2014303593,
            5220053.30847089
          ],
          [
            629649.8393511032,
            5220052.487975434
          ],
          [
            629650.8435288748,
            5220052.800232178
          ],
          [
            629651.8477066465,
            5220053.11248892
          ],
          [
            629652.8518844182,
            5220053.424745663
          ],
          [
            629653.8560621898,
            5220053.737002406
          ],
          [
            629654.8602399615,
            5220054.049259149
          ],
          [
            629655.8644177332,
            5220054.361515892
          ],
          [
            629656.8685955048,
            5220054.673772635
          ],
          [
            629657.8727732765,
            5220054.986029377
          ],
          [
            629658.8769510482,
            5220055.29828612
          ],
          [
            629659.8811288199,
            5220055.610542863
          ],
          [
            629660.8853065915,
            5220055.922799606
          ],
          [
            629661.8894843631,
            5220056.235056349
          ],
          [
            629662.8936621349,
            5220056.547313091
          ],
          [
            629663.8978399065,
            5220056.859569835
          ],
          [
            629664.9020176781,
            5220057.171826578
          ],
          [
            629665.9061954499,
            5220057.48408332
          ],
          [
            629666.9103732215,
            5220057.796340063
          ],
          [
            629668.0634548329,
            5220057.740869919
          ],
          [
            629669.2165364441,
            5220057.685399774
          ],
          [
            629670.3696180554,
            5220057.62992963
          ],
          [
            629671.5226996668,
            5220057.574459487
          ],
          [
            629672.6757812782,
            5220057.518989342
          ],
          [
            629673.8288628894,
            5220057.463519198
          ],
          [
            629673.3796318088,
            5220058.383130984
          ],
          [
            629672.9304007284,
            5220059.30274277
          ],
          [
            629672.4811696478,
            5220060.222354556
          ],
          [
            629672.0319385673,
            5220061.141966343
          ],
          [
            629671.5827074867,
            5220062.061578129
          ],
          [
            629671.1334764061,
            5220062.981189916
          ],
          [
            629670.6842453256,
            5220063.9008017015
          ],
          [
            629670.235014245,
            5220064.820413488
          ],
          [
            629669.8215705128,
            5220065.757961857
          ],
          [
            629669.4081267806,
            5220066.695510226
          ],
          [
            629668.9946830485,
            5220067.633058596
          ],
          [
            629668.5812393164,
            5220068.570606966
          ],
          [
            629668.1677955842,
            5220069.508155335
          ],
          [
            629667.754351852,
            5220070.445703704
          ],
          [
            629668.1677955842,
            5220069.508155335
          ],
          [
            629668.5812393164,
            5220068.570606966
          ],
          [
            629668.9946830485,
            5220067.633058596
          ],
          [
            629669.4081267806,
            5220066.695510226
          ],
          [
            629669.8215705128,
            5220065.757961857
          ],
          [
            629670.235014245,
            5220064.820413488
          ],
          [
            629670.6842453256,
            5220063.9008017015
          ],
          [
            629671.1334764061,
            5220062.981189916
          ],
          [
            629671.5827074867,
            5220062.061578129
          ],
          [
            629672.0319385673,
            5220061.141966343
          ],
          [
            629672.4811696478,
            5220060.222354556
          ],
          [
            629672.9304007284,
            5220059.30274277
          ],
          [
            629673.3796318088,
            5220058.383130984
          ],
          [
            629673.8288628894,
            5220057.463519198
          ],
          [
            629674.3731994214,
            5220058.322289042
          ],
          [
            629674.9175359536,
            5220059.181058887
          ],
          [
            629675.4618724856,
            5220060.039828732
          ],
          [
            629676.0062090177,
            5220060.898598577
          ],
          [
            629676.5505455497,
            5220061.757368421
          ],
          [
            629677.0869570395,
            5220062.610245182
          ],
          [
            629677.6392186139,
            5220063.474908111
          ],
          [
            629678.183555146,
            5220064.333677955
          ],
          [
            629678.73584219,
            5220065.198330784
          ],
          [
            629679.2722282101,
            5220066.0512176445
          ],
          [
            629679.8165647421,
            5220066.909987489
          ],
          [
            629680.3609012743,
            5220067.768757334
          ],
          [
            629680.9052378063,
            5220068.627527178
          ],
          [
            629681.4495743384,
            5220069.4862970235
          ],
          [
            629681.9939108704,
            5220070.345066868
          ],
          [
            629682.5926892504,
            5220071.250379419
          ],
          [
            629683.1914676304,
            5220072.15569197
          ],
          [
            629683.7902460104,
            5220073.061004521
          ],
          [
            629684.3890243904,
            5220073.9663170725
          ],
          [
            629684.8873727398,
            5220073.080119092
          ],
          [
            629685.3857210893,
            5220072.193921112
          ],
          [
            629685.8840694388,
            5220071.307723132
          ],
          [
            629686.3824177881,
            5220070.421525152
          ],
          [
            629686.8807661376,
            5220069.535327172
          ],
          [
            629687.3791144871,
            5220068.649129192
          ],
          [
            629687.8774628366,
            5220067.762931212
          ],
          [
            629688.375811186,
            5220066.876733231
          ],
          [
            629688.8741595355,
            5220065.990535252
          ],
          [
            629689.372507885,
            5220065.104337271
          ],
          [
            629689.8708562343,
            5220064.218139292
          ],
          [
            629690.3692045838,
            5220063.331941311
          ],
          [
            629690.8675529333,
            5220062.445743332
          ],
          [
            629691.3659012828,
            5220061.559545351
          ],
          [
            629690.5391721448,
            5220062.125909868
          ],
          [
            629689.7124430069,
            5220062.692274384
          ],
          [
            629688.885713869,
            5220063.258638901
          ],
          [
            629688.0589847311,
            5220063.825003416
          ],
          [
            629687.2322555932,
            5220064.391367933
          ],
          [
            629686.4055264553,
            5220064.957732449
          ],
          [
            629685.5787973173,
            5220065.524096966
          ],
          [
            629684.9485303666,
            5220066.371682529
          ],
          [
            629684.3182634164,
            5220067.219268093
          ],
          [
            629683.6879964657,
            5220068.066853656
          ],
          [
            629683.0577295155,
            5220068.914439219
          ],
          [
            629682.4274625648,
            5220069.762024783
          ],
          [
            629681.8586637082,
            5220070.655184801
          ],
          [
            629681.2310652263,
            5220071.504769465
          ],
          [
            629680.6034667438,
            5220072.35435413
          ],
          [
            629679.9758682619,
            5220073.203938794
          ],
          [
            629679.3482697795,
            5220074.0535234595
          ],
          [
            629678.720671297,
            5220074.903108125
          ],
          [
            629678.0930728151,
            5220075.752692789
          ],
          [
            629677.4654743327,
            5220076.602277454
          ],
          [
            629676.8378758507,
            5220077.451862118
          ],
          [
            629676.2102773683,
            5220078.301446783
          ],
          [
            629675.8939735999,
            5220079.278979049
          ],
          [
            629675.5776698315,
            5220080.256511314
          ],
          [
            629675.2613660629,
            5220081.23404358
          ],
          [
            629674.9450622945,
            5220082.211575845
          ],
          [
            629674.628758526,
            5220083.189108111
          ],
          [
            629674.3124547576,
            5220084.166640376
          ],
          [
            629673.9961509892,
            5220085.144172641
          ],
          [
            629673.6798472207,
            5220086.121704907
          ],
          [
            629673.3635434522,
            5220087.099237173
          ],
          [
            629673.0472396838,
            5220088.076769438
          ],
          [
            629672.7309359154,
            5220089.054301703
          ],
          [
            629672.414632147,
            5220090.031833969
          ],
          [
            629672.0983283784,
            5220091.009366235
          ],
          [
            629671.78202461,
            5220091.9868985
          ],
          [
            629671.4657208415,
            5220092.964430765
          ],
          [
            629672.5583297214,
            5220092.79625627
          ],
          [
            629673.6509386013,
            5220092.628081776
          ],
          [
            629674.7435474813,
            5220092.459907281
          ],
          [
            629675.836156361,
            5220092.291732787
          ],
          [
            629676.9287652409,
            5220092.123558292
          ],
          [
            629678.0213741208,
            5220091.955383798
          ],
          [
            629679.1139830007,
            5220091.787209303
          ],
          [
            629679.813294334,
            5220091.058201278
          ],
          [
            629680.5126056672,
            5220090.329193253
          ],
          [
            629681.2119170005,
            5220089.600185228
          ],
          [
            629681.9112283338,
            5220088.871177203
          ],
          [
            629682.6105396671,
            5220088.1421691775
          ],
          [
            629683.3098510003,
            5220087.413161153
          ],
          [
            629684.0091623336,
            5220086.6841531275
          ],
          [
            629684.7084736668,
            5220085.955145103
          ],
          [
            629685.407785,
            5220085.226137077
          ],
          [
            629686.1070963333,
            5220084.497129053
          ],
          [
            629686.8064076666,
            5220083.768121027
          ],
          [
            629687.5057189999,
            5220083.039113003
          ],
          [
            629688.2050303331,
            5220082.310104977
          ],
          [
            629688.9043416664,
            5220081.581096953
          ],
          [
            629689.6036529996,
            5220080.852088927
          ],
          [
            629690.3029643329,
            5220080.123080903
          ],
          [
            629691.0022756661,
            5220079.394072877
          ],
          [
            629691.7015869995,
            5220078.665064853
          ],
          [
            629692.4008983327,
            5220077.936056827
          ],
          [
            629693.100209666,
            5220077.207048803
          ],
          [
            629693.7995209992,
            5220076.478040777
          ],
          [
            629694.6406195766,
            5220075.740065221
          ],
          [
            629695.481718154,
            5220075.002089664
          ],
          [
            629696.3228167314,
            5220074.264114108
          ],
          [
            629697.1639153088,
            5220073.5261385515
          ],
          [
            629698.0050138863,
            5220072.788162995
          ],
          [
            629698.8461124636,
            5220072.050187439
          ],
          [
            629699.4698728918,
            5220073.657327481
          ],
          [
            629699.8358655547,
            5220074.592021375
          ],
          [
            629700.2018582177,
            5220075.526715269
          ],
          [
            629700.5678508808,
            5220076.461409163
          ],
          [
            629700.9338435438,
            5220077.396103057
          ],
          [
            629701.2998362068,
            5220078.330796951
          ],
          [
            629701.6658288699,
            5220079.265490846
          ],
          [
            629702.0318215329,
            5220080.200184739
          ],
          [
            629702.397814196,
            5220081.134878634
          ],
          [
            629702.763806859,
            5220082.069572528
          ],
          [
            629703.129799522,
            5220083.004266422
          ],
          [
            629703.4957921851,
            5220083.938960316
          ],
          [
            629703.861784848,
            5220084.87365421
          ],
          [
            629704.2277775111,
            5220085.808348104
          ],
          [
            629703.6431469788,
            5220086.623848725
          ],
          [
            629703.0585164465,
            5220087.439349346
          ],
          [
            629702.4738859141,
            5220088.254849967
          ],
          [
            629701.8892553815,
            5220089.070350588
          ],
          [
            629701.3046248492,
            5220089.885851209
          ],
          [
            629700.7199943168,
            5220090.70135183
          ],
          [
            629700.1353637844,
            5220091.516852451
          ],
          [
            629699.5507332521,
            5220092.332353071
          ],
          [
            629698.9661027198,
            5220093.147853692
          ],
          [
            629698.3814721873,
            5220093.963354313
          ],
          [
            629697.7968416549,
            5220094.778854934
          ],
          [
            629697.2122111226,
            5220095.594355554
          ],
          [
            629698.0457170253,
            5220096.154948915
          ],
          [
            629698.879222928,
            5220096.715542277
          ],
          [
            629699.7127288306,
            5220097.276135638
          ],
          [
            629700.5462347333,
            5220097.836728999
          ],
          [
            629701.379740636,
            5220098.39732236
          ],
          [
            629702.2132465385,
            5220098.957915722
          ],
          [
            629703.0467524412,
            5220099.518509083
          ],
          [
            629703.8802583439,
            5220100.079102444
          ],
          [
            629704.7137642466,
            5220100.6396958055
          ],
          [
            629705.5472701492,
            5220101.200289167
          ],
          [
            629706.3807760519,
            5220101.7608825285
          ],
          [
            629707.4838065407,
            5220101.518484637
          ],
          [
            629708.5868370296,
            5220101.276086745
          ],
          [
            629709.6898675184,
            5220101.0336888535
          ],
          [
            629710.7928980071,
            5220100.791290961
          ],
          [
            629711.8959284959,
            5220100.54889307
          ],
          [
            629712.9989589847,
            5220100.306495178
          ],
          [
            629714.1019894736,
            5220100.064097286
          ],
          [
            629713.8997416967,
            5220098.91021844
          ],
          [
            629713.6974939196,
            5220097.756339594
          ],
          [
            629713.4952461427,
            5220096.602460748
          ],
          [
            629714.3365082671,
            5220096.054876806
          ],
          [
            629715.1777703913,
            5220095.507292865
          ],
          [
            629716.0190325157,
            5220094.9597089235
          ],
          [
            629716.8602946401,
            5220094.412124982
          ],
          [
            629717.7015567643,
            5220093.86454104
          ],
          [
            629718.5428188887,
            5220093.316957098
          ],
          [
            629719.3840810129,
            5220092.769373157
          ],
          [
            629720.2253431373,
            5220092.221789216
          ],
          [
            629719.6094812637,
            5220093.233387569
          ],
          [
            629718.9936193901,
            5220094.244985921
          ],
          [
            629718.3777575163,
            5220095.256584275
          ],
          [
            629717.7618956427,
            5220096.268182627
          ],
          [
            629717.1460337691,
            5220097.27978098
          ],
          [
            629716.7449468077,
            5220098.435661079
          ],
          [
            629716.3438598464,
            5220099.591541179
          ],
          [
            629715.9427728851,
            5220100.747421279
          ],
          [
            629716.8200540819,
            5220101.348719848
          ],
          [
            629717.6973352787,
            5220101.950018419
          ],
          [
            629718.5746164757,
            5220102.551316989
          ],
          [
            629719.4518976726,
            5220103.152615559
          ],
          [
            629720.3291788695,
            5220103.753914129
          ],
          [
            629721.2064600664,
            5220104.3552127
          ],
          [
            629722.0837412634,
            5220104.956511269
          ],
          [
            629722.9610224603,
            5220105.55780984
          ],
          [
            629723.8383036571,
            5220106.15910841
          ],
          [
            629724.8456495611,
            5220106.326873621
          ],
          [
            629725.852995465,
            5220106.494638833
          ],
          [
            629726.860341369,
            5220106.6624040445
          ],
          [
            629727.8676872731,
            5220106.830169257
          ],
          [
            629728.8750331771,
            5220106.997934468
          ],
          [
            629729.882379081,
            5220107.165699679
          ],
          [
            629730.889724985,
            5220107.333464892
          ],
          [
            629731.897070889,
            5220107.501230103
          ],
          [
            629732.904416793,
            5220107.668995315
          ],
          [
            629733.9117626969,
            5220107.8367605265
          ],
          [
            629734.9191086009,
            5220108.004525738
          ],
          [
            629735.926454505,
            5220108.17229095
          ],
          [
            629736.9338004088,
            5220108.340056161
          ],
          [
            629737.9411463129,
            5220108.507821373
          ],
          [
            629738.9484922169,
            5220108.675586585
          ],
          [
            629739.9558381209,
            5220108.843351796
          ],
          [
            629740.9631840248,
            5220109.0111170085
          ],
          [
            629741.9705299288,
            5220109.17888222
          ],
          [
            629742.9778758328,
            5220109.346647431
          ],
          [
            629743.9852217367,
            5220109.514412643
          ],
          [
            629744.9925676407,
            5220109.682177855
          ],
          [
            629745.9999135447,
            5220109.849943067
          ],
          [
            629747.0072594488,
            5220110.017708278
          ],
          [
            629748.0146053527,
            5220110.18547349
          ],
          [
            629749.0219512567,
            5220110.353238702
          ],
          [
            629750.0292971607,
            5220110.521003913
          ],
          [
            629751.0366430646,
            5220110.688769124
          ],
          [
            629752.0439889686,
            5220110.856534337
          ],
          [
            629753.0513348726,
            5220111.024299548
          ],
          [
            629754.0586807766,
            5220111.19206476
          ],
          [
            629755.0660266805,
            5220111.359829972
          ],
          [
            629756.0733725845,
            5220111.527595183
          ],
          [
            629757.0807184885,
            5220111.695360395
          ],
          [
            629758.0880643926,
            5220111.863125606
          ],
          [
            629759.0954102965,
            5220112.030890819
          ],
          [
            629760.1027562005,
            5220112.19865603
          ],
          [
            629761.0738724362,
            5220112.442625455
          ],
          [
            629762.0449886718,
            5220112.686594878
          ],
          [
            629763.0161049076,
            5220112.930564303
          ],
          [
            629763.9872211433,
            5220113.174533728
          ],
          [
            629764.9583373792,
            5220113.418503152
          ],
          [
            629765.9294536149,
            5220113.662472576
          ],
          [
            629766.9005698506,
            5220113.9064420005
          ],
          [
            629767.8716860863,
            5220114.150411425
          ],
          [
            629768.8428023219,
            5220114.394380849
          ],
          [
            629769.8139185577,
            5220114.6383502735
          ],
          [
            629770.7850347934,
            5220114.882319698
          ],
          [
            629771.7561510291,
            5220115.126289123
          ],
          [
            629772.7272672649,
            5220115.370258546
          ],
          [
            629773.6983835007,
            5220115.614227971
          ],
          [
            629774.6694997364,
            5220115.858197396
          ],
          [
            629775.6406159721,
            5220116.10216682
          ],
          [
            629776.6117322078,
            5220116.346136244
          ],
          [
            629777.5828484435,
            5220116.590105669
          ],
          [
            629778.5072638842,
            5220117.104640487
          ],
          [
            629779.4316793247,
            5220117.619175306
          ],
          [
            629780.3560947654,
            5220118.133710124
          ],
          [
            629781.280510206,
            5220118.648244942
          ],
          [
            629782.2049256465,
            5220119.16277976
          ],
          [
            629783.1293410872,
            5220119.677314579
          ],
          [
            629784.0537565278,
            5220120.191849397
          ],
          [
            629784.9781719684,
            5220120.706384215
          ],
          [
            629785.902587409,
            5220121.220919033
          ],
          [
            629786.8270028497,
            5220121.7354538515
          ],
          [
            629787.7514182902,
            5220122.2499886695
          ],
          [
            629788.6758337308,
            5220122.764523488
          ],
          [
            629789.6002491715,
            5220123.279058306
          ],
          [
            629790.524664612,
            5220123.7935931245
          ],
          [
            629791.4490800527,
            5220124.3081279425
          ],
          [
            629790.721692227,
            5220125.03526307
          ],
          [
            629789.9943044012,
            5220125.762398197
          ],
          [
            629789.2669165755,
            5220126.489533325
          ],
          [
            629788.5395287498,
            5220127.216668452
          ],
          [
            629787.812140924,
            5220127.94380358
          ],
          [
            629787.0847530982,
            5220128.670938707
          ],
          [
            629786.3573652725,
            5220129.398073834
          ],
          [
            629785.6299774467,
            5220130.125208962
          ],
          [
            629784.902589621,
            5220130.85234409
          ],
          [
            629784.1752017953,
            5220131.5794792175
          ],
          [
            629783.4478139696,
            5220132.306614345
          ],
          [
            629782.7204261438,
            5220133.033749472
          ],
          [
            629781.9930383181,
            5220133.7608846
          ],
          [
            629781.2656504924,
            5220134.488019727
          ],
          [
            629780.5382626667,
            5220135.215154855
          ],
          [
            629779.810874841,
            5220135.942289982
          ],
          [
            629779.0834870152,
            5220136.669425109
          ],
          [
            629778.3560991894,
            5220137.396560237
          ],
          [
            629777.6287113636,
            5220138.123695364
          ],
          [
            629776.9013235379,
            5220138.850830492
          ],
          [
            629776.1739357122,
            5220139.577965619
          ],
          [
            629775.4465478865,
            5220140.305100746
          ],
          [
            629774.7191600607,
            5220141.032235874
          ],
          [
            629773.991772235,
            5220141.759371001
          ],
          [
            629773.2643844093,
            5220142.486506129
          ],
          [
            629772.5369965836,
            5220143.213641256
          ],
          [
            629771.8096087578,
            5220143.940776384
          ],
          [
            629771.0822209321,
            5220144.667911512
          ],
          [
            629770.3548331064,
            5220145.395046639
          ],
          [
            629769.6274452806,
            5220146.122181767
          ],
          [
            629768.9000574548,
            5220146.849316894
          ],
          [
            629768.1726696291,
            5220147.5764520215
          ],
          [
            629767.4452818034,
            5220148.303587149
          ],
          [
            629766.7178939776,
            5220149.030722276
          ],
          [
            629765.9905061519,
            5220149.757857404
          ],
          [
            629765.2343460509,
            5220150.440657118
          ],
          [
            629764.4781859498,
            5220151.123456832
          ],
          [
            629763.7220258489,
            5220151.806256547
          ],
          [
            629762.9658657479,
            5220152.489056261
          ],
          [
            629762.2097056468,
            5220153.171855976
          ],
          [
            629761.4535455458,
            5220153.85465569
          ],
          [
            629760.6973854449,
            5220154.537455404
          ],
          [
            629759.9412253438,
            5220155.220255119
          ],
          [
            629759.1850652428,
            5220155.9030548325
          ],
          [
            629758.4289051418,
            5220156.585854547
          ],
          [
            629757.6727450409,
            5220157.268654262
          ],
          [
            629756.9165849398,
            5220157.951453976
          ],
          [
            629756.1604248388,
            5220158.63425369
          ],
          [
            629755.4042647377,
            5220159.317053405
          ],
          [
            629754.6481046368,
            5220159.999853119
          ],
          [
            629753.8919445358,
            5220160.682652833
          ],
          [
            629753.1357844347,
            5220161.365452548
          ],
          [
            629752.3796243337,
            5220162.048252262
          ],
          [
            629751.6234642328,
            5220162.731051976
          ],
          [
            629750.8673041317,
            5220163.4138516905
          ],
          [
            629750.1111440307,
            5220164.096651405
          ],
          [
            629749.3549839297,
            5220164.77945112
          ],
          [
            629748.5988238286,
            5220165.462250833
          ],
          [
            629747.8426637277,
            5220166.145050548
          ],
          [
            629747.0865036267,
            5220166.827850263
          ],
          [
            629746.3303435256,
            5220167.510649976
          ],
          [
            629745.5741834246,
            5220168.193449691
          ],
          [
            629744.8180233237,
            5220168.876249406
          ],
          [
            629744.0618632226,
            5220169.55904912
          ],
          [
            629743.3057031216,
            5220170.241848834
          ],
          [
            629742.5495430205,
            5220170.9246485485
          ],
          [
            629741.7933829196,
            5220171.607448263
          ],
          [
            629741.0372228186,
            5220172.290247977
          ],
          [
            629740.2810627175,
            5220172.973047691
          ],
          [
            629739.5249026165,
            5220173.655847406
          ],
          [
            629738.7687425156,
            5220174.338647121
          ],
          [
            629738.0125824146,
            5220175.021446834
          ],
          [
            629737.2564223135,
            5220175.704246549
          ],
          [
            629736.7144462243,
            5220176.5737462165
          ],
          [
            629736.172470135,
            5220177.443245884
          ],
          [
            629735.6304940458,
            5220178.312745552
          ],
          [
            629735.0885179566,
            5220179.182245219
          ],
          [
            629734.5465418673,
            5220180.051744888
          ],
          [
            629734.0045657781,
            5220180.921244555
          ],
          [
            629733.4625896888,
            5220181.790744223
          ],
          [
            629732.9206135996,
            5220182.66024389
          ],
          [
            629732.3786375104,
            5220183.529743558
          ],
          [
            629731.836661421,
            5220184.399243225
          ],
          [
            629731.2946853318,
            5220185.268742893
          ],
          [
            629730.7527092425,
            5220186.13824256
          ],
          [
            629730.2107331533,
            5220187.007742228
          ],
          [
            629729.668757064,
            5220187.8772418955
          ],
          [
            629729.1267809748,
            5220188.746741564
          ],
          [
            629728.5848048856,
            5220189.616241232
          ],
          [
            629728.0428287963,
            5220190.485740899
          ],
          [
            629727.5008527071,
            5220191.355240567
          ],
          [
            629726.9588766178,
            5220192.224740234
          ],
          [
            629726.4169005286,
            5220193.094239902
          ],
          [
            629725.8749244394,
            5220193.963739569
          ],
          [
            629725.3329483501,
            5220194.833239237
          ],
          [
            629724.7909722609,
            5220195.702738904
          ],
          [
            629724.2489961716,
            5220196.572238572
          ],
          [
            629723.7070200824,
            5220197.44173824
          ],
          [
            629723.1650439932,
            5220198.311237908
          ],
          [
            629722.6230679039,
            5220199.1807375755
          ],
          [
            629722.0810918147,
            5220200.050237243
          ],
          [
            629721.5391157254,
            5220200.919736911
          ],
          [
            629720.9971396361,
            5220201.789236578
          ],
          [
            629720.4551635468,
            5220202.658736246
          ],
          [
            629719.9131874576,
            5220203.528235913
          ],
          [
            629719.3712113684,
            5220204.397735581
          ],
          [
            629718.8292352791,
            5220205.267235248
          ],
          [
            629718.2872591899,
            5220206.136734917
          ],
          [
            629717.7452831006,
            5220207.006234584
          ],
          [
            629717.2033070114,
            5220207.875734252
          ],
          [
            629716.6613309222,
            5220208.7452339195
          ],
          [
            629716.1193548329,
            5220209.614733587
          ],
          [
            629715.061138965,
            5220209.7591521265
          ],
          [
            629714.002923097,
            5220209.903570665
          ],
          [
            629712.9447072292,
            5220210.0479892045
          ],
          [
            629711.8864913612,
            5220210.192407744
          ],
          [
            629710.8282754932,
            5220210.3368262835
          ],
          [
            629709.7700596254,
            5220210.481244823
          ],
          [
            629708.7118437574,
            5220210.6256633615
          ],
          [
            629707.6536278895,
            5220210.770081901
          ],
          [
            629706.5954120215,
            5220210.9145004405
          ],
          [
            629705.5371961535,
            5220211.058918979
          ],
          [
            629704.4789802857,
            5220211.2033375185
          ],
          [
            629703.4207644177,
            5220211.347756058
          ],
          [
            629703.7748055742,
            5220210.329573731
          ],
          [
            629704.1288467308,
            5220209.311391404
          ],
          [
            629704.4828878874,
            5220208.293209078
          ],
          [
            629704.8369290439,
            5220207.275026751
          ],
          [
            629705.1909702003,
            5220206.256844424
          ],
          [
            629705.5450113569,
            5220205.238662097
          ],
          [
            629705.8990525135,
            5220204.22047977
          ],
          [
            629706.25309367,
            5220203.2022974435
          ],
          [
            629706.6071348265,
            5220202.1841151165
          ],
          [
            629706.9611759831,
            5220201.165932789
          ],
          [
            629706.0194202992,
            5220200.746100828
          ],
          [
            629705.0776646154,
            5220200.326268868
          ],
          [
            629704.1359089315,
            5220199.906436906
          ],
          [
            629703.1941532478,
            5220199.486604945
          ],
          [
            629702.2523975639,
            5220199.066772984
          ],
          [
            629701.3106418801,
            5220198.646941023
          ],
          [
            629701.956037279,
            5220197.846503835
          ],
          [
            629702.6014326779,
            5220197.046066647
          ],
          [
            629703.2468280769,
            5220196.24562946
          ],
          [
            629703.8922234757,
            5220195.445192272
          ],
          [
            629704.5376188747,
            5220194.644755084
          ],
          [
            629705.1830142736,
            5220193.844317896
          ],
          [
            629705.8284096726,
            5220193.0438807085
          ],
          [
            629706.4738050716,
            5220192.243443521
          ],
          [
            629707.1192004705,
            5220191.443006333
          ],
          [
            629707.7645958695,
            5220190.642569145
          ],
          [
            629708.4099912683,
            5220189.842131957
          ],
          [
            629709.0701465162,
            5220189.053374394
          ],
          [
            629709.7081619907,
            5220188.2470973935
          ],
          [
            629710.3461774654,
            5220187.440820394
          ],
          [
            629711.0733850024,
            5220186.5218290305
          ],
          [
            629711.7285585853,
            5220185.546295159
          ],
          [
            629712.4481955427,
            5220184.621160209
          ],
          [
            629713.1678325004,
            5220183.696025259
          ],
          [
            629713.8874694578,
            5220182.7708903095
          ],
          [
            629714.0701710251,
            5220181.683062605
          ],
          [
            629714.2528725924,
            5220180.5952349
          ],
          [
            629714.4355741597,
            5220179.507407196
          ],
          [
            629714.618275727,
            5220178.419579491
          ],
          [
            629714.8009772943,
            5220177.331751786
          ],
          [
            629714.7590427826,
            5220176.2866364205
          ],
          [
            629714.7171082709,
            5220175.241521055
          ],
          [
            629714.6751737591,
            5220174.196405689
          ],
          [
            629714.6332392474,
            5220173.151290324
          ],
          [
            629713.9527115426,
            5220172.39287252
          ],
          [
            629713.2721838378,
            5220171.634454717
          ],
          [
            629712.5916561331,
            5220170.876036913
          ],
          [
            629711.9111284284,
            5220170.117619109
          ],
          [
            629711.2306007236,
            5220169.3592013065
          ],
          [
            629710.5500730189,
            5220168.600783503
          ],
          [
            629709.4877322463,
            5220167.998004477
          ],
          [
            629708.4253914737,
            5220167.39522545
          ],
          [
            629708.0417591344,
            5220166.423841738
          ],
          [
            629707.6581267952,
            5220165.452458026
          ],
          [
            629707.2744944559,
            5220164.481074314
          ],
          [
            629706.8908621166,
            5220163.509690601
          ],
          [
            629706.5072297773,
            5220162.538306889
          ],
          [
            629706.1235974381,
            5220161.566923178
          ],
          [
            629705.7399650988,
            5220160.595539466
          ],
          [
            629705.3563327595,
            5220159.624155753
          ],
          [
            629704.9727004202,
            5220158.652772041
          ],
          [
            629704.589068081,
            5220157.681388329
          ],
          [
            629704.2054357417,
            5220156.7100046165
          ],
          [
            629703.341054362,
            5220156.102041196
          ],
          [
            629702.4766729822,
            5220155.494077775
          ],
          [
            629701.6122916025,
            5220154.886114354
          ],
          [
            629700.7479102229,
            5220154.278150933
          ],
          [
            629699.883528843,
            5220153.670187512
          ],
          [
            629699.0191474634,
            5220153.062224091
          ],
          [
            629698.1547660837,
            5220152.454260671
          ],
          [
            629697.2903847039,
            5220151.84629725
          ],
          [
            629696.4260033242,
            5220151.238333829
          ],
          [
            629695.5616219444,
            5220150.630370408
          ],
          [
            629694.6972405647,
            5220150.022406987
          ],
          [
            629693.8328591851,
            5220149.414443566
          ],
          [
            629692.9684778053,
            5220148.806480145
          ],
          [
            629692.1040964256,
            5220148.198516725
          ],
          [
            629692.7248532819,
            5220147.38646537
          ],
          [
            629693.3456101381,
            5220146.574414015
          ],
          [
            629693.9663669944,
            5220145.76236266
          ],
          [
            629694.5871238507,
            5220144.950311305
          ],
          [
            629695.207880707,
            5220144.13825995
          ],
          [
            629695.8286375633,
            5220143.326208595
          ],
          [
            629696.4493944196,
            5220142.51415724
          ],
          [
            629697.0701512757,
            5220141.702105885
          ],
          [
            629697.690908132,
            5220140.89005453
          ],
          [
            629698.3116649883,
            5220140.078003176
          ],
          [
            629698.9324218446,
            5220139.265951821
          ],
          [
            629699.5531787009,
            5220138.453900466
          ],
          [
            629700.1739355571,
            5220137.641849111
          ],
          [
            629700.7946924134,
            5220136.829797756
          ],
          [
            629701.4154492697,
            5220136.0177464
          ],
          [
            629702.036206126,
            5220135.205695045
          ],
          [
            629702.6569629823,
            5220134.39364369
          ],
          [
            629703.2777198385,
            5220133.581592335
          ],
          [
            629703.8984766948,
            5220132.76954098
          ],
          [
            629704.5192335511,
            5220131.957489626
          ],
          [
            629705.1399904074,
            5220131.145438271
          ],
          [
            629705.7607472636,
            5220130.333386916
          ],
          [
            629706.3815041198,
            5220129.521335561
          ],
          [
            629707.0022609761,
            5220128.709284206
          ],
          [
            629707.6230178324,
            5220127.897232851
          ],
          [
            629708.2437746887,
            5220127.085181496
          ],
          [
            629708.864531545,
            5220126.273130141
          ],
          [
            629709.4852884013,
            5220125.461078786
          ],
          [
            629710.1060452578,
            5220124.649027431
          ],
          [
            629711.0753339776,
            5220124.345701698
          ],
          [
            629712.0446226976,
            5220124.042375966
          ],
          [
            629712.9966712492,
            5220123.6758734435
          ],
          [
            629713.9487198006,
            5220123.309370921
          ],
          [
            629714.900768352,
            5220122.9428683985
          ],
          [
            629715.8528169035,
            5220122.576365876
          ],
          [
            629716.804865455,
            5220122.2098633535
          ],
          [
            629717.7569140064,
            5220121.843360831
          ],
          [
            629718.7089625578,
            5220121.476858309
          ],
          [
            629719.6610111094,
            5220121.110355786
          ],
          [
            629720.6280156642,
            5220120.716397715
          ],
          [
            629721.5950202191,
            5220120.322439643
          ],
          [
            629722.5620247739,
            5220119.928481571
          ],
          [
            629723.5290293288,
            5220119.534523499
          ],
          [
            629724.4960338837,
            5220119.140565428
          ],
          [
            629725.4630384385,
            5220118.746607356
          ],
          [
            629726.4300429934,
            5220118.3526492845
          ],
          [
            629727.3970475482,
            5220117.958691212
          ],
          [
            629728.3640521031,
            5220117.564733141
          ],
          [
            629729.331056658,
            5220117.170775069
          ],
          [
            629730.2980612128,
            5220116.776816998
          ],
          [
            629731.2650657677,
            5220116.3828589255
          ],
          [
            629732.2320703225,
            5220115.988900854
          ],
          [
            629733.1990748774,
            5220115.594942782
          ],
          [
            629734.1660794322,
            5220115.200984711
          ],
          [
            629734.8579599864,
            5220116.053380037
          ],
          [
            629735.5498405406,
            5220116.905775364
          ],
          [
            629736.2417210948,
            5220117.75817069
          ],
          [
            629736.933601649,
            5220118.610566016
          ],
          [
            629737.6254822033,
            5220119.462961342
          ],
          [
            629738.3173627575,
            5220120.315356669
          ],
          [
            629739.0092433117,
            5220121.167751996
          ],
          [
            629739.701123866,
            5220122.020147322
          ],
          [
            629739.2187393119,
            5220122.950540791
          ],
          [
            629738.7363547578,
            5220123.880934262
          ],
          [
            629738.2539702038,
            5220124.811327731
          ],
          [
            629737.7715856497,
            5220125.741721201
          ],
          [
            629737.2892010957,
            5220126.672114671
          ],
          [
            629736.8068165416,
            5220127.602508141
          ],
          [
            629736.3244319876,
            5220128.53290161
          ],
          [
            629735.8420474335,
            5220129.463295081
          ],
          [
            629735.3596628795,
            5220130.39368855
          ],
          [
            629734.8772783254,
            5220131.32408202
          ],
          [
            629734.3948937714,
            5220132.25447549
          ],
          [
            629733.9125092173,
            5220133.18486896
          ],
          [
            629733.4301246633,
            5220134.115262429
          ],
          [
            629732.9477401092,
            5220135.0456559
          ],
          [
            629732.4653555552,
            5220135.976049369
          ],
          [
            629731.9672060183,
            5220137.009138363
          ],
          [
            629731.4690564813,
            5220138.042227358
          ],
          [
            629730.9709069442,
            5220139.075316352
          ],
          [
            629730.4727574073,
            5220140.108405346
          ],
          [
            629729.9746078704,
            5220141.14149434
          ],
          [
            629729.4764583334,
            5220142.1745833345
          ],
          [
            629728.5904843665,
            5220142.867630231
          ],
          [
            629727.7045103997,
            5220143.560677128
          ],
          [
            629726.8185364328,
            5220144.253724025
          ],
          [
            629725.932562466,
            5220144.946770921
          ],
          [
            629725.046588499,
            5220145.639817818
          ],
          [
            629724.410618051,
            5220146.468239994
          ],
          [
            629723.7746476029,
            5220147.29666217
          ],
          [
            629723.1386771549,
            5220148.125084347
          ],
          [
            629722.5361450094,
            5220148.979460692
          ],
          [
            629721.8697389801,
            5220149.784233855
          ],
          [
            629721.2343690763,
            5220150.6131170625
          ],
          [
            629720.7664786299,
            5220149.721659758
          ],
          [
            629720.2985881835,
            5220148.830202454
          ],
          [
            629719.8306977372,
            5220147.938745149
          ],
          [
            629719.1039505292,
            5220148.180531445
          ],
          [
            629718.5069728877,
            5220148.990639401
          ],
          [
            629717.9099952461,
            5220149.800747356
          ],
          [
            629717.3130176043,
            5220150.610855313
          ],
          [
            629716.7160399628,
            5220151.420963269
          ],
          [
            629716.1190623213,
            5220152.231071224
          ],
          [
            629715.5220846798,
            5220153.04117918
          ],
          [
            629714.4631129061,
            5220153.180061261
          ],
          [
            629713.4041411325,
            5220153.318943342
          ],
          [
            629712.3451693588,
            5220153.457825422
          ],
          [
            629711.286197585,
            5220153.596707503
          ],
          [
            629710.2272258115,
            5220153.735589584
          ],
          [
            629709.1682540377,
            5220153.874471665
          ],
          [
            629708.1092822641,
            5220154.013353746
          ],
          [
            629707.0503104904,
            5220154.152235827
          ],
          [
            629705.9913387167,
            5220154.2911179075
          ],
          [
            629704.9323669431,
            5220154.4299999885
          ],
          [
            629703.8733951693,
            5220154.56888207
          ],
          [
            629703.2554284255,
            5220155.371768725
          ],
          [
            629702.6374616813,
            5220156.174655382
          ],
          [
            629702.0194949375,
            5220156.977542037
          ],
          [
            629701.4015281936,
            5220157.780428693
          ],
          [
            629700.7835614495,
            5220158.583315349
          ],
          [
            629700.1655947057,
            5220159.386202005
          ],
          [
            629699.546996427,
            5220160.189909175
          ],
          [
            629698.9283981484,
            5220160.993616345
          ],
          [
            629698.3097998695,
            5220161.797323517
          ],
          [
            629697.691201591,
            5220162.601030687
          ],
          [
            629697.0726033123,
            5220163.404737857
          ],
          [
            629696.4506751628,
            5220162.619794409
          ],
          [
            629695.8287470134,
            5220161.834850961
          ],
          [
            629695.2068188639,
            5220161.049907513
          ],
          [
            629694.5848907144,
            5220160.264964065
          ],
          [
            629693.9629625648,
            5220159.480020617
          ],
          [
            629693.3410344153,
            5220158.695077169
          ],
          [
            629692.7191062658,
            5220157.910133721
          ],
          [
            629692.0971781163,
            5220157.125190273
          ],
          [
            629691.460393884,
            5220156.245171696
          ],
          [
            629690.8236096516,
            5220155.365153118
          ],
          [
            629690.1868254192,
            5220154.485134541
          ],
          [
            629689.5500411869,
            5220153.605115963
          ],
          [
            629688.9132569545,
            5220152.725097386
          ],
          [
            629688.2764727222,
            5220151.845078808
          ],
          [
            629687.6396884898,
            5220150.965060231
          ],
          [
            629687.0029042575,
            5220150.085041653
          ],
          [
            629686.366120025,
            5220149.205023076
          ],
          [
            629685.7293357927,
            5220148.3250044985
          ],
          [
            629685.0925515604,
            5220147.4449859215
          ],
          [
            629684.1331162467,
            5220146.534704238
          ],
          [
            629683.1736809331,
            5220145.624422554
          ],
          [
            629684.1331162467,
            5220146.534704238
          ],
          [
            629685.0925515604,
            5220147.4449859215
          ],
          [
            629684.4652606911,
            5220148.334364426
          ],
          [
            629683.8197200778,
            5220149.190608314
          ],
          [
            629683.1399022139,
            5220150.020851263
          ],
          [
            629682.4827834876,
            5220150.868405809
          ],
          [
            629681.8256647608,
            5220151.7159603555
          ],
          [
            629681.1685460341,
            5220152.563514902
          ],
          [
            629680.5114273074,
            5220153.411069449
          ],
          [
            629679.8132345829,
            5220154.171640751
          ],
          [
            629679.1150418585,
            5220154.932212054
          ],
          [
            629678.416849134,
            5220155.692783356
          ],
          [
            629677.7186564096,
            5220156.453354659
          ],
          [
            629677.0204636852,
            5220157.2139259605
          ],
          [
            629676.3222709608,
            5220157.974497263
          ],
          [
            629675.6240782363,
            5220158.735068565
          ],
          [
            629674.9258855118,
            5220159.495639867
          ],
          [
            629674.2276927874,
            5220160.25621117
          ],
          [
            629673.5295000629,
            5220161.016782472
          ],
          [
            629672.8313073386,
            5220161.777353775
          ],
          [
            629672.1331146141,
            5220162.537925077
          ],
          [
            629671.4349218897,
            5220163.2984963795
          ],
          [
            629670.7367291652,
            5220164.059067681
          ],
          [
            629670.0385364408,
            5220164.819638984
          ],
          [
            629669.3403437163,
            5220165.580210286
          ],
          [
            629668.6421509918,
            5220166.340781588
          ],
          [
            629667.9439582675,
            5220167.101352891
          ],
          [
            629667.245765543,
            5220167.861924193
          ],
          [
            629666.5475728186,
            5220168.622495496
          ],
          [
            629665.8493800941,
            5220169.383066798
          ],
          [
            629665.1511873697,
            5220170.1436381005
          ],
          [
            629664.4529946452,
            5220170.904209402
          ],
          [
            629663.7548019207,
            5220171.664780704
          ],
          [
            629663.0566091964,
            5220172.425352007
          ],
          [
            629662.3584164719,
            5220173.185923309
          ],
          [
            629661.6602237475,
            5220173.946494612
          ],
          [
            629660.962031023,
            5220174.707065914
          ],
          [
            629660.2638382986,
            5220175.467637217
          ],
          [
            629659.5656455741,
            5220176.228208519
          ],
          [
            629658.9016466157,
            5220177.092518895
          ],
          [
            629658.1790013677,
            5220177.91142388
          ],
          [
            629657.5052599285,
            5220178.768425126
          ],
          [
            629656.83151849,
            5220179.625426372
          ],
          [
            629656.2210225906,
            5220178.703487635
          ],
          [
            629655.6105266912,
            5220177.781548897
          ],
          [
            629655.0000307917,
            5220176.85961016
          ],
          [
            629654.3895348923,
            5220175.937671423
          ],
          [
            629653.7790389928,
            5220175.015732686
          ],
          [
            629653.1685430934,
            5220174.093793949
          ],
          [
            629652.5580471939,
            5220173.171855211
          ],
          [
            629651.9475512943,
            5220172.249916474
          ],
          [
            629652.3208621565,
            5220171.297028107
          ],
          [
            629652.6941730183,
            5220170.344139739
          ],
          [
            629653.0674838803,
            5220169.391251371
          ],
          [
            629653.4407947423,
            5220168.438363004
          ],
          [
            629653.8141056042,
            5220167.485474636
          ],
          [
            629654.1874164662,
            5220166.532586268
          ],
          [
            629654.5607273282,
            5220165.5796979
          ],
          [
            629654.93403819,
            5220164.626809533
          ],
          [
            629655.3073490522,
            5220163.673921165
          ],
          [
            629655.9931684701,
            5220162.7684623515
          ],
          [
            629656.6950674265,
            5220161.875644654
          ],
          [
            629657.3969663831,
            5220160.982826956
          ],
          [
            629658.3097731455,
            5220161.684082842
          ],
          [
            629659.2225799077,
            5220162.385338729
          ],
          [
            629659.6635366993,
            5220161.462853298
          ],
          [
            629660.1044934909,
            5220160.540367866
          ],
          [
            629660.5454502825,
            5220159.617882434
          ],
          [
            629660.9864070743,
            5220158.695397004
          ],
          [
            629661.4273638659,
            5220157.772911572
          ],
          [
            629661.8683206575,
            5220156.85042614
          ],
          [
            629662.3092774492,
            5220155.927940709
          ],
          [
            629662.7502342408,
            5220155.005455277
          ],
          [
            629663.1911910325,
            5220154.082969846
          ],
          [
            629663.6321478242,
            5220153.160484415
          ],
          [
            629664.0731046158,
            5220152.237998983
          ],
          [
            629664.5140614074,
            5220151.315513551
          ],
          [
            629664.529464638,
            5220150.0905522825
          ],
          [
            629664.5448678685,
            5220148.865591014
          ],
          [
            629664.5602710991,
            5220147.640629745
          ],
          [
            629664.5756743298,
            5220146.415668476
          ],
          [
            629665.1855072603,
            5220145.572151639
          ],
          [
            629665.8194796956,
            5220144.747185601
          ],
          [
            629666.4534521305,
            5220143.922219564
          ],
          [
            629667.0874245659,
            5220143.0972535275
          ],
          [
            629667.7213970013,
            5220142.27228749
          ],
          [
            629668.3553694367,
            5220141.447321452
          ],
          [
            629668.989341872,
            5220140.6223554155
          ],
          [
            629669.6233143071,
            5220139.797389379
          ],
          [
            629670.2572867424,
            5220138.972423341
          ],
          [
            629670.8912591777,
            5220138.147457304
          ],
          [
            629671.5252316132,
            5220137.322491267
          ],
          [
            629672.1592040481,
            5220136.49752523
          ],
          [
            629672.7931764835,
            5220135.672559193
          ],
          [
            629673.4271489189,
            5220134.847593156
          ],
          [
            629673.8968782853,
            5220133.844385986
          ],
          [
            629674.3666076517,
            5220132.841178818
          ],
          [
            629674.836337018,
            5220131.837971648
          ],
          [
            629675.3060663843,
            5220130.83476448
          ],
          [
            629675.7757957507,
            5220129.83155731
          ],
          [
            629675.3060663843,
            5220130.83476448
          ],
          [
            629674.836337018,
            5220131.837971648
          ],
          [
            629674.3666076517,
            5220132.841178818
          ],
          [
            629673.8968782853,
            5220133.844385986
          ],
          [
            629673.4271489189,
            5220134.847593156
          ],
          [
            629672.7931764835,
            5220135.672559193
          ],
          [
            629672.1592040481,
            5220136.49752523
          ],
          [
            629671.5252316132,
            5220137.322491267
          ],
          [
            629670.8912591777,
            5220138.147457304
          ],
          [
            629670.2572867424,
            5220138.972423341
          ],
          [
            629669.6233143071,
            5220139.797389379
          ],
          [
            629668.989341872,
            5220140.6223554155
          ],
          [
            629668.3553694367,
            5220141.447321452
          ],
          [
            629667.7213970013,
            5220142.27228749
          ],
          [
            629667.0874245659,
            5220143.0972535275
          ],
          [
            629666.4534521305,
            5220143.922219564
          ],
          [
            629665.8194796956,
            5220144.747185601
          ],
          [
            629665.1855072603,
            5220145.572151639
          ],
          [
            629664.5756743298,
            5220146.415668476
          ],
          [
            629664.5602710991,
            5220147.640629745
          ],
          [
            629664.5448678685,
            5220148.865591014
          ],
          [
            629664.529464638,
            5220150.0905522825
          ],
          [
            629664.5140614074,
            5220151.315513551
          ],
          [
            629664.0731046158,
            5220152.237998983
          ],
          [
            629663.6321478242,
            5220153.160484415
          ],
          [
            629663.1911910325,
            5220154.082969846
          ],
          [
            629662.7502342408,
            5220155.005455277
          ],
          [
            629662.3092774492,
            5220155.927940709
          ],
          [
            629661.8683206575,
            5220156.85042614
          ],
          [
            629661.4273638659,
            5220157.772911572
          ],
          [
            629660.9864070743,
            5220158.695397004
          ],
          [
            629660.5454502825,
            5220159.617882434
          ],
          [
            629660.1044934909,
            5220160.540367866
          ],
          [
            629659.6635366993,
            5220161.462853298
          ],
          [
            629659.2225799077,
            5220162.385338729
          ],
          [
            629658.3097731455,
            5220161.684082842
          ],
          [
            629657.3969663831,
            5220160.982826956
          ],
          [
            629656.6855565831,
            5220161.887742477
          ],
          [
            629655.9741467832,
            5220162.792657997
          ],
          [
            629655.4325741051,
            5220163.636376455
          ],
          [
            629654.8910014268,
            5220164.480094913
          ],
          [
            629654.3494287487,
            5220165.323813372
          ],
          [
            629653.8078560706,
            5220166.16753183
          ],
          [
            629653.2662833923,
            5220167.011250288
          ],
          [
            629652.7247107142,
            5220167.854968746
          ],
          [
            629652.183138036,
            5220168.698687204
          ],
          [
            629651.6415653578,
            5220169.542405662
          ],
          [
            629651.0999926797,
            5220170.386124121
          ],
          [
            629650.5584200015,
            5220171.229842579
          ],
          [
            629650.0168473233,
            5220172.073561037
          ],
          [
            629649.4752746451,
            5220172.917279495
          ],
          [
            629648.933701967,
            5220173.760997953
          ],
          [
            629648.3921292888,
            5220174.604716411
          ],
          [
            629647.8505566106,
            5220175.44843487
          ],
          [
            629647.3089839325,
            5220176.292153328
          ],
          [
            629646.7674112543,
            5220177.135871786
          ],
          [
            629646.2258385761,
            5220177.979590244
          ],
          [
            629645.684265898,
            5220178.823308702
          ],
          [
            629645.1426932198,
            5220179.6670271605
          ],
          [
            629644.6011205416,
            5220180.5107456185
          ],
          [
            629644.0595478634,
            5220181.354464076
          ],
          [
            629643.5179751853,
            5220182.198182534
          ],
          [
            629642.976402507,
            5220183.041900992
          ],
          [
            629642.4348298289,
            5220183.88561945
          ],
          [
            629641.8932571508,
            5220184.729337909
          ],
          [
            629641.3516844725,
            5220185.573056367
          ],
          [
            629640.8101117943,
            5220186.416774825
          ],
          [
            629639.8880372474,
            5220186.868915806
          ],
          [
            629638.9659627002,
            5220187.321056785
          ],
          [
            629638.0438881532,
            5220187.773197765
          ],
          [
            629637.1218136061,
            5220188.225338745
          ],
          [
            629636.1997390591,
            5220188.677479725
          ],
          [
            629635.2776645119,
            5220189.129620705
          ],
          [
            629634.3555899649,
            5220189.581761685
          ],
          [
            629633.3963514308,
            5220189.2794562075
          ],
          [
            629632.4371128968,
            5220188.977150731
          ],
          [
            629631.4778743627,
            5220188.674845253
          ],
          [
            629630.5186358286,
            5220188.372539775
          ],
          [
            629629.5593972945,
            5220188.070234298
          ],
          [
            629628.6001587604,
            5220187.767928821
          ],
          [
            629627.6409202265,
            5220187.465623343
          ],
          [
            629626.6816816924,
            5220187.163317866
          ],
          [
            629625.7224431583,
            5220186.861012388
          ],
          [
            629624.7632046242,
            5220186.558706911
          ],
          [
            629623.8039660901,
            5220186.256401434
          ],
          [
            629622.8447275561,
            5220185.954095956
          ],
          [
            629621.885489022,
            5220185.651790479
          ],
          [
            629620.9262504879,
            5220185.3494850015
          ],
          [
            629619.9670119538,
            5220185.047179524
          ],
          [
            629619.0077734198,
            5220184.744874046
          ],
          [
            629618.0485348857,
            5220184.442568569
          ],
          [
            629617.0892963517,
            5220184.140263092
          ],
          [
            629616.1300578176,
            5220183.837957614
          ],
          [
            629615.1708192835,
            5220183.535652137
          ],
          [
            629614.2115807495,
            5220183.23334666
          ],
          [
            629613.2523422154,
            5220182.931041182
          ],
          [
            629612.2931036813,
            5220182.628735705
          ],
          [
            629611.3338651472,
            5220182.326430228
          ],
          [
            629610.3746266132,
            5220182.02412475
          ],
          [
            629609.4153880791,
            5220181.721819272
          ],
          [
            629608.456149545,
            5220181.4195137955
          ],
          [
            629607.4969110109,
            5220181.117208318
          ],
          [
            629606.5376724768,
            5220180.81490284
          ],
          [
            629605.5784339429,
            5220180.512597363
          ],
          [
            629604.6191954088,
            5220180.210291886
          ],
          [
            629603.6599568747,
            5220179.907986408
          ],
          [
            629602.7007183407,
            5220179.605680931
          ],
          [
            629601.7414798066,
            5220179.303375454
          ],
          [
            629600.7822412725,
            5220179.001069976
          ],
          [
            629599.8230027385,
            5220178.698764499
          ],
          [
            629598.8637642043,
            5220178.396459022
          ],
          [
            629597.9045256702,
            5220178.094153544
          ],
          [
            629596.9452871362,
            5220177.791848066
          ],
          [
            629595.9860486023,
            5220177.4895425895
          ],
          [
            629595.026810068,
            5220177.187237112
          ],
          [
            629594.067571534,
            5220176.884931634
          ],
          [
            629593.1083330001,
            5220176.582626157
          ],
          [
            629592.1490944659,
            5220176.28032068
          ],
          [
            629591.1898559318,
            5220175.978015202
          ],
          [
            629590.2306173978,
            5220175.675709725
          ],
          [
            629589.2713788637,
            5220175.373404248
          ],
          [
            629588.3121403296,
            5220175.07109877
          ],
          [
            629587.3529017955,
            5220174.768793292
          ],
          [
            629586.3936632616,
            5220174.466487816
          ],
          [
            629585.4344247273,
            5220174.164182338
          ],
          [
            629584.4751861934,
            5220173.86187686
          ],
          [
            629583.5159476594,
            5220173.5595713835
          ],
          [
            629582.5567091252,
            5220173.257265906
          ],
          [
            629582.1840697073,
            5220172.29136111
          ],
          [
            629581.8114302895,
            5220171.325456314
          ],
          [
            629581.4387908718,
            5220170.359551517
          ],
          [
            629581.0661514539,
            5220169.393646722
          ],
          [
            629580.693512036,
            5220168.427741926
          ],
          [
            629580.3208726182,
            5220167.46183713
          ],
          [
            629581.0375263355,
            5220166.725074058
          ],
          [
            629581.7541800526,
            5220165.988310986
          ],
          [
            629582.4708337698,
            5220165.251547915
          ],
          [
            629583.1874874869,
            5220164.514784844
          ],
          [
            629583.9041412041,
            5220163.778021771
          ],
          [
            629584.6207949213,
            5220163.0412587
          ],
          [
            629585.3374486384,
            5220162.304495629
          ],
          [
            629586.0541023556,
            5220161.567732557
          ],
          [
            629586.7707560727,
            5220160.830969485
          ],
          [
            629587.4874097899,
            5220160.094206413
          ],
          [
            629588.2040635071,
            5220159.357443342
          ],
          [
            629588.9207172242,
            5220158.620680271
          ],
          [
            629589.6373709415,
            5220157.8839171985
          ],
          [
            629590.3540246586,
            5220157.147154127
          ],
          [
            629591.0706783758,
            5220156.410391056
          ],
          [
            629591.787332093,
            5220155.673627984
          ],
          [
            629592.5039858101,
            5220154.9368649125
          ],
          [
            629593.2206395273,
            5220154.200101841
          ],
          [
            629593.9372932444,
            5220153.463338769
          ],
          [
            629594.6539469616,
            5220152.726575698
          ],
          [
            629595.6248451964,
            5220152.1811703555
          ],
          [
            629596.5957434311,
            5220151.635765014
          ],
          [
            629597.566641666,
            5220151.090359673
          ],
          [
            629598.5375399007,
            5220150.544954331
          ],
          [
            629599.5084381355,
            5220149.999548988
          ],
          [
            629600.4793363702,
            5220149.454143647
          ],
          [
            629601.0943321282,
            5220148.656773139
          ],
          [
            629601.7093278861,
            5220147.8594026305
          ],
          [
            629602.324323644,
            5220147.062032121
          ],
          [
            629602.939319402,
            5220146.264661613
          ],
          [
            629603.5543151599,
            5220145.467291105
          ],
          [
            629604.1693109178,
            5220144.669920596
          ],
          [
            629604.7843066758,
            5220143.872550087
          ],
          [
            629605.3993024337,
            5220143.075179579
          ],
          [
            629606.0142981916,
            5220142.27780907
          ],
          [
            629606.6292939496,
            5220141.480438562
          ],
          [
            629607.2442897075,
            5220140.683068054
          ],
          [
            629607.8592854654,
            5220139.885697545
          ],
          [
            629608.4742812234,
            5220139.088327036
          ],
          [
            629609.0892769813,
            5220138.290956528
          ],
          [
            629609.7042727392,
            5220137.49358602
          ],
          [
            629610.3192684972,
            5220136.69621551
          ],
          [
            629610.9342642551,
            5220135.898845002
          ],
          [
            629611.549260013,
            5220135.101474494
          ],
          [
            629612.1642557709,
            5220134.304103985
          ],
          [
            629612.7792515288,
            5220133.506733477
          ],
          [
            629613.3942472867,
            5220132.709362968
          ],
          [
            629614.0092430447,
            5220131.91199246
          ],
          [
            629614.6242388026,
            5220131.114621951
          ],
          [
            629615.2392345605,
            5220130.317251443
          ],
          [
            629615.8542303185,
            5220129.519880934
          ],
          [
            629616.4692260764,
            5220128.722510425
          ],
          [
            629617.0842218343,
            5220127.925139917
          ],
          [
            629617.6992175922,
            5220127.127769409
          ],
          [
            629618.3142133502,
            5220126.3303989
          ],
          [
            629618.9292091081,
            5220125.533028391
          ],
          [
            629619.544204866,
            5220124.735657883
          ],
          [
            629620.159200624,
            5220123.938287375
          ],
          [
            629620.7741963819,
            5220123.140916866
          ],
          [
            629621.3891921398,
            5220122.343546357
          ],
          [
            629622.0041878978,
            5220121.546175849
          ],
          [
            629622.6191836557,
            5220120.74880534
          ],
          [
            629623.2346847943,
            5220119.956879164
          ],
          [
            629623.8501859326,
            5220119.164952989
          ],
          [
            629624.4656870711,
            5220118.373026812
          ],
          [
            629625.0811882098,
            5220117.581100636
          ],
          [
            629625.696689348,
            5220116.789174461
          ],
          [
            629626.3121904866,
            5220115.9972482845
          ],
          [
            629626.9276916252,
            5220115.205322108
          ],
          [
            629627.5431927633,
            5220114.413395933
          ],
          [
            629628.158693902,
            5220113.621469757
          ],
          [
            629628.7741950403,
            5220112.829543581
          ],
          [
            629629.3896961787,
            5220112.037617405
          ],
          [
            629630.0051973173,
            5220111.245691229
          ],
          [
            629630.6206984557,
            5220110.453765053
          ],
          [
            629631.2361995941,
            5220109.661838877
          ],
          [
            629631.8517007328,
            5220108.869912701
          ],
          [
            629632.4672018711,
            5220108.077986525
          ],
          [
            629633.0827030096,
            5220107.286060349
          ],
          [
            629633.698204148,
            5220106.494134174
          ],
          [
            629634.3137052865,
            5220105.702207997
          ],
          [
            629634.929206425,
            5220104.910281821
          ],
          [
            629635.5447075634,
            5220104.118355646
          ],
          [
            629636.1602087019,
            5220103.3264294695
          ],
          [
            629636.7757098402,
            5220102.534503294
          ],
          [
            629637.3912109787,
            5220101.742577118
          ],
          [
            629638.379650418,
            5220101.923822698
          ],
          [
            629639.3680898572,
            5220102.105068279
          ],
          [
            629640.3381594839,
            5220102.272036468
          ],
          [
            629641.3449687356,
            5220102.46755944
          ],
          [
            629642.3334081748,
            5220102.648805021
          ],
          [
            629643.284761847,
            5220102.801226789
          ],
          [
            629644.3102870532,
            5220103.011296182
          ],
          [
            629645.2987264924,
            5220103.192541763
          ],
          [
            629646.2871659314,
            5220103.3737873435
          ],
          [
            629646.7139141359,
            5220104.31908993
          ],
          [
            629647.1406623402,
            5220105.264392516
          ],
          [
            629647.5674105445,
            5220106.209695102
          ],
          [
            629647.9941587488,
            5220107.154997688
          ],
          [
            629648.420906953,
            5220108.100300273
          ],
          [
            629648.8476551573,
            5220109.045602859
          ],
          [
            629649.2744033616,
            5220109.990905445
          ],
          [
            629649.7011515659,
            5220110.936208031
          ],
          [
            629650.1278997702,
            5220111.881510617
          ],
          [
            629650.5546479744,
            5220112.826813203
          ],
          [
            629650.9813961786,
            5220113.772115789
          ],
          [
            629651.4081443829,
            5220114.717418375
          ],
          [
            629651.8348925872,
            5220115.6627209615
          ],
          [
            629652.2616407914,
            5220116.608023548
          ],
          [
            629652.6883889957,
            5220117.553326134
          ],
          [
            629653.1151372,
            5220118.498628719
          ],
          [
            629653.5418854043,
            5220119.443931305
          ],
          [
            629653.9686336085,
            5220120.389233891
          ],
          [
            629654.3953818128,
            5220121.334536477
          ],
          [
            629654.8221300172,
            5220122.279839063
          ],
          [
            629654.6111987891,
            5220123.327868423
          ],
          [
            629654.4002675612,
            5220124.375897784
          ],
          [
            629654.1893363332,
            5220125.423927143
          ],
          [
            629653.9784051053,
            5220126.471956504
          ],
          [
            629653.7674738773,
            5220127.519985864
          ],
          [
            629653.5565426494,
            5220128.568015224
          ],
          [
            629653.3456114214,
            5220129.616044585
          ],
          [
            629653.1346801934,
            5220130.664073945
          ],
          [
            629652.9237489655,
            5220131.712103305
          ],
          [
            629652.7128177375,
            5220132.760132665
          ],
          [
            629652.5018865096,
            5220133.808162025
          ],
          [
            629652.2909552816,
            5220134.856191386
          ],
          [
            629651.2312462701,
            5220136.414217488
          ],
          [
            629650.6065309723,
            5220137.250426588
          ],
          [
            629649.9818156743,
            5220138.086635686
          ],
          [
            629649.3571003765,
            5220138.922844786
          ],
          [
            629648.7323850788,
            5220139.759053885
          ],
          [
            629648.1076697807,
            5220140.595262985
          ],
          [
            629647.4829544831,
            5220141.431472084
          ],
          [
            629646.8582391851,
            5220142.267681183
          ],
          [
            629646.2335238871,
            5220143.103890283
          ],
          [
            629645.6088085894,
            5220143.940099382
          ],
          [
            629644.9840932913,
            5220144.776308482
          ],
          [
            629644.3593779937,
            5220145.61251758
          ],
          [
            629643.7346626957,
            5220146.44872668
          ],
          [
            629644.2088267263,
            5220147.507933587
          ],
          [
            629644.6829907572,
            5220148.567140493
          ],
          [
            629645.157154788,
            5220149.626347398
          ],
          [
            629645.6313188188,
            5220150.685554305
          ],
          [
            629645.157154788,
            5220149.626347398
          ],
          [
            629644.6829907572,
            5220148.567140493
          ],
          [
            629644.2088267263,
            5220147.507933587
          ],
          [
            629643.7346626957,
            5220146.44872668
          ],
          [
            629644.3593779937,
            5220145.61251758
          ],
          [
            629644.9840932913,
            5220144.776308482
          ],
          [
            629645.6088085894,
            5220143.940099382
          ],
          [
            629646.2335238871,
            5220143.103890283
          ],
          [
            629646.8582391851,
            5220142.267681183
          ],
          [
            629647.4829544831,
            5220141.431472084
          ],
          [
            629648.1076697807,
            5220140.595262985
          ],
          [
            629648.7323850788,
            5220139.759053885
          ],
          [
            629649.3571003765,
            5220138.922844786
          ],
          [
            629649.9818156743,
            5220138.086635686
          ],
          [
            629650.6065309725,
            5220137.250426587
          ],
          [
            629651.2312462701,
            5220136.414217488
          ],
          [
            629651.8559615681,
            5220135.578008388
          ],
          [
            629652.4806768661,
            5220134.741799288
          ],
          [
            629653.1053921639,
            5220133.90559019
          ],
          [
            629653.7301074618,
            5220133.06938109
          ],
          [
            629654.3548227596,
            5220132.233171991
          ],
          [
            629654.9795380575,
            5220131.396962891
          ],
          [
            629654.6376567127,
            5220130.4258956965
          ],
          [
            629654.295775368,
            5220129.454828502
          ],
          [
            629653.9538940233,
            5220128.483761306
          ],
          [
            629653.6120126785,
            5220127.512694111
          ],
          [
            629653.2701313337,
            5220126.541626916
          ],
          [
            629652.928249989,
            5220125.570559721
          ],
          [
            629652.5863686444,
            5220124.599492527
          ],
          [
            629652.2444872996,
            5220123.628425331
          ],
          [
            629651.9026059548,
            5220122.657358136
          ],
          [
            629651.5607246101,
            5220121.686290941
          ],
          [
            629650.9453465333,
            5220122.4943202175
          ],
          [
            629650.3299684572,
            5220123.302349494
          ],
          [
            629649.7145903807,
            5220124.110378771
          ],
          [
            629649.0222722645,
            5220124.859229094
          ],
          [
            629648.3989398865,
            5220125.661231228
          ],
          [
            629647.7756075081,
            5220126.463233363
          ],
          [
            629647.1522751297,
            5220127.265235498
          ],
          [
            629646.5289427518,
            5220128.067237631
          ],
          [
            629645.9056103734,
            5220128.869239765
          ],
          [
            629645.2822779949,
            5220129.6712419
          ],
          [
            629644.658945617,
            5220130.473244034
          ],
          [
            629644.0356132386,
            5220131.2752461685
          ],
          [
            629643.4122808606,
            5220132.077248302
          ],
          [
            629642.7889484823,
            5220132.879250436
          ],
          [
            629642.1656161038,
            5220133.681252571
          ],
          [
            629641.5422837258,
            5220134.483254705
          ],
          [
            629640.9189513475,
            5220135.285256838
          ],
          [
            629640.2956189691,
            5220136.087258973
          ],
          [
            629639.6722865911,
            5220136.889261107
          ],
          [
            629639.0489542127,
            5220137.691263242
          ],
          [
            629638.4256218344,
            5220138.4932653755
          ],
          [
            629637.8022894564,
            5220139.295267509
          ],
          [
            629637.1789570779,
            5220140.097269644
          ],
          [
            629636.4771910334,
            5220140.922568263
          ],
          [
            629635.7754249889,
            5220141.74786688
          ],
          [
            629635.0736589445,
            5220142.573165499
          ],
          [
            629634.3718929001,
            5220143.398464117
          ],
          [
            629633.6701268556,
            5220144.223762736
          ],
          [
            629632.9683608111,
            5220145.049061353
          ],
          [
            629632.2665947666,
            5220145.874359972
          ],
          [
            629632.9683608111,
            5220145.049061353
          ],
          [
            629633.6701268556,
            5220144.223762736
          ],
          [
            629634.3718929001,
            5220143.398464117
          ],
          [
            629635.0736589445,
            5220142.573165499
          ],
          [
            629635.7754249889,
            5220141.74786688
          ],
          [
            629636.4771910334,
            5220140.922568263
          ],
          [
            629637.1789570779,
            5220140.097269644
          ],
          [
            629637.7169189821,
            5220139.219118678
          ],
          [
            629638.2548808862,
            5220138.340967713
          ],
          [
            629638.7928427904,
            5220137.462816747
          ],
          [
            629639.3308046946,
            5220136.584665781
          ],
          [
            629639.8687665988,
            5220135.706514815
          ],
          [
            629640.4067285028,
            5220134.82836385
          ],
          [
            629640.944690407,
            5220133.950212884
          ],
          [
            629641.4826523112,
            5220133.072061918
          ],
          [
            629642.0206142154,
            5220132.193910952
          ],
          [
            629642.5585761195,
            5220131.315759987
          ],
          [
            629643.0965380237,
            5220130.437609021
          ],
          [
            629643.6344999279,
            5220129.559458055
          ],
          [
            629644.1724618321,
            5220128.681307089
          ],
          [
            629644.7104237361,
            5220127.8031561235
          ],
          [
            629645.2483856403,
            5220126.9250051575
          ],
          [
            629645.7863475445,
            5220126.046854191
          ],
          [
            629646.3243094487,
            5220125.168703225
          ],
          [
            629646.8622713528,
            5220124.29055226
          ],
          [
            629647.400233257,
            5220123.412401294
          ],
          [
            629647.9381951612,
            5220122.534250328
          ],
          [
            629648.4761570654,
            5220121.656099362
          ],
          [
            629649.0141189694,
            5220120.777948397
          ],
          [
            629649.5520808736,
            5220119.899797431
          ],
          [
            629650.0900427778,
            5220119.021646465
          ],
          [
            629650.628004682,
            5220118.143495499
          ],
          [
            629651.1659665861,
            5220117.265344534
          ],
          [
            629651.7039284904,
            5220116.387193568
          ],
          [
            629651.317016879,
            5220115.457664552
          ],
          [
            629650.9301052677,
            5220114.528135536
          ],
          [
            629650.5431936563,
            5220113.59860652
          ],
          [
            629650.156282045,
            5220112.6690775035
          ],
          [
            629649.7693704336,
            5220111.739548488
          ],
          [
            629649.3824588223,
            5220110.810019472
          ],
          [
            629648.995547211,
            5220109.880490456
          ],
          [
            629648.6193319366,
            5220108.959149484
          ],
          [
            629648.2217239883,
            5220108.021432424
          ],
          [
            629647.834812377,
            5220107.091903408
          ],
          [
            629647.4479007657,
            5220106.162374391
          ],
          [
            629647.0609891543,
            5220105.232845375
          ],
          [
            629646.674077543,
            5220104.303316359
          ],
          [
            629646.2871659314,
            5220103.3737873435
          ],
          [
            629645.2987264924,
            5220103.192541763
          ],
          [
            629644.3102870532,
            5220103.011296182
          ],
          [
            629643.284761847,
            5220102.801226789
          ],
          [
            629642.3334081748,
            5220102.648805021
          ],
          [
            629641.3449687356,
            5220102.46755944
          ],
          [
            629640.3381594839,
            5220102.272036468
          ],
          [
            629639.3680898572,
            5220102.105068279
          ],
          [
            629638.379650418,
            5220101.923822698
          ],
          [
            629637.3912109787,
            5220101.742577118
          ],
          [
            629636.7757098402,
            5220102.534503294
          ],
          [
            629636.1602087019,
            5220103.3264294695
          ],
          [
            629635.5447075634,
            5220104.118355646
          ],
          [
            629634.9292064249,
            5220104.910281822
          ],
          [
            629634.3137052865,
            5220105.702207997
          ],
          [
            629633.698204148,
            5220106.494134174
          ],
          [
            629633.0827030096,
            5220107.286060349
          ],
          [
            629632.4672018711,
            5220108.077986525
          ],
          [
            629631.8517007326,
            5220108.869912702
          ],
          [
            629631.2361995941,
            5220109.661838877
          ],
          [
            629630.6206984557,
            5220110.453765053
          ],
          [
            629630.0051973172,
            5220111.24569123
          ],
          [
            629629.3896961787,
            5220112.037617405
          ],
          [
            629628.7741950403,
            5220112.829543581
          ],
          [
            629628.158693902,
            5220113.621469757
          ],
          [
            629627.5431927633,
            5220114.413395933
          ],
          [
            629626.927691625,
            5220115.205322109
          ],
          [
            629626.3121904866,
            5220115.9972482845
          ],
          [
            629625.696689348,
            5220116.789174461
          ],
          [
            629625.0811882096,
            5220117.581100637
          ],
          [
            629624.4656870711,
            5220118.373026812
          ],
          [
            629623.8501859326,
            5220119.164952989
          ],
          [
            629623.2346847942,
            5220119.956879165
          ],
          [
            629622.6191836557,
            5220120.74880534
          ],
          [
            629622.0036825172,
            5220121.540731517
          ],
          [
            629621.388181379,
            5220122.332657692
          ],
          [
            629620.7726802403,
            5220123.124583868
          ],
          [
            629620.1571791018,
            5220123.916510045
          ],
          [
            629619.5416779636,
            5220124.70843622
          ],
          [
            629618.926176825,
            5220125.500362396
          ],
          [
            629618.319872733,
            5220126.31388049
          ],
          [
            629617.7135686409,
            5220127.127398584
          ],
          [
            629617.1072645488,
            5220127.940916678
          ],
          [
            629616.5009604568,
            5220128.754434772
          ],
          [
            629615.8946563647,
            5220129.567952866
          ],
          [
            629615.2883522727,
            5220130.38147096
          ],
          [
            629615.9907157513,
            5220129.535902515
          ],
          [
            629616.6930792298,
            5220128.69033407
          ],
          [
            629617.3954427084,
            5220127.844765625
          ],
          [
            629616.6930792298,
            5220128.69033407
          ],
          [
            629615.9907157513,
            5220129.535902515
          ],
          [
            629615.2883522727,
            5220130.38147096
          ],
          [
            629614.5387144509,
            5220131.30587207
          ],
          [
            629613.789076629,
            5220132.230273179
          ],
          [
            629613.0394388072,
            5220133.154674289
          ],
          [
            629612.2898009853,
            5220134.079075398
          ],
          [
            629611.5401631634,
            5220135.003476508
          ],
          [
            629611.3539253346,
            5220133.7432528455
          ],
          [
            629611.1676875057,
            5220132.483029182
          ],
          [
            629610.9814496769,
            5220131.22280552
          ],
          [
            629610.0373478638,
            5220130.682535005
          ],
          [
            629609.0932460508,
            5220130.14226449
          ],
          [
            629608.1491442376,
            5220129.601993975
          ],
          [
            629607.2050424246,
            5220129.0617234595
          ],
          [
            629606.2609406115,
            5220128.521452945
          ],
          [
            629605.3168387983,
            5220127.98118243
          ],
          [
            629604.3727369853,
            5220127.440911915
          ],
          [
            629603.4286351722,
            5220126.9006414
          ],
          [
            629603.0307623297,
            5220125.876550558
          ],
          [
            629602.6328894873,
            5220124.852459716
          ],
          [
            629602.2350166448,
            5220123.828368873
          ],
          [
            629601.8371438023,
            5220122.804278031
          ],
          [
            629601.4392709599,
            5220121.780187189
          ],
          [
            629601.0413981174,
            5220120.756096346
          ],
          [
            629601.792626279,
            5220119.814562133
          ],
          [
            629602.5438544407,
            5220118.873027919
          ],
          [
            629603.2950826023,
            5220117.931493705
          ],
          [
            629604.0463107639,
            5220116.989959491
          ],
          [
            629603.8725384446,
            5220118.0912540965
          ],
          [
            629603.6987661252,
            5220119.192548701
          ],
          [
            629603.5249938059,
            5220120.293843306
          ],
          [
            629603.3512214866,
            5220121.39513791
          ],
          [
            629603.1774491672,
            5220122.496432515
          ],
          [
            629603.1338041943,
            5220123.572962381
          ],
          [
            629603.0901592214,
            5220124.649492247
          ],
          [
            629603.0465142485,
            5220125.726022114
          ],
          [
            629603.0028692755,
            5220126.80255198
          ],
          [
            629602.9592243027,
            5220127.879081846
          ],
          [
            629602.9155793297,
            5220128.955611712
          ],
          [
            629602.8719343567,
            5220130.032141579
          ],
          [
            629602.8282893839,
            5220131.108671445
          ],
          [
            629602.784644411,
            5220132.1852013115
          ],
          [
            629602.3338573333,
            5220133.09887626
          ],
          [
            629601.8830702557,
            5220134.012551208
          ],
          [
            629601.4322831781,
            5220134.926226157
          ],
          [
            629600.9814961004,
            5220135.8399011055
          ],
          [
            629600.5307090229,
            5220136.753576053
          ],
          [
            629600.0799219452,
            5220137.667251002
          ],
          [
            629599.6291348676,
            5220138.580925951
          ],
          [
            629599.1783477899,
            5220139.4946008995
          ],
          [
            629598.7275607124,
            5220140.408275847
          ],
          [
            629598.2767736347,
            5220141.321950796
          ],
          [
            629597.825986557,
            5220142.235625745
          ],
          [
            629597.3751994795,
            5220143.149300693
          ],
          [
            629596.9244124019,
            5220144.062975641
          ],
          [
            629596.4736253242,
            5220144.97665059
          ],
          [
            629596.0228382467,
            5220145.890325538
          ],
          [
            629595.5720511689,
            5220146.804000487
          ],
          [
            629594.9580341127,
            5220147.598434084
          ],
          [
            629594.3550803368,
            5220148.401013413
          ],
          [
            629593.7300000001,
            5220149.187301278
          ],
          [
            629592.6637820514,
            5220149.002767092
          ],
          [
            629591.5975641026,
            5220148.818232905
          ],
          [
            629590.5313461539,
            5220148.633698719
          ],
          [
            629591.5975641026,
            5220148.818232905
          ],
          [
            629592.6637820514,
            5220149.002767092
          ],
          [
            629593.7300000001,
            5220149.187301278
          ],
          [
            629594.8548893952,
            5220149.231775006
          ],
          [
            629595.9797787901,
            5220149.276248734
          ],
          [
            629597.1046681851,
            5220149.320722463
          ],
          [
            629598.2295575802,
            5220149.365196191
          ],
          [
            629599.3544469753,
            5220149.409669919
          ],
          [
            629600.4793363702,
            5220149.454143647
          ],
          [
            629601.0943321282,
            5220148.656773139
          ],
          [
            629601.7093278861,
            5220147.8594026305
          ],
          [
            629602.324323644,
            5220147.062032121
          ],
          [
            629602.939319402,
            5220146.264661613
          ],
          [
            629603.5543151599,
            5220145.467291105
          ],
          [
            629604.1693109178,
            5220144.669920596
          ],
          [
            629604.7843066758,
            5220143.872550087
          ],
          [
            629605.3993024337,
            5220143.075179579
          ],
          [
            629606.0142981916,
            5220142.27780907
          ],
          [
            629606.6292939496,
            5220141.480438562
          ],
          [
            629607.2442897075,
            5220140.683068054
          ],
          [
            629607.8592854654,
            5220139.885697545
          ],
          [
            629608.4742812234,
            5220139.088327036
          ],
          [
            629609.0892769813,
            5220138.290956528
          ],
          [
            629609.7042727392,
            5220137.49358602
          ],
          [
            629610.3192684972,
            5220136.69621551
          ],
          [
            629610.9342642551,
            5220135.898845002
          ],
          [
            629611.549260013,
            5220135.101474494
          ],
          [
            629612.1642557709,
            5220134.304103985
          ],
          [
            629612.7792515288,
            5220133.506733477
          ],
          [
            629613.3942472867,
            5220132.709362968
          ],
          [
            629614.0092430447,
            5220131.91199246
          ],
          [
            629614.6242388026,
            5220131.114621951
          ],
          [
            629615.2392345605,
            5220130.317251443
          ],
          [
            629615.8542303185,
            5220129.519880934
          ],
          [
            629616.4692260764,
            5220128.722510425
          ],
          [
            629617.0842218343,
            5220127.925139917
          ],
          [
            629617.6992175922,
            5220127.127769409
          ],
          [
            629618.3142133502,
            5220126.3303989
          ],
          [
            629618.9292091081,
            5220125.533028391
          ],
          [
            629619.544204866,
            5220124.735657883
          ],
          [
            629620.159200624,
            5220123.938287375
          ],
          [
            629620.7741963819,
            5220123.140916866
          ],
          [
            629621.3891921398,
            5220122.343546357
          ],
          [
            629622.0041878978,
            5220121.546175849
          ],
          [
            629622.6191836557,
            5220120.74880534
          ],
          [
            629623.2346847943,
            5220119.956879164
          ],
          [
            629623.8501859326,
            5220119.164952989
          ],
          [
            629624.4656870711,
            5220118.373026812
          ],
          [
            629625.0811882096,
            5220117.581100637
          ],
          [
            629625.696689348,
            5220116.789174461
          ],
          [
            629626.3121904866,
            5220115.9972482845
          ],
          [
            629626.927691625,
            5220115.205322109
          ],
          [
            629627.5431927633,
            5220114.413395933
          ],
          [
            629628.158693902,
            5220113.621469757
          ],
          [
            629628.7741950403,
            5220112.829543581
          ],
          [
            629629.3896961787,
            5220112.037617405
          ],
          [
            629630.0051973173,
            5220111.245691229
          ],
          [
            629630.6206984557,
            5220110.453765053
          ],
          [
            629631.2361995941,
            5220109.661838877
          ],
          [
            629631.8517007326,
            5220108.869912702
          ],
          [
            629632.4672018711,
            5220108.077986525
          ],
          [
            629633.0827030096,
            5220107.286060349
          ],
          [
            629633.698204148,
            5220106.494134174
          ],
          [
            629634.3137052865,
            5220105.702207997
          ],
          [
            629634.9292064249,
            5220104.910281822
          ],
          [
            629635.5447075634,
            5220104.118355646
          ],
          [
            629636.1602087019,
            5220103.3264294695
          ],
          [
            629636.7757098402,
            5220102.534503294
          ],
          [
            629637.3912109787,
            5220101.742577118
          ],
          [
            629638.379650418,
            5220101.923822698
          ],
          [
            629639.3680898572,
            5220102.105068279
          ],
          [
            629640.3381594839,
            5220102.272036468
          ],
          [
            629641.3449687356,
            5220102.46755944
          ],
          [
            629642.3334081748,
            5220102.648805021
          ],
          [
            629643.284761847,
            5220102.801226789
          ],
          [
            629644.3102870532,
            5220103.011296182
          ],
          [
            629645.2987264924,
            5220103.192541763
          ],
          [
            629646.2871659314,
            5220103.3737873435
          ],
          [
            629646.7139141359,
            5220104.31908993
          ],
          [
            629647.1406623402,
            5220105.264392516
          ],
          [
            629647.5674105445,
            5220106.209695102
          ],
          [
            629647.9941587488,
            5220107.154997688
          ],
          [
            629648.420906953,
            5220108.100300273
          ],
          [
            629648.8476551573,
            5220109.045602859
          ],
          [
            629649.2744033616,
            5220109.990905445
          ],
          [
            629649.7011515659,
            5220110.936208031
          ],
          [
            629650.1278997702,
            5220111.881510617
          ],
          [
            629650.5546479744,
            5220112.826813203
          ],
          [
            629650.9813961786,
            5220113.772115789
          ],
          [
            629651.4081443829,
            5220114.717418375
          ],
          [
            629651.8348925872,
            5220115.6627209615
          ],
          [
            629652.2616407914,
            5220116.608023548
          ],
          [
            629652.6883889957,
            5220117.553326134
          ],
          [
            629653.1151372,
            5220118.498628719
          ],
          [
            629653.5418854043,
            5220119.443931305
          ],
          [
            629653.9686336085,
            5220120.389233891
          ],
          [
            629654.3953818128,
            5220121.334536477
          ],
          [
            629654.8221300172,
            5220122.279839063
          ],
          [
            629654.6111987891,
            5220123.327868423
          ],
          [
            629654.4002675612,
            5220124.375897784
          ],
          [
            629654.1893363332,
            5220125.423927143
          ],
          [
            629653.9784051053,
            5220126.471956504
          ],
          [
            629653.7674738773,
            5220127.519985864
          ],
          [
            629653.5565426494,
            5220128.568015224
          ],
          [
            629653.3456114214,
            5220129.616044585
          ],
          [
            629653.1346801934,
            5220130.664073945
          ],
          [
            629652.9237489655,
            5220131.712103305
          ],
          [
            629652.7128177375,
            5220132.760132665
          ],
          [
            629652.5018865096,
            5220133.808162025
          ],
          [
            629652.2909552816,
            5220134.856191386
          ],
          [
            629651.2312462701,
            5220136.414217488
          ],
          [
            629650.6065309723,
            5220137.250426588
          ],
          [
            629649.9818156743,
            5220138.086635686
          ],
          [
            629649.3571003765,
            5220138.922844786
          ],
          [
            629648.7323850787,
            5220139.759053886
          ],
          [
            629648.1076697807,
            5220140.595262985
          ],
          [
            629647.4829544829,
            5220141.4314720845
          ],
          [
            629646.8835038862,
            5220142.2338632615
          ],
          [
            629646.2840532898,
            5220143.0362544395
          ],
          [
            629645.6846026933,
            5220143.838645617
          ],
          [
            629645.0851520968,
            5220144.641036794
          ],
          [
            629644.4857015008,
            5220145.443427971
          ],
          [
            629643.8862509043,
            5220146.245819148
          ],
          [
            629643.2916974393,
            5220147.052347307
          ],
          [
            629642.6856245061,
            5220147.849764489
          ],
          [
            629642.0795515728,
            5220148.647181669
          ],
          [
            629641.4734786395,
            5220149.44459885
          ],
          [
            629640.8674057062,
            5220150.2420160305
          ],
          [
            629640.261332773,
            5220151.039433212
          ],
          [
            629639.6552598401,
            5220151.836850392
          ],
          [
            629639.0491869069,
            5220152.634267573
          ],
          [
            629638.4431139736,
            5220153.431684754
          ],
          [
            629637.8370410403,
            5220154.2291019345
          ],
          [
            629637.230968107,
            5220155.026519115
          ],
          [
            629636.6248951738,
            5220155.823936297
          ],
          [
            629636.0188222405,
            5220156.621353477
          ],
          [
            629635.4127493072,
            5220157.418770658
          ],
          [
            629634.8066763744,
            5220158.216187838
          ],
          [
            629634.2006034411,
            5220159.013605019
          ],
          [
            629633.5945305078,
            5220159.8110222
          ],
          [
            629632.9884575746,
            5220160.608439381
          ],
          [
            629632.3823846414,
            5220161.405856562
          ],
          [
            629631.7507760654,
            5220162.2368712835
          ],
          [
            629631.1191674895,
            5220163.067886006
          ],
          [
            629630.4875589134,
            5220163.898900728
          ],
          [
            629629.8559503374,
            5220164.729915449
          ],
          [
            629629.2243417614,
            5220165.560930171
          ],
          [
            629628.5927331854,
            5220166.391944894
          ],
          [
            629627.9611246093,
            5220167.222959615
          ],
          [
            629627.3295160333,
            5220168.053974337
          ],
          [
            629626.6979074574,
            5220168.884989059
          ],
          [
            629626.0662988813,
            5220169.716003781
          ],
          [
            629625.4346903053,
            5220170.547018503
          ],
          [
            629624.8030817292,
            5220171.3780332245
          ],
          [
            629624.1714731533,
            5220172.209047947
          ],
          [
            629623.5398645772,
            5220173.040062669
          ],
          [
            629622.9082560012,
            5220173.87107739
          ],
          [
            629622.2766474251,
            5220174.702092112
          ],
          [
            629621.6450388492,
            5220175.533106835
          ],
          [
            629621.0134302732,
            5220176.364121556
          ],
          [
            629620.29147391,
            5220177.314007908
          ],
          [
            629619.5695175468,
            5220178.263894261
          ],
          [
            629618.8475611837,
            5220179.213780613
          ],
          [
            629619.5695175468,
            5220178.263894261
          ],
          [
            629620.29147391,
            5220177.314007908
          ],
          [
            629621.0134302732,
            5220176.364121556
          ],
          [
            629621.6450388492,
            5220175.533106835
          ],
          [
            629622.2766474251,
            5220174.702092112
          ],
          [
            629622.9082560012,
            5220173.87107739
          ],
          [
            629623.5398645772,
            5220173.040062669
          ],
          [
            629624.1714731533,
            5220172.209047947
          ],
          [
            629624.8030817292,
            5220171.3780332245
          ],
          [
            629625.4346903053,
            5220170.547018503
          ],
          [
            629626.0662988813,
            5220169.716003781
          ],
          [
            629626.6979074574,
            5220168.884989059
          ],
          [
            629627.3295160333,
            5220168.053974337
          ],
          [
            629627.9611246093,
            5220167.222959615
          ],
          [
            629628.5927331854,
            5220166.391944894
          ],
          [
            629629.2243417614,
            5220165.560930171
          ],
          [
            629629.8559503374,
            5220164.729915449
          ],
          [
            629630.4875589134,
            5220163.898900728
          ],
          [
            629631.1191674895,
            5220163.067886006
          ],
          [
            629631.7507760654,
            5220162.2368712835
          ],
          [
            629632.3823846414,
            5220161.405856562
          ],
          [
            629632.9884575746,
            5220160.608439381
          ],
          [
            629633.5945305078,
            5220159.8110222
          ],
          [
            629634.2006034411,
            5220159.013605019
          ],
          [
            629634.8066763744,
            5220158.216187838
          ],
          [
            629635.4127493072,
            5220157.418770658
          ],
          [
            629636.0188222405,
            5220156.621353477
          ],
          [
            629636.6248951738,
            5220155.823936297
          ],
          [
            629637.230968107,
            5220155.026519115
          ],
          [
            629637.8370410403,
            5220154.2291019345
          ],
          [
            629638.4431139736,
            5220153.431684754
          ],
          [
            629639.0491869069,
            5220152.634267573
          ],
          [
            629639.6552598401,
            5220151.836850392
          ],
          [
            629640.261332773,
            5220151.039433212
          ],
          [
            629640.8674057062,
            5220150.2420160305
          ],
          [
            629641.4734786395,
            5220149.44459885
          ],
          [
            629642.0795515728,
            5220148.647181669
          ],
          [
            629642.6856245061,
            5220147.849764489
          ],
          [
            629643.2916974393,
            5220147.052347307
          ],
          [
            629643.8862509043,
            5220146.245819148
          ],
          [
            629644.4857015008,
            5220145.443427971
          ],
          [
            629645.0851520968,
            5220144.641036794
          ],
          [
            629645.6846026933,
            5220143.838645617
          ],
          [
            629646.2840532898,
            5220143.0362544395
          ],
          [
            629646.8835038862,
            5220142.2338632615
          ],
          [
            629647.4829544829,
            5220141.4314720845
          ],
          [
            629648.1076697807,
            5220140.595262985
          ],
          [
            629648.7323850787,
            5220139.759053886
          ],
          [
            629649.3571003765,
            5220138.922844786
          ],
          [
            629649.9818156743,
            5220138.086635686
          ],
          [
            629650.6065309723,
            5220137.250426588
          ],
          [
            629651.2312462701,
            5220136.414217488
          ],
          [
            629652.2909552816,
            5220134.856191386
          ],
          [
            629652.5018865096,
            5220133.808162025
          ],
          [
            629652.7128177375,
            5220132.760132665
          ],
          [
            629652.9237489655,
            5220131.712103305
          ],
          [
            629653.1346801934,
            5220130.664073945
          ],
          [
            629653.3456114214,
            5220129.616044585
          ],
          [
            629653.5565426494,
            5220128.568015224
          ],
          [
            629653.7674738773,
            5220127.519985864
          ],
          [
            629653.9784051053,
            5220126.471956504
          ],
          [
            629654.1893363332,
            5220125.423927143
          ],
          [
            629654.4002675612,
            5220124.375897784
          ],
          [
            629654.6111987891,
            5220123.327868423
          ],
          [
            629654.8221300172,
            5220122.279839063
          ],
          [
            629654.3953818128,
            5220121.334536477
          ],
          [
            629653.9686336085,
            5220120.389233891
          ],
          [
            629653.5418854043,
            5220119.443931305
          ],
          [
            629653.1151372,
            5220118.498628719
          ],
          [
            629652.6883889957,
            5220117.553326134
          ],
          [
            629652.2616407914,
            5220116.608023548
          ],
          [
            629651.8348925872,
            5220115.6627209615
          ],
          [
            629651.4081443829,
            5220114.717418375
          ],
          [
            629650.9813961786,
            5220113.772115789
          ],
          [
            629650.5546479744,
            5220112.826813203
          ],
          [
            629650.1278997702,
            5220111.881510617
          ],
          [
            629649.7011515659,
            5220110.936208031
          ],
          [
            629649.2744033616,
            5220109.990905445
          ],
          [
            629648.8476551573,
            5220109.045602859
          ],
          [
            629648.420906953,
            5220108.100300273
          ],
          [
            629647.9941587488,
            5220107.154997688
          ],
          [
            629647.5674105445,
            5220106.209695102
          ],
          [
            629647.1406623402,
            5220105.264392516
          ],
          [
            629646.7139141359,
            5220104.31908993
          ],
          [
            629646.2871659314,
            5220103.3737873435
          ],
          [
            629645.2987264924,
            5220103.192541763
          ],
          [
            629644.3102870532,
            5220103.011296182
          ],
          [
            629643.284761847,
            5220102.801226789
          ],
          [
            629642.3334081748,
            5220102.648805021
          ],
          [
            629641.3449687356,
            5220102.46755944
          ],
          [
            629640.3381594839,
            5220102.272036468
          ],
          [
            629639.3680898572,
            5220102.105068279
          ],
          [
            629638.379650418,
            5220101.923822698
          ],
          [
            629637.3912109787,
            5220101.742577118
          ],
          [
            629636.7757098402,
            5220102.534503294
          ],
          [
            629636.1602087019,
            5220103.3264294695
          ],
          [
            629635.5447075634,
            5220104.118355646
          ],
          [
            629634.9292064249,
            5220104.910281822
          ],
          [
            629634.3137052865,
            5220105.702207997
          ],
          [
            629633.698204148,
            5220106.494134174
          ],
          [
            629633.0827030096,
            5220107.286060349
          ],
          [
            629632.4672018711,
            5220108.077986525
          ],
          [
            629631.8517007326,
            5220108.869912702
          ],
          [
            629631.2361995941,
            5220109.661838877
          ],
          [
            629630.6206984557,
            5220110.453765053
          ],
          [
            629630.0051973173,
            5220111.245691229
          ],
          [
            629629.3896961787,
            5220112.037617405
          ],
          [
            629628.7741950403,
            5220112.829543581
          ],
          [
            629628.158693902,
            5220113.621469757
          ],
          [
            629627.5431927633,
            5220114.413395933
          ],
          [
            629626.927691625,
            5220115.205322109
          ],
          [
            629626.3121904866,
            5220115.9972482845
          ],
          [
            629625.696689348,
            5220116.789174461
          ],
          [
            629625.0811882096,
            5220117.581100637
          ],
          [
            629624.4656870711,
            5220118.373026812
          ],
          [
            629623.8501859326,
            5220119.164952989
          ],
          [
            629623.2346847943,
            5220119.956879164
          ],
          [
            629622.6191836557,
            5220120.74880534
          ],
          [
            629622.0041878978,
            5220121.546175849
          ],
          [
            629621.3891921398,
            5220122.343546357
          ],
          [
            629620.7741963819,
            5220123.140916866
          ],
          [
            629620.159200624,
            5220123.938287375
          ],
          [
            629619.544204866,
            5220124.735657883
          ],
          [
            629618.9292091081,
            5220125.533028391
          ],
          [
            629618.3142133502,
            5220126.3303989
          ],
          [
            629617.6992175922,
            5220127.127769409
          ],
          [
            629617.0842218343,
            5220127.925139917
          ],
          [
            629616.4692260764,
            5220128.722510425
          ],
          [
            629615.8542303185,
            5220129.519880934
          ],
          [
            629615.2392345605,
            5220130.317251443
          ],
          [
            629614.6242388026,
            5220131.114621951
          ],
          [
            629614.0092430447,
            5220131.91199246
          ],
          [
            629613.3942472867,
            5220132.709362968
          ],
          [
            629612.7792515288,
            5220133.506733477
          ],
          [
            629612.1642557709,
            5220134.304103985
          ],
          [
            629611.549260013,
            5220135.101474494
          ],
          [
            629610.9342642551,
            5220135.898845002
          ],
          [
            629610.3192684972,
            5220136.69621551
          ],
          [
            629609.7042727392,
            5220137.49358602
          ],
          [
            629609.0892769813,
            5220138.290956528
          ],
          [
            629608.4742812234,
            5220139.088327036
          ],
          [
            629607.8592854654,
            5220139.885697545
          ],
          [
            629607.2442897075,
            5220140.683068054
          ],
          [
            629606.6292939496,
            5220141.480438562
          ],
          [
            629606.0142981916,
            5220142.27780907
          ],
          [
            629605.3993024337,
            5220143.075179579
          ],
          [
            629604.7843066758,
            5220143.872550087
          ],
          [
            629604.1693109178,
            5220144.669920596
          ],
          [
            629603.5543151599,
            5220145.467291105
          ],
          [
            629602.939319402,
            5220146.264661613
          ],
          [
            629602.324323644,
            5220147.062032121
          ],
          [
            629601.7093278861,
            5220147.8594026305
          ],
          [
            629601.0943321282,
            5220148.656773139
          ],
          [
            629600.4793363702,
            5220149.454143647
          ],
          [
            629599.5084381355,
            5220149.999548988
          ],
          [
            629598.5375399007,
            5220150.544954331
          ],
          [
            629597.566641666,
            5220151.090359673
          ],
          [
            629596.5957434311,
            5220151.635765014
          ],
          [
            629595.6248451964,
            5220152.1811703555
          ],
          [
            629594.6539469616,
            5220152.726575698
          ],
          [
            629593.9372932444,
            5220153.463338769
          ],
          [
            629593.2206395273,
            5220154.200101841
          ],
          [
            629592.5039858101,
            5220154.9368649125
          ],
          [
            629591.787332093,
            5220155.673627984
          ],
          [
            629591.0706783758,
            5220156.410391056
          ],
          [
            629590.3540246586,
            5220157.147154127
          ],
          [
            629589.6373709415,
            5220157.8839171985
          ],
          [
            629588.9207172242,
            5220158.620680271
          ],
          [
            629588.2040635071,
            5220159.357443342
          ],
          [
            629587.4874097899,
            5220160.094206413
          ],
          [
            629586.7707560727,
            5220160.830969485
          ],
          [
            629586.0541023556,
            5220161.567732557
          ],
          [
            629585.3374486384,
            5220162.304495629
          ],
          [
            629584.6207949213,
            5220163.0412587
          ],
          [
            629583.9041412041,
            5220163.778021771
          ],
          [
            629583.1874874869,
            5220164.514784844
          ],
          [
            629582.4708337698,
            5220165.251547915
          ],
          [
            629581.7541800526,
            5220165.988310986
          ],
          [
            629581.0375263355,
            5220166.725074058
          ],
          [
            629580.3208726182,
            5220167.46183713
          ],
          [
            629580.693512036,
            5220168.427741926
          ],
          [
            629581.0661514539,
            5220169.393646722
          ],
          [
            629581.4387908718,
            5220170.359551517
          ],
          [
            629581.8114302895,
            5220171.325456314
          ],
          [
            629582.1840697073,
            5220172.29136111
          ],
          [
            629582.5567091252,
            5220173.257265906
          ],
          [
            629581.626207601,
            5220172.845737401
          ],
          [
            629580.6957060768,
            5220172.434208897
          ],
          [
            629579.7652045527,
            5220172.022680393
          ],
          [
            629578.8347030286,
            5220171.611151889
          ],
          [
            629577.9042015043,
            5220171.1996233845
          ],
          [
            629576.9736999802,
            5220170.78809488
          ],
          [
            629576.043198456,
            5220170.376566377
          ],
          [
            629575.1126969318,
            5220169.965037872
          ],
          [
            629574.1821954077,
            5220169.553509368
          ],
          [
            629573.2516938834,
            5220169.141980863
          ],
          [
            629572.3211923593,
            5220168.730452359
          ],
          [
            629571.3906908352,
            5220168.318923855
          ],
          [
            629570.460189311,
            5220167.907395351
          ],
          [
            629569.5296877868,
            5220167.495866846
          ],
          [
            629568.5991862627,
            5220167.084338342
          ],
          [
            629567.6686847385,
            5220166.672809837
          ],
          [
            629566.7381832143,
            5220166.261281334
          ],
          [
            629565.8076816902,
            5220165.849752829
          ],
          [
            629564.877180166,
            5220165.438224325
          ],
          [
            629563.9466786418,
            5220165.0266958205
          ],
          [
            629563.0161771176,
            5220164.615167316
          ],
          [
            629562.0856755935,
            5220164.2036388125
          ],
          [
            629561.1551740693,
            5220163.792110308
          ],
          [
            629560.2246725451,
            5220163.380581804
          ],
          [
            629559.294171021,
            5220162.969053299
          ],
          [
            629558.3636694968,
            5220162.557524796
          ],
          [
            629557.4331679726,
            5220162.145996291
          ],
          [
            629556.5026664485,
            5220161.734467787
          ],
          [
            629557.0963654066,
            5220162.7078611385
          ],
          [
            629557.6900643647,
            5220163.681254491
          ],
          [
            629558.2837633227,
            5220164.654647844
          ],
          [
            629558.8774622809,
            5220165.628041196
          ],
          [
            629559.471161239,
            5220166.601434547
          ],
          [
            629560.064860197,
            5220167.5748279
          ],
          [
            629559.3847880455,
            5220168.350769127
          ],
          [
            629558.704715894,
            5220169.1267103525
          ],
          [
            629558.0246437424,
            5220169.902651579
          ],
          [
            629557.3445715908,
            5220170.678592805
          ],
          [
            629556.6644994392,
            5220171.454534031
          ],
          [
            629555.9844272876,
            5220172.230475257
          ],
          [
            629555.3043551359,
            5220173.006416484
          ],
          [
            629554.6242829843,
            5220173.7823577095
          ],
          [
            629553.9442108327,
            5220174.558298936
          ],
          [
            629553.2641386811,
            5220175.334240162
          ],
          [
            629552.5840665295,
            5220176.110181388
          ],
          [
            629551.9039943779,
            5220176.886122614
          ],
          [
            629551.2239222263,
            5220177.662063841
          ],
          [
            629550.5438500748,
            5220178.438005067
          ],
          [
            629549.8637779232,
            5220179.213946293
          ],
          [
            629549.1837057716,
            5220179.98988752
          ],
          [
            629548.50363362,
            5220180.765828745
          ],
          [
            629547.8235614684,
            5220181.541769972
          ],
          [
            629547.1434893168,
            5220182.317711198
          ],
          [
            629546.4634171652,
            5220183.093652424
          ],
          [
            629545.7833450136,
            5220183.86959365
          ],
          [
            629545.1032728619,
            5220184.645534877
          ],
          [
            629544.4232007103,
            5220185.421476102
          ],
          [
            629543.7431285587,
            5220186.197417329
          ],
          [
            629543.0630564071,
            5220186.973358555
          ],
          [
            629542.3829842556,
            5220187.749299781
          ],
          [
            629541.702912104,
            5220188.525241007
          ],
          [
            629541.0228399524,
            5220189.301182234
          ],
          [
            629540.5488895108,
            5220190.184012272
          ],
          [
            629540.0749390692,
            5220191.066842311
          ],
          [
            629539.6009886276,
            5220191.94967235
          ],
          [
            629539.127038186,
            5220192.832502388
          ],
          [
            629538.6530877444,
            5220193.715332427
          ],
          [
            629538.1791373028,
            5220194.598162466
          ],
          [
            629537.7051868612,
            5220195.480992503
          ],
          [
            629537.2312364196,
            5220196.363822542
          ],
          [
            629536.7572859781,
            5220197.246652581
          ],
          [
            629536.2833355364,
            5220198.129482619
          ],
          [
            629535.8093850948,
            5220199.012312658
          ],
          [
            629535.3354346532,
            5220199.895142697
          ],
          [
            629534.8614842116,
            5220200.777972735
          ],
          [
            629534.3875337701,
            5220201.660802774
          ],
          [
            629533.9135833285,
            5220202.543632813
          ],
          [
            629533.4396328868,
            5220203.426462851
          ],
          [
            629532.9656824452,
            5220204.30929289
          ],
          [
            629532.4917320036,
            5220205.192122929
          ],
          [
            629532.017781562,
            5220206.0749529665
          ],
          [
            629531.5438311205,
            5220206.957783005
          ],
          [
            629531.0698806789,
            5220207.840613044
          ],
          [
            629530.5959302372,
            5220208.7234430825
          ],
          [
            629530.1219797956,
            5220209.606273121
          ],
          [
            629529.648029354,
            5220210.48910316
          ],
          [
            629529.1740789125,
            5220211.3719331985
          ],
          [
            629529.9111426942,
            5220210.684940507
          ],
          [
            629530.6482064759,
            5220209.997947815
          ],
          [
            629531.3852702576,
            5220209.310955123
          ],
          [
            629532.1223340394,
            5220208.623962431
          ],
          [
            629532.8593978211,
            5220207.936969739
          ],
          [
            629533.5964616028,
            5220207.249977048
          ],
          [
            629534.3335253845,
            5220206.562984356
          ],
          [
            629535.0705891663,
            5220205.875991664
          ],
          [
            629535.807652948,
            5220205.188998972
          ],
          [
            629536.5447167297,
            5220204.50200628
          ],
          [
            629537.2817805115,
            5220203.815013588
          ],
          [
            629538.0188442932,
            5220203.128020897
          ],
          [
            629538.7559080749,
            5220202.441028205
          ],
          [
            629539.4929718566,
            5220201.754035513
          ],
          [
            629540.1484801886,
            5220200.913270671
          ],
          [
            629540.8039885204,
            5220200.072505829
          ],
          [
            629541.4594968524,
            5220199.231740986
          ],
          [
            629542.1150051843,
            5220198.390976144
          ],
          [
            629542.7705135162,
            5220197.550211302
          ],
          [
            629543.4260218481,
            5220196.70944646
          ],
          [
            629544.0815301801,
            5220195.868681617
          ],
          [
            629544.7370385119,
            5220195.027916775
          ],
          [
            629545.3925468439,
            5220194.187151933
          ],
          [
            629545.6982573282,
            5220193.074892994
          ],
          [
            629546.0039678126,
            5220191.962634055
          ],
          [
            629546.309678297,
            5220190.850375116
          ],
          [
            629546.6153887813,
            5220189.738116176
          ],
          [
            629546.9210992657,
            5220188.625857237
          ],
          [
            629547.2268097503,
            5220187.513598298
          ],
          [
            629548.2220377944,
            5220187.285869619
          ],
          [
            629549.2172658388,
            5220187.058140939
          ],
          [
            629550.2124938831,
            5220186.83041226
          ],
          [
            629551.2219145015,
            5220186.612978864
          ],
          [
            629552.2029499718,
            5220186.374954902
          ],
          [
            629553.1981780161,
            5220186.147226222
          ],
          [
            629554.1934060605,
            5220185.919497543
          ],
          [
            629555.1886341048,
            5220185.691768863
          ],
          [
            629556.183862149,
            5220185.464040184
          ],
          [
            629557.1790901934,
            5220185.236311505
          ],
          [
            629558.1743182377,
            5220185.008582826
          ],
          [
            629559.169546282,
            5220184.780854146
          ],
          [
            629560.1647743264,
            5220184.553125467
          ],
          [
            629561.1600023707,
            5220184.325396787
          ],
          [
            629562.155230415,
            5220184.0976681085
          ],
          [
            629563.1504584594,
            5220183.869939429
          ],
          [
            629564.1456865035,
            5220183.64221075
          ],
          [
            629565.0047783571,
            5220182.548087186
          ],
          [
            629565.8673539716,
            5220181.456699028
          ],
          [
            629566.6788481794,
            5220182.259903917
          ],
          [
            629567.4903423871,
            5220183.0631088065
          ],
          [
            629568.3018365949,
            5220183.866313696
          ],
          [
            629569.1133308028,
            5220184.669518584
          ],
          [
            629569.9248250105,
            5220185.472723474
          ],
          [
            629570.7363192183,
            5220186.275928363
          ],
          [
            629570.0087888476,
            5220187.275505723
          ],
          [
            629569.2812584768,
            5220188.275083084
          ],
          [
            629568.553728106,
            5220189.274660445
          ],
          [
            629567.8261977353,
            5220190.274237805
          ],
          [
            629567.1400451208,
            5220191.1611388605
          ],
          [
            629566.4538925064,
            5220192.048039915
          ],
          [
            629565.7677398921,
            5220192.9349409705
          ],
          [
            629565.0815872777,
            5220193.821842026
          ],
          [
            629565.7677398921,
            5220192.9349409705
          ],
          [
            629566.4538925064,
            5220192.048039915
          ],
          [
            629567.1400451208,
            5220191.1611388605
          ],
          [
            629567.8261977353,
            5220190.274237805
          ],
          [
            629568.553728106,
            5220189.274660445
          ],
          [
            629569.2812584768,
            5220188.275083084
          ],
          [
            629570.0087888476,
            5220187.275505723
          ],
          [
            629570.7363192183,
            5220186.275928363
          ],
          [
            629569.9248250105,
            5220185.472723474
          ],
          [
            629569.1133308028,
            5220184.669518584
          ],
          [
            629568.3018365949,
            5220183.866313696
          ],
          [
            629567.4903423871,
            5220183.0631088065
          ],
          [
            629566.6788481794,
            5220182.259903917
          ],
          [
            629565.8673539716,
            5220181.456699028
          ],
          [
            629564.925964072,
            5220181.919274941
          ],
          [
            629563.9845741724,
            5220182.3818508545
          ],
          [
            629563.0431842727,
            5220182.844426768
          ],
          [
            629562.1017943731,
            5220183.30700268
          ],
          [
            629561.1604044735,
            5220183.769578594
          ],
          [
            629560.219014574,
            5220184.232154507
          ],
          [
            629559.2776246744,
            5220184.694730421
          ],
          [
            629558.3362347748,
            5220185.157306334
          ],
          [
            629557.3948448752,
            5220185.6198822465
          ],
          [
            629556.4534549755,
            5220186.08245816
          ],
          [
            629555.5120650759,
            5220186.545034073
          ],
          [
            629554.5706751763,
            5220187.007609987
          ],
          [
            629553.6292852768,
            5220187.4701859
          ],
          [
            629552.6878953772,
            5220187.9327618135
          ],
          [
            629551.7465054775,
            5220188.395337727
          ],
          [
            629550.8051155779,
            5220188.857913639
          ],
          [
            629549.8637256783,
            5220189.320489553
          ],
          [
            629548.9223357788,
            5220189.783065466
          ],
          [
            629548.9283579685,
            5220190.799200741
          ],
          [
            629548.9343801582,
            5220191.815336016
          ],
          [
            629548.940402348,
            5220192.83147129
          ],
          [
            629548.9464245377,
            5220193.847606565
          ],
          [
            629548.9524467274,
            5220194.86374184
          ],
          [
            629548.9584689172,
            5220195.879877115
          ],
          [
            629548.9644911069,
            5220196.89601239
          ],
          [
            629548.9705132967,
            5220197.912147664
          ],
          [
            629548.9765354864,
            5220198.928282939
          ],
          [
            629548.9825576762,
            5220199.944418214
          ],
          [
            629548.9885798659,
            5220200.960553489
          ],
          [
            629548.9946020556,
            5220201.976688763
          ],
          [
            629549.0006242454,
            5220202.9928240385
          ],
          [
            629549.0066464351,
            5220204.008959313
          ],
          [
            629549.0126686249,
            5220205.025094588
          ],
          [
            629549.0186908146,
            5220206.041229863
          ],
          [
            629549.0247130044,
            5220207.057365137
          ],
          [
            629549.0307351941,
            5220208.0735004125
          ],
          [
            629549.0367573838,
            5220209.089635687
          ],
          [
            629549.0427795736,
            5220210.105770961
          ],
          [
            629549.0488017633,
            5220211.121906237
          ],
          [
            629549.0548239531,
            5220212.138041511
          ],
          [
            629549.0608461428,
            5220213.154176787
          ],
          [
            629549.0668683326,
            5220214.170312061
          ],
          [
            629549.0728905223,
            5220215.186447335
          ],
          [
            629549.078912712,
            5220216.202582611
          ],
          [
            629549.0849349017,
            5220217.218717885
          ],
          [
            629549.0561404756,
            5220218.246109223
          ],
          [
            629549.0273460492,
            5220219.273500561
          ],
          [
            629548.998551623,
            5220220.300891899
          ],
          [
            629548.9697571966,
            5220221.328283237
          ],
          [
            629548.9409627704,
            5220222.355674575
          ],
          [
            629548.912168344,
            5220223.383065913
          ],
          [
            629548.8833739178,
            5220224.410457251
          ],
          [
            629549.15963009,
            5220225.443883759
          ],
          [
            629549.4358862622,
            5220226.477310267
          ],
          [
            629549.7121424344,
            5220227.510736776
          ],
          [
            629549.9883986067,
            5220228.544163285
          ],
          [
            629550.2646547788,
            5220229.577589793
          ],
          [
            629550.540910951,
            5220230.611016301
          ],
          [
            629550.8171671232,
            5220231.64444281
          ],
          [
            629551.0934232954,
            5220232.677869318
          ],
          [
            629550.3353936689,
            5220233.357182426
          ],
          [
            629549.5773640422,
            5220234.036495536
          ],
          [
            629548.8193344156,
            5220234.715808644
          ],
          [
            629548.0613047889,
            5220235.395121753
          ],
          [
            629547.3032751624,
            5220236.074434862
          ],
          [
            629546.5452455357,
            5220236.753747971
          ],
          [
            629545.7872159091,
            5220237.433061079
          ],
          [
            629544.75777593,
            5220237.774289387
          ],
          [
            629543.728335951,
            5220238.115517695
          ],
          [
            629542.6988959719,
            5220238.456746004
          ],
          [
            629541.6694559929,
            5220238.797974312
          ],
          [
            629540.6400160138,
            5220239.139202621
          ],
          [
            629539.6105760348,
            5220239.480430929
          ],
          [
            629538.5811360556,
            5220239.821659237
          ],
          [
            629537.5516960766,
            5220240.162887545
          ],
          [
            629536.5222560975,
            5220240.504115853
          ],
          [
            629537.0393960263,
            5220239.600893092
          ],
          [
            629537.556535955,
            5220238.697670332
          ],
          [
            629538.0736758838,
            5220237.794447571
          ],
          [
            629538.5908158125,
            5220236.891224811
          ],
          [
            629539.1079557412,
            5220235.98800205
          ],
          [
            629539.62509567,
            5220235.08477929
          ],
          [
            629540.1422355988,
            5220234.181556528
          ],
          [
            629540.7481553336,
            5220233.3516986575
          ],
          [
            629541.3540750683,
            5220232.521840787
          ],
          [
            629541.9599948031,
            5220231.691982916
          ],
          [
            629542.5659145378,
            5220230.862125044
          ],
          [
            629543.1718342726,
            5220230.032267173
          ],
          [
            629543.7777540074,
            5220229.202409302
          ],
          [
            629544.3836737421,
            5220228.372551431
          ],
          [
            629544.9895934769,
            5220227.54269356
          ],
          [
            629545.5955132117,
            5220226.712835688
          ],
          [
            629546.2014329465,
            5220225.882977817
          ],
          [
            629546.8073526811,
            5220225.053119946
          ],
          [
            629547.4132724159,
            5220224.223262075
          ],
          [
            629547.5062730912,
            5220223.216886103
          ],
          [
            629547.5992737665,
            5220222.210510131
          ],
          [
            629547.6922744417,
            5220221.204134159
          ],
          [
            629547.785275117,
            5220220.197758187
          ],
          [
            629547.8782757923,
            5220219.191382214
          ],
          [
            629547.9712764677,
            5220218.185006242
          ],
          [
            629548.064277143,
            5220217.17863027
          ],
          [
            629548.1572778182,
            5220216.172254298
          ],
          [
            629548.2502784935,
            5220215.165878326
          ],
          [
            629548.3432791688,
            5220214.1595023535
          ],
          [
            629548.4362798441,
            5220213.15312638
          ],
          [
            629548.5292805195,
            5220212.146750408
          ],
          [
            629548.6222811948,
            5220211.140374436
          ],
          [
            629548.71528187,
            5220210.133998464
          ],
          [
            629548.8082825453,
            5220209.127622492
          ],
          [
            629548.9012832206,
            5220208.1212465195
          ],
          [
            629548.9942838959,
            5220207.114870547
          ],
          [
            629549.0872845713,
            5220206.108494575
          ],
          [
            629549.1802852465,
            5220205.102118603
          ],
          [
            629549.2732859218,
            5220204.095742631
          ],
          [
            629549.366286597,
            5220203.089366659
          ],
          [
            629548.4270260192,
            5220203.490515459
          ],
          [
            629547.4877654413,
            5220203.89166426
          ],
          [
            629546.5485048634,
            5220204.292813061
          ],
          [
            629545.6092442855,
            5220204.693961862
          ],
          [
            629544.6699837076,
            5220205.095110662
          ],
          [
            629543.7307231298,
            5220205.496259463
          ],
          [
            629542.7914625519,
            5220205.897408264
          ],
          [
            629541.852201974,
            5220206.2985570645
          ],
          [
            629540.9129413961,
            5220206.699705865
          ],
          [
            629539.9736808182,
            5220207.100854666
          ],
          [
            629539.0344202403,
            5220207.502003467
          ],
          [
            629538.0951596624,
            5220207.9031522665
          ],
          [
            629537.1558990845,
            5220208.304301067
          ],
          [
            629536.2166385066,
            5220208.705449868
          ],
          [
            629535.2773779287,
            5220209.106598669
          ],
          [
            629534.3381173508,
            5220209.5077474695
          ],
          [
            629533.398856773,
            5220209.90889627
          ],
          [
            629532.4595961951,
            5220210.310045071
          ],
          [
            629531.5203356172,
            5220210.711193872
          ],
          [
            629530.5810750393,
            5220211.112342672
          ],
          [
            629529.6418144614,
            5220211.513491473
          ],
          [
            629528.7025538835,
            5220211.914640274
          ],
          [
            629528.031052957,
            5220212.690832901
          ],
          [
            629527.3595520305,
            5220213.467025528
          ],
          [
            629526.688051104,
            5220214.243218154
          ],
          [
            629526.0165501775,
            5220215.019410781
          ],
          [
            629525.3450492509,
            5220215.795603408
          ],
          [
            629524.6735483244,
            5220216.571796034
          ],
          [
            629524.0020473979,
            5220217.347988661
          ],
          [
            629523.3305464714,
            5220218.124181287
          ],
          [
            629522.6590455448,
            5220218.900373914
          ],
          [
            629521.9875446183,
            5220219.676566541
          ],
          [
            629521.3160436918,
            5220220.452759168
          ],
          [
            629520.6445427652,
            5220221.228951795
          ],
          [
            629519.9730418387,
            5220222.005144421
          ],
          [
            629519.3015409122,
            5220222.781337048
          ],
          [
            629518.6300399858,
            5220223.557529675
          ],
          [
            629517.9585390592,
            5220224.333722302
          ],
          [
            629517.2870381327,
            5220225.109914929
          ],
          [
            629516.6155372062,
            5220225.886107555
          ],
          [
            629515.9440362796,
            5220226.662300182
          ],
          [
            629515.2725353531,
            5220227.4384928085
          ],
          [
            629514.6010344266,
            5220228.214685435
          ],
          [
            629513.9295335,
            5220228.990878062
          ],
          [
            629513.2580325735,
            5220229.767070688
          ],
          [
            629512.586531647,
            5220230.543263315
          ],
          [
            629511.9150307204,
            5220231.319455942
          ],
          [
            629511.2435297939,
            5220232.095648569
          ],
          [
            629510.5720288674,
            5220232.871841196
          ],
          [
            629509.900527941,
            5220233.648033822
          ],
          [
            629509.2290270143,
            5220234.424226449
          ],
          [
            629508.5575260881,
            5220235.200419076
          ],
          [
            629508.4979196083,
            5220236.2751981
          ],
          [
            629508.4383131287,
            5220237.349977124
          ],
          [
            629508.3787066491,
            5220238.424756147
          ],
          [
            629508.3191001695,
            5220239.499535171
          ],
          [
            629508.2594936899,
            5220240.574314196
          ],
          [
            629508.1998872103,
            5220241.649093219
          ],
          [
            629507.8110108536,
            5220242.660305084
          ],
          [
            629507.4221344969,
            5220243.671516948
          ],
          [
            629507.0332581402,
            5220244.682728813
          ],
          [
            629506.6443817834,
            5220245.693940678
          ],
          [
            629506.2555054268,
            5220246.705152541
          ],
          [
            629505.86662907,
            5220247.716364406
          ],
          [
            629505.4777527134,
            5220248.727576271
          ],
          [
            629505.0888763566,
            5220249.738788135
          ],
          [
            629504.7,
            5220250.75
          ]
        ]
      }
    }
  ]
}